Another main_fetch.py job is already running. Exiting.
2026-06-11 16:30:09 - Starting main_fetch.py job
EBAY_US: page 1
EBAY_US: fetched 200 items
EBAY_AU: page 1
EBAY_AU: fetched 200 items
EBAY_GB: page 1
EBAY_GB: fetched 200 items
EBAY_DE: page 1
EBAY_DE: fetched 200 items
Inserted 800 into temp db.
Fetched and saved 800 summaries
Finished main_fetch.py job
2026-06-11 20:30:15 - Starting main_fetch.py job
EBAY_US: page 1
EBAY_US: fetched 200 items
EBAY_AU: page 1
EBAY_AU: fetched 200 items
EBAY_GB: page 1
EBAY_GB: fetched 200 items
EBAY_DE: page 1
EBAY_DE: fetched 200 items
Inserted 611 into temp db.
Fetched and saved 800 summaries
Finished main_fetch.py job
2026-06-12 00:30:18 - Starting main_fetch.py job
EBAY_US: page 1
EBAY_US: fetched 200 items
EBAY_AU: page 1
EBAY_AU: fetched 200 items
EBAY_GB: page 1
EBAY_GB: fetched 200 items
EBAY_DE: page 1
EBAY_DE: fetched 200 items
Inserted 704 into temp db.
Fetched and saved 800 summaries
Finished main_fetch.py job
2026-06-12 04:30:23 - Starting main_fetch.py job
EBAY_US: page 1
EBAY_US: fetched 200 items
EBAY_AU: page 1
EBAY_AU: fetched 200 items
EBAY_GB: page 1
EBAY_GB: fetched 200 items
EBAY_DE: page 1
EBAY_DE: fetched 200 items
Inserted 453 into temp db.
Fetched and saved 800 summaries
Finished main_fetch.py job
2026-06-12 08:30:27 - Starting main_fetch.py job
EBAY_US: page 1
EBAY_US: fetched 200 items
EBAY_AU: page 1
EBAY_AU: fetched 200 items
EBAY_GB: page 1
EBAY_GB: fetched 200 items
EBAY_DE: page 1
EBAY_DE: fetched 200 items
Inserted 783 into temp db.
Fetched and saved 800 summaries
Finished main_fetch.py job
2026-06-12 12:30:31 - Starting main_fetch.py job
EBAY_US: page 1
EBAY_US: fetched 200 items
EBAY_AU: page 1
EBAY_AU: fetched 200 items
EBAY_GB: page 1
EBAY_GB: fetched 200 items
EBAY_DE: page 1
EBAY_DE: fetched 200 items
Inserted 750 into temp db.
Fetched and saved 800 summaries
Finished main_fetch.py job
2026-06-12 16:30:36 - Starting main_fetch.py job
EBAY_US: page 1
EBAY_US: fetched 200 items
EBAY_AU: page 1
EBAY_AU: fetched 200 items
EBAY_GB: page 1
EBAY_GB: fetched 200 items
EBAY_DE: page 1
EBAY_DE: fetched 200 items
Inserted 666 into temp db.
Fetched and saved 800 summaries
Finished main_fetch.py job
2026-06-12 20:30:41 - Starting main_fetch.py job
EBAY_US: page 1
EBAY_US: fetched 200 items
EBAY_AU: page 1
EBAY_AU: fetched 200 items
EBAY_GB: page 1
EBAY_GB: fetched 200 items
EBAY_DE: page 1
EBAY_DE: fetched 200 items
Inserted 619 into temp db.
Fetched and saved 800 summaries
Finished main_fetch.py job
2026-06-13 00:30:46 - Starting main_fetch.py job
EBAY_US: page 1
EBAY_US: fetched 200 items
EBAY_AU: page 1
EBAY_AU: fetched 200 items
EBAY_GB: page 1
EBAY_GB: fetched 200 items
EBAY_DE: page 1
EBAY_DE: fetched 200 items
Inserted 642 into temp db.
Fetched and saved 800 summaries
Finished main_fetch.py job
2026-06-13 04:30:50 - Starting main_fetch.py job
EBAY_US: page 1
EBAY_US: fetched 200 items
EBAY_AU: page 1
EBAY_AU: fetched 200 items
EBAY_GB: page 1
EBAY_GB: fetched 200 items
EBAY_DE: page 1
EBAY_DE: fetched 200 items
Inserted 476 into temp db.
Fetched and saved 800 summaries
Finished main_fetch.py job
2026-06-13 08:30:55 - Starting main_fetch.py job
EBAY_US: page 1
EBAY_US: fetched 200 items
EBAY_AU: page 1
EBAY_AU: fetched 200 items
EBAY_GB: page 1
EBAY_GB: fetched 200 items
EBAY_DE: page 1
EBAY_DE: fetched 200 items
Inserted 797 into temp db.
Fetched and saved 800 summaries
Finished main_fetch.py job
2026-06-13 12:30:59 - Starting main_fetch.py job
EBAY_US: page 1
EBAY_US: fetched 200 items
EBAY_AU: page 1
EBAY_AU: fetched 200 items
EBAY_GB: page 1
EBAY_GB: fetched 200 items
EBAY_DE: page 1
EBAY_DE: fetched 200 items
Inserted 754 into temp db.
Fetched and saved 800 summaries
Finished main_fetch.py job
2026-06-13 16:31:05 - Starting main_fetch.py job
EBAY_US: page 1
EBAY_US: fetched 200 items
EBAY_AU: page 1
EBAY_AU: fetched 200 items
EBAY_GB: page 1
EBAY_GB: fetched 200 items
EBAY_DE: page 1
EBAY_DE: fetched 200 items
Inserted 685 into temp db.
Fetched and saved 800 summaries
Finished main_fetch.py job
2026-06-13 20:31:10 - Starting main_fetch.py job
EBAY_US: page 1
EBAY_US: fetched 200 items
EBAY_AU: page 1
EBAY_AU: fetched 200 items
EBAY_GB: page 1
EBAY_GB: fetched 200 items
EBAY_DE: page 1
EBAY_DE: fetched 200 items
Inserted 616 into temp db.
Fetched and saved 800 summaries
Finished main_fetch.py job
2026-06-14 00:31:14 - Starting main_fetch.py job
EBAY_US: page 1
EBAY_US: fetched 200 items
EBAY_AU: page 1
EBAY_AU: fetched 200 items
EBAY_GB: page 1
EBAY_GB: fetched 200 items
EBAY_DE: page 1
EBAY_DE: fetched 200 items
Inserted 704 into temp db.
Fetched and saved 800 summaries
Finished main_fetch.py job
2026-06-14 04:31:20 - Starting main_fetch.py job
EBAY_US: page 1
EBAY_US: fetched 200 items
EBAY_AU: page 1
EBAY_AU: fetched 200 items
EBAY_GB: page 1
EBAY_GB: fetched 200 items
EBAY_DE: page 1
EBAY_DE: fetched 200 items
Inserted 493 into temp db.
Fetched and saved 800 summaries
Finished main_fetch.py job
2026-06-14 08:30:03 - Starting main_fetch.py job
EBAY_US: page 1
EBAY_US: fetched 200 items
EBAY_AU: page 1
EBAY_AU: fetched 200 items
EBAY_GB: page 1
EBAY_GB: fetched 200 items
EBAY_DE: page 1
EBAY_DE: fetched 200 items
Inserted 800 into temp db.
Fetched and saved 800 summaries
Listings needing history rows (before update): 2
History rows inserted: 2
History rows inserted: None
Marked 0 listings as sold.
Marked 0 listings as ended.
Finished main_fetch.py job
2026-06-14 12:30:03 - Starting main_fetch.py job
EBAY_US: page 1
EBAY_US: fetched 200 items
EBAY_AU: page 1
EBAY_AU: fetched 200 items
EBAY_GB: page 1
EBAY_GB: fetched 200 items
EBAY_DE: page 1
EBAY_DE: fetched 200 items
Inserted 800 into temp db.
Fetched and saved 800 summaries
Listings needing history rows (before update): 800
History rows inserted: 800
History rows inserted: None
Marked 0 listings as sold.
Marked 11674 listings as ended.
Finished main_fetch.py job
2026-06-14 16:30:02 - Starting main_fetch.py job
EBAY_US: page 1
EBAY_US: fetched 200 items
EBAY_AU: page 1
EBAY_AU: fetched 200 items
EBAY_GB: page 1
EBAY_GB: fetched 200 items
EBAY_DE: page 1
EBAY_DE: fetched 200 items
Inserted 800 into temp db.
Fetched and saved 800 summaries
Listings needing history rows (before update): 669
History rows inserted: 669
History rows inserted: None
Marked 0 listings as sold.
Marked 6 listings as ended.
Finished main_fetch.py job
2026-06-14 20:30:04 - Starting main_fetch.py job
EBAY_US: page 1
EBAY_US: fetched 200 items
EBAY_AU: page 1
EBAY_AU: fetched 200 items
EBAY_GB: page 1
EBAY_GB: fetched 200 items
EBAY_DE: page 1
EBAY_DE: fetched 200 items
Inserted 800 into temp db.
Fetched and saved 800 summaries
Listings needing history rows (before update): 635
History rows inserted: 636
History rows inserted: None
Marked 0 listings as sold.
Marked 800 listings as ended.
Finished main_fetch.py job
2026-06-15 00:30:03 - Starting main_fetch.py job
EBAY_US: page 1
EBAY_US: fetched 200 items
EBAY_AU: page 1
EBAY_AU: fetched 200 items
EBAY_GB: page 1
EBAY_GB: fetched 200 items
EBAY_DE: page 1
EBAY_DE: fetched 200 items
Inserted 800 into temp db.
Fetched and saved 800 summaries
Listings needing history rows (before update): 729
History rows inserted: 729
History rows inserted: None
Marked 0 listings as sold.
Marked 669 listings as ended.
Finished main_fetch.py job
2026-06-15 04:30:02 - Starting main_fetch.py job
EBAY_US: page 1
EBAY_US: fetched 200 items
EBAY_AU: page 1
EBAY_AU: fetched 200 items
EBAY_GB: page 1
EBAY_GB: fetched 200 items
EBAY_DE: page 1
EBAY_DE: fetched 200 items
Inserted 800 into temp db.
Fetched and saved 800 summaries
Listings needing history rows (before update): 483
History rows inserted: 488
History rows inserted: None
Marked 0 listings as sold.
Marked 635 listings as ended.
Finished main_fetch.py job
2026-06-15 08:30:03 - Starting main_fetch.py job
EBAY_US: page 1
EBAY_US: fetched 200 items
EBAY_AU: page 1
EBAY_AU: fetched 200 items
EBAY_GB: page 1
EBAY_GB: fetched 200 items
EBAY_DE: page 1
EBAY_DE: fetched 200 items
Inserted 800 into temp db.
Fetched and saved 800 summaries
Listings needing history rows (before update): 800
History rows inserted: 800
History rows inserted: None
Marked 0 listings as sold.
Marked 729 listings as ended.
Finished main_fetch.py job
2026-06-15 12:30:03 - Starting main_fetch.py job
EBAY_US: page 1
EBAY_US: fetched 200 items
EBAY_AU: page 1
EBAY_AU: fetched 200 items
EBAY_GB: page 1
EBAY_GB: fetched 200 items
EBAY_DE: page 1
EBAY_DE: fetched 200 items
Inserted 800 into temp db.
Fetched and saved 800 summaries
Listings needing history rows (before update): 800
History rows inserted: 800
History rows inserted: None
Marked 0 listings as sold.
Marked 483 listings as ended.
Finished main_fetch.py job
2026-06-15 16:30:03 - Starting main_fetch.py job
EBAY_US: page 1
EBAY_US: fetched 200 items
EBAY_AU: page 1
EBAY_AU: fetched 200 items
EBAY_GB: page 1
EBAY_GB: fetched 200 items
EBAY_DE: page 1
EBAY_DE: fetched 200 items
Inserted 800 into temp db.
Fetched and saved 800 summaries
Listings needing history rows (before update): 724
History rows inserted: 724
History rows inserted: None
Marked 0 listings as sold.
Marked 800 listings as ended.
Finished main_fetch.py job
2026-06-15 20:30:03 - Starting main_fetch.py job
EBAY_US: page 1
EBAY_US: fetched 200 items
EBAY_AU: page 1
EBAY_AU: fetched 200 items
EBAY_GB: page 1
EBAY_GB: fetched 200 items
EBAY_DE: page 1
EBAY_DE: fetched 200 items
Inserted 800 into temp db.
Fetched and saved 800 summaries
Listings needing history rows (before update): 626
History rows inserted: 626
History rows inserted: None
Marked 0 listings as sold.
Marked 800 listings as ended.
Finished main_fetch.py job
2026-06-16 00:30:02 - Starting main_fetch.py job
EBAY_US: page 1
EBAY_US: fetched 200 items
EBAY_AU: page 1
EBAY_AU: fetched 200 items
EBAY_GB: page 1
EBAY_GB: fetched 200 items
EBAY_DE: page 1
EBAY_DE: fetched 200 items
Inserted 800 into temp db.
Fetched and saved 800 summaries
Listings needing history rows (before update): 717
History rows inserted: 717
History rows inserted: None
Marked 0 listings as sold.
Marked 724 listings as ended.
Finished main_fetch.py job
2026-06-16 04:30:04 - Starting main_fetch.py job
EBAY_US: page 1
EBAY_US: fetched 200 items
EBAY_AU: page 1
EBAY_AU: fetched 200 items
EBAY_GB: page 1
EBAY_GB: fetched 200 items
EBAY_DE: page 1
EBAY_DE: fetched 200 items
Inserted 800 into temp db.
Fetched and saved 800 summaries
Listings needing history rows (before update): 514
History rows inserted: 514
History rows inserted: None
Marked 0 listings as sold.
Marked 626 listings as ended.
Finished main_fetch.py job
2026-06-16 08:30:04 - Starting main_fetch.py job
EBAY_US: page 1
EBAY_US: page 2
EBAY_US: fetched 400 items
EBAY_AU: page 1
EBAY_AU: page 2
EBAY_AU: fetched 400 items
EBAY_GB: page 1
EBAY_GB: page 2
EBAY_GB: fetched 400 items
EBAY_DE: page 1
EBAY_DE: page 2
EBAY_DE: fetched 400 items
Inserted 1600 into temp db.
Fetched and saved 1600 summaries
Listings needing history rows (before update): 1133
History rows inserted: 1142
History rows inserted: None
Marked 0 listings as sold.
Marked 717 listings as ended.
Finished main_fetch.py job
2026-06-16 12:30:03 - Starting main_fetch.py job
EBAY_US: page 1
EBAY_US: page 2
EBAY_US: fetched 400 items
EBAY_AU: page 1
EBAY_AU: page 2
EBAY_AU: fetched 400 items
EBAY_GB: page 1
EBAY_GB: page 2
EBAY_GB: fetched 400 items
EBAY_DE: page 1
EBAY_DE: page 2
EBAY_DE: fetched 400 items
Inserted 1596 into temp db.
Fetched and saved 1596 summaries
Listings needing history rows (before update): 1497
History rows inserted: 1497
History rows inserted: None
Marked 0 listings as sold.
Marked 514 listings as ended.
Finished main_fetch.py job
2026-06-16 16:30:03 - Starting main_fetch.py job
EBAY_US: page 1
EBAY_US: page 2
EBAY_US: fetched 400 items
EBAY_AU: page 1
EBAY_AU: page 2
EBAY_AU: fetched 400 items
EBAY_GB: page 1
EBAY_GB: page 2
EBAY_GB: fetched 400 items
EBAY_DE: page 1
EBAY_DE: page 2
EBAY_DE: fetched 400 items
Inserted 1595 into temp db.
Fetched and saved 1595 summaries
Listings needing history rows (before update): 1287
History rows inserted: 1287
History rows inserted: None
Marked 0 listings as sold.
Marked 333 listings as ended.
Finished main_fetch.py job
2026-06-16 20:30:03 - Starting main_fetch.py job
EBAY_US: page 1
EBAY_US: page 2
EBAY_US: fetched 400 items
EBAY_AU: page 1
EBAY_AU: page 2
EBAY_AU: fetched 400 items
EBAY_GB: page 1
EBAY_GB: page 2
EBAY_GB: fetched 400 items
EBAY_DE: page 1
EBAY_DE: page 2
EBAY_DE: fetched 400 items
Inserted 1595 into temp db.
Fetched and saved 1595 summaries
Listings needing history rows (before update): 1211
History rows inserted: 1211
History rows inserted: None
Marked 0 listings as sold.
Marked 1501 listings as ended.
Finished main_fetch.py job
2026-06-17 00:30:03 - Starting main_fetch.py job
EBAY_US: page 1
EBAY_US: page 2
EBAY_US: fetched 400 items
EBAY_AU: page 1
EBAY_AU: page 2
EBAY_AU: fetched 400 items
EBAY_GB: page 1
EBAY_GB: page 2
EBAY_GB: fetched 400 items
EBAY_DE: page 1
EBAY_DE: page 2
EBAY_DE: fetched 400 items
Inserted 1600 into temp db.
Fetched and saved 1600 summaries
Listings needing history rows (before update): 980
History rows inserted: 980
History rows inserted: None
Marked 0 listings as sold.
Marked 1286 listings as ended.
Finished main_fetch.py job
2026-06-17 04:30:03 - Starting main_fetch.py job
EBAY_US: page 1
EBAY_US: page 2
EBAY_US: fetched 400 items
EBAY_AU: page 1
EBAY_AU: page 2
EBAY_AU: fetched 400 items
EBAY_GB: page 1
EBAY_GB: page 2
EBAY_GB: fetched 400 items
EBAY_DE: page 1
EBAY_DE: page 2
EBAY_DE: fetched 400 items
Inserted 1600 into temp db.
Fetched and saved 1600 summaries
Listings needing history rows (before update): 703
History rows inserted: 706
History rows inserted: None
Marked 0 listings as sold.
Marked 1212 listings as ended.
Finished main_fetch.py job
2026-06-17 08:30:03 - Starting main_fetch.py job
EBAY_US: page 1
EBAY_US: page 2
EBAY_US: fetched 400 items
EBAY_AU: page 1
EBAY_AU: page 2
EBAY_AU: fetched 400 items
EBAY_GB: page 1
EBAY_GB: page 2
EBAY_GB: fetched 400 items
EBAY_DE: page 1
EBAY_DE: page 2
EBAY_DE: fetched 400 items
Inserted 1600 into temp db.
Fetched and saved 1600 summaries
Listings needing history rows (before update): 1170
History rows inserted: 1174
History rows inserted: None
Marked 0 listings as sold.
Marked 975 listings as ended.
Finished main_fetch.py job
2026-06-17 12:30:03 - Starting main_fetch.py job
EBAY_US: page 1
EBAY_US: page 2
EBAY_US: fetched 400 items
EBAY_AU: page 1
EBAY_AU: page 2
EBAY_AU: fetched 400 items
EBAY_GB: page 1
EBAY_GB: page 2
EBAY_GB: fetched 400 items
EBAY_DE: page 1
EBAY_DE: page 2
EBAY_DE: fetched 400 items
Inserted 1598 into temp db.
Fetched and saved 1598 summaries
Listings needing history rows (before update): 1365
History rows inserted: 1367
History rows inserted: None
Marked 0 listings as sold.
Marked 704 listings as ended.
Finished main_fetch.py job
2026-06-17 16:30:03 - Starting main_fetch.py job
EBAY_US: page 1
EBAY_US: page 2
EBAY_US: fetched 400 items
EBAY_AU: page 1
EBAY_AU: page 2
EBAY_AU: fetched 400 items
EBAY_GB: page 1
EBAY_GB: page 2
EBAY_GB: fetched 400 items
EBAY_DE: page 1
EBAY_DE: page 2
EBAY_DE: fetched 400 items
Inserted 1600 into temp db.
Fetched and saved 1600 summaries
Listings needing history rows (before update): 1278
History rows inserted: 1278
History rows inserted: None
Marked 0 listings as sold.
Marked 1169 listings as ended.
Finished main_fetch.py job
2026-06-17 20:30:04 - Starting main_fetch.py job
EBAY_US: page 1
EBAY_US: page 2
EBAY_US: fetched 400 items
EBAY_AU: page 1
EBAY_AU: page 2
EBAY_AU: fetched 400 items
EBAY_GB: page 1
EBAY_GB: page 2
EBAY_GB: fetched 400 items
EBAY_DE: page 1
EBAY_DE: page 2
EBAY_DE: fetched 400 items
Inserted 1597 into temp db.
Fetched and saved 1597 summaries
Listings needing history rows (before update): 1215
History rows inserted: 1216
History rows inserted: None
Marked 0 listings as sold.
Marked 1367 listings as ended.
Finished main_fetch.py job
2026-06-18 00:30:03 - Starting main_fetch.py job
EBAY_US: page 1
EBAY_US: page 2
EBAY_US: fetched 400 items
EBAY_AU: page 1
EBAY_AU: page 2
EBAY_AU: fetched 400 items
EBAY_GB: page 1
EBAY_GB: page 2
EBAY_GB: fetched 400 items
EBAY_DE: page 1
EBAY_DE: page 2
EBAY_DE: fetched 400 items
Inserted 1599 into temp db.
Fetched and saved 1599 summaries
Listings needing history rows (before update): 1010
History rows inserted: 1012
History rows inserted: None
Marked 0 listings as sold.
Marked 1276 listings as ended.
Finished main_fetch.py job
2026-06-18 04:30:02 - Starting main_fetch.py job
EBAY_US: page 1
EBAY_US: page 2
EBAY_US: fetched 400 items
EBAY_AU: page 1
EBAY_AU: page 2
EBAY_AU: fetched 400 items
EBAY_GB: page 1
EBAY_GB: page 2
EBAY_GB: fetched 400 items
EBAY_DE: page 1
EBAY_DE: page 2
EBAY_DE: fetched 400 items
Inserted 1598 into temp db.
Fetched and saved 1598 summaries
Listings needing history rows (before update): 919
History rows inserted: 922
History rows inserted: None
Marked 0 listings as sold.
Marked 1219 listings as ended.
Finished main_fetch.py job
2026-06-18 08:30:03 - Starting main_fetch.py job
EBAY_US: page 1
EBAY_US: page 2
EBAY_US: fetched 400 items
EBAY_AU: page 1
EBAY_AU: page 2
EBAY_AU: fetched 400 items
EBAY_GB: page 1
EBAY_GB: page 2
EBAY_GB: fetched 400 items
EBAY_DE: page 1
EBAY_DE: page 2
EBAY_DE: fetched 400 items
Inserted 1600 into temp db.
Fetched and saved 1600 summaries
Listings needing history rows (before update): 1154
History rows inserted: 1156
History rows inserted: None
Marked 0 listings as sold.
Marked 1008 listings as ended.
Finished main_fetch.py job
2026-06-18 12:30:03 - Starting main_fetch.py job
EBAY_US: page 1
EBAY_US: page 2
EBAY_US: fetched 400 items
EBAY_AU: page 1
EBAY_AU: page 2
EBAY_AU: fetched 400 items
EBAY_GB: page 1
EBAY_GB: page 2
EBAY_GB: fetched 400 items
EBAY_DE: page 1
EBAY_DE: page 2
EBAY_DE: fetched 400 items
Inserted 1599 into temp db.
Fetched and saved 1599 summaries
Listings needing history rows (before update): 1297
History rows inserted: 1297
History rows inserted: None
Marked 0 listings as sold.
Marked 919 listings as ended.
Finished main_fetch.py job
2026-06-18 16:30:03 - Starting main_fetch.py job
EBAY_US: page 1
EBAY_US: page 2
EBAY_US: page 3
EBAY_US: page 4
EBAY_US: page 5
EBAY_US: fetched 1000 items
EBAY_AU: page 1
EBAY_AU: page 2
EBAY_AU: page 3
EBAY_AU: page 4
EBAY_AU: page 5
EBAY_AU: fetched 1000 items
EBAY_GB: page 1
EBAY_GB: page 2
EBAY_GB: page 3
EBAY_GB: page 4
EBAY_GB: page 5
EBAY_GB: fetched 1000 items
EBAY_DE: page 1
EBAY_DE: page 2
EBAY_DE: page 3
EBAY_DE: page 4
EBAY_DE: page 5
EBAY_DE: fetched 1000 items
Inserted 3951 into temp db.
Fetched and saved 3951 summaries
History rows inserted: 3661
Marked 0 listings as sold.
Marked 0 listings as ended.
Finished main_fetch.py job
2026-06-18 20:30:03 - Starting main_fetch.py job
EBAY_US: page 1
EBAY_US: page 2
EBAY_US: page 3
EBAY_US: page 4
EBAY_US: page 5
EBAY_US: fetched 1000 items
EBAY_AU: page 1
EBAY_AU: page 2
EBAY_AU: page 3
EBAY_AU: page 4
EBAY_AU: page 5
EBAY_AU: fetched 1000 items
EBAY_GB: page 1
EBAY_GB: page 2
EBAY_GB: page 3
EBAY_GB: page 4
EBAY_GB: page 5
EBAY_GB: fetched 1000 items
EBAY_DE: page 1
EBAY_DE: page 2
EBAY_DE: page 3
EBAY_DE: page 4
EBAY_DE: page 5
EBAY_DE: fetched 1000 items
Inserted 3975 into temp db.
Fetched and saved 3975 summaries
History rows inserted: 1110
Marked 0 listings as sold.
Marked 0 listings as ended.
Finished main_fetch.py job
2026-06-19 00:30:03 - Starting main_fetch.py job
EBAY_US: page 1
EBAY_US: page 2
EBAY_US: page 3
EBAY_US: page 4
EBAY_US: page 5
EBAY_US: fetched 1000 items
EBAY_AU: page 1
EBAY_AU: page 2
EBAY_AU: page 3
EBAY_AU: page 4
EBAY_AU: page 5
EBAY_AU: fetched 1000 items
EBAY_GB: page 1
EBAY_GB: page 2
EBAY_GB: page 3
EBAY_GB: page 4
EBAY_GB: page 5
EBAY_GB: fetched 1000 items
EBAY_DE: page 1
EBAY_DE: page 2
EBAY_DE: page 3
EBAY_DE: page 4
EBAY_DE: page 5
EBAY_DE: fetched 1000 items
Inserted 3979 into temp db.
Fetched and saved 3979 summaries
History rows inserted: 645
Marked 0 listings as sold.
Marked 0 listings as ended.
Finished main_fetch.py job
2026-06-19 04:30:03 - Starting main_fetch.py job
EBAY_US: page 1
EBAY_US: page 2
EBAY_US: page 3
EBAY_US: page 4
EBAY_US: page 5
EBAY_US: fetched 1000 items
EBAY_AU: page 1
EBAY_AU: page 2
EBAY_AU: page 3
EBAY_AU: page 4
EBAY_AU: page 5
EBAY_AU: fetched 1000 items
EBAY_GB: page 1
EBAY_GB: page 2
EBAY_GB: page 3
EBAY_GB: page 4
EBAY_GB: page 5
EBAY_GB: fetched 1000 items
EBAY_DE: page 1
EBAY_DE: page 2
EBAY_DE: page 3
EBAY_DE: page 4
EBAY_DE: page 5
EBAY_DE: fetched 1000 items
Inserted 3985 into temp db.
Fetched and saved 3985 summaries
History rows inserted: 856
Marked 0 listings as sold.
Marked 0 listings as ended.
Finished main_fetch.py job
2026-06-19 08:30:03 - Starting main_fetch.py job
EBAY_US: page 1
EBAY_US: page 2
EBAY_US: page 3
EBAY_US: page 4
EBAY_US: page 5
EBAY_US: fetched 1000 items
EBAY_AU: page 1
EBAY_AU: page 2
EBAY_AU: page 3
EBAY_AU: page 4
EBAY_AU: page 5
EBAY_AU: fetched 1000 items
EBAY_GB: page 1
EBAY_GB: page 2
EBAY_GB: page 3
EBAY_GB: page 4
EBAY_GB: page 5
EBAY_GB: fetched 1000 items
EBAY_DE: page 1
EBAY_DE: page 2
EBAY_DE: page 3
EBAY_DE: page 4
EBAY_DE: page 5
EBAY_DE: fetched 1000 items
Inserted 3877 into temp db.
Fetched and saved 3877 summaries
History rows inserted: 441
Marked 0 listings as sold.
Marked 0 listings as ended.
Finished main_fetch.py job
2026-06-19 12:30:03 - Starting main_fetch.py job
EBAY_US: page 1
EBAY_US: page 2
EBAY_US: page 3
EBAY_US: page 4
EBAY_US: page 5
EBAY_US: fetched 1000 items
EBAY_AU: page 1
EBAY_AU: page 2
EBAY_AU: page 3
EBAY_AU: page 4
EBAY_AU: page 5
EBAY_AU: fetched 1000 items
EBAY_GB: page 1
EBAY_GB: page 2
EBAY_GB: page 3
EBAY_GB: page 4
EBAY_GB: page 5
EBAY_GB: fetched 1000 items
EBAY_DE: page 1
EBAY_DE: page 2
EBAY_DE: page 3
EBAY_DE: page 4
EBAY_DE: page 5
EBAY_DE: fetched 1000 items
Inserted 3985 into temp db.
Fetched and saved 3985 summaries
History rows inserted: 702
Marked 0 listings as sold.
Marked 0 listings as ended.
Finished main_fetch.py job
2026-06-19 16:30:03 - Starting main_fetch.py job
EBAY_US: page 1
EBAY_US: page 2
EBAY_US: page 3
EBAY_US: page 4
EBAY_US: page 5
EBAY_US: fetched 1000 items
EBAY_AU: page 1
EBAY_AU: page 2
EBAY_AU: page 3
EBAY_AU: page 4
EBAY_AU: page 5
EBAY_AU: fetched 1000 items
EBAY_GB: page 1
EBAY_GB: page 2
EBAY_GB: page 3
EBAY_GB: page 4
EBAY_GB: page 5
EBAY_GB: fetched 1000 items
EBAY_DE: page 1
EBAY_DE: page 2
EBAY_DE: page 3
EBAY_DE: page 4
EBAY_DE: page 5
EBAY_DE: fetched 1000 items
Inserted 3978 into temp db.
Fetched and saved 3978 summaries
History rows inserted: 791
Marked 0 listings as sold.
Marked 0 listings as ended.
Finished main_fetch.py job
2026-06-19 20:30:03 - Starting main_fetch.py job
EBAY_US: page 1
EBAY_US: page 2
EBAY_US: page 3
EBAY_US: page 4
EBAY_US: page 5
EBAY_US: fetched 1000 items
EBAY_AU: page 1
EBAY_AU: page 2
EBAY_AU: page 3
EBAY_AU: page 4
EBAY_AU: page 5
EBAY_AU: fetched 1000 items
EBAY_GB: page 1
EBAY_GB: page 2
EBAY_GB: page 3
EBAY_GB: page 4
EBAY_GB: page 5
EBAY_GB: fetched 1000 items
EBAY_DE: page 1
EBAY_DE: page 2
EBAY_DE: page 3
EBAY_DE: page 4
EBAY_DE: page 5
EBAY_DE: fetched 1000 items
Inserted 3980 into temp db.
Fetched and saved 3980 summaries
History rows inserted: 910
Marked 0 listings as sold.
Marked 0 listings as ended.
Finished main_fetch.py job
2026-06-20 00:30:02 - Starting main_fetch.py job
EBAY_US: page 1
EBAY_US: page 2
EBAY_US: page 3
EBAY_US: page 4
EBAY_US: page 5
EBAY_US: fetched 1000 items
EBAY_AU: page 1
EBAY_AU: page 2
EBAY_AU: page 3
EBAY_AU: page 4
EBAY_AU: page 5
EBAY_AU: fetched 1000 items
EBAY_GB: page 1
EBAY_GB: page 2
EBAY_GB: page 3
EBAY_GB: page 4
EBAY_GB: page 5
EBAY_GB: fetched 1000 items
EBAY_DE: page 1
EBAY_DE: page 2
EBAY_DE: page 3
EBAY_DE: page 4
EBAY_DE: page 5
EBAY_DE: fetched 1000 items
Inserted 3982 into temp db.
Fetched and saved 3982 summaries
History rows inserted: 499
Marked 0 listings as sold.
Marked 0 listings as ended.
Finished main_fetch.py job
2026-06-20 04:30:03 - Starting main_fetch.py job
EBAY_US: page 1
EBAY_US: page 2
EBAY_US: page 3
EBAY_US: page 4
EBAY_US: page 5
EBAY_US: fetched 1000 items
EBAY_AU: page 1
EBAY_AU: page 2
EBAY_AU: page 3
EBAY_AU: page 4
EBAY_AU: page 5
EBAY_AU: fetched 1000 items
EBAY_GB: page 1
EBAY_GB: page 2
EBAY_GB: page 3
EBAY_GB: page 4
EBAY_GB: page 5
EBAY_GB: fetched 1000 items
EBAY_DE: page 1
EBAY_DE: page 2
EBAY_DE: page 3
EBAY_DE: page 4
EBAY_DE: page 5
EBAY_DE: fetched 1000 items
Inserted 3978 into temp db.
Fetched and saved 3978 summaries
History rows inserted: 617
Marked 0 listings as sold.
Marked 1148 listings as ended.
Finished main_fetch.py job
2026-06-20 08:30:02 - Starting main_fetch.py job
EBAY_US: page 1
EBAY_US: page 2
EBAY_US: page 3
EBAY_US: page 4
EBAY_US: page 5
EBAY_US: fetched 1000 items
EBAY_AU: page 1
EBAY_AU: page 2
EBAY_AU: page 3
EBAY_AU: page 4
EBAY_AU: page 5
EBAY_AU: fetched 1000 items
EBAY_GB: page 1
EBAY_GB: page 2
EBAY_GB: page 3
EBAY_GB: page 4
EBAY_GB: page 5
EBAY_GB: fetched 1000 items
EBAY_DE: page 1
EBAY_DE: page 2
EBAY_DE: page 3
EBAY_DE: page 4
EBAY_DE: page 5
EBAY_DE: fetched 1000 items
Inserted 3983 into temp db.
Fetched and saved 3983 summaries
History rows inserted: 408
Marked 0 listings as sold.
Marked 1267 listings as ended.
Finished main_fetch.py job
2026-06-20 12:30:03 - Starting main_fetch.py job
EBAY_US: page 1
EBAY_US: page 2
EBAY_US: page 3
EBAY_US: page 4
EBAY_US: page 5
EBAY_US: fetched 1000 items
EBAY_AU: page 1
EBAY_AU: page 2
EBAY_AU: page 3
EBAY_AU: page 4
EBAY_AU: page 5
EBAY_AU: fetched 1000 items
EBAY_GB: page 1
EBAY_GB: page 2
EBAY_GB: page 3
EBAY_GB: page 4
EBAY_GB: page 5
EBAY_GB: fetched 1000 items
EBAY_DE: page 1
EBAY_DE: page 2
EBAY_DE: page 3
EBAY_DE: page 4
EBAY_DE: page 5
EBAY_DE: fetched 1000 items
Inserted 3980 into temp db.
Fetched and saved 3980 summaries
History rows inserted: 927
Marked 0 listings as sold.
Marked 1392 listings as ended.
Finished main_fetch.py job
2026-06-20 16:30:03 - Starting main_fetch.py job
EBAY_US: page 1
EBAY_US: page 2
EBAY_US: page 3
EBAY_US: page 4
EBAY_US: page 5
EBAY_US: fetched 1000 items
EBAY_AU: page 1
EBAY_AU: page 2
EBAY_AU: page 3
EBAY_AU: page 4
EBAY_AU: page 5
EBAY_AU: fetched 1000 items
EBAY_GB: page 1
EBAY_GB: page 2
EBAY_GB: page 3
EBAY_GB: page 4
EBAY_GB: page 5
EBAY_GB: fetched 1000 items
EBAY_DE: page 1
EBAY_DE: page 2
EBAY_DE: page 3
EBAY_DE: page 4
EBAY_DE: page 5
EBAY_DE: fetched 1000 items
Inserted 3977 into temp db.
Fetched and saved 3977 summaries
History rows inserted: 748
Marked 0 listings as sold.
Marked 883 listings as ended.
Finished main_fetch.py job
2026-06-20 20:30:03 - Starting main_fetch.py job
EBAY_US: page 1
EBAY_US: page 2
EBAY_US: page 3
EBAY_US: page 4
EBAY_US: page 5
EBAY_US: fetched 1000 items
EBAY_AU: page 1
EBAY_AU: page 2
EBAY_AU: page 3
EBAY_AU: page 4
EBAY_AU: page 5
EBAY_AU: fetched 1000 items
EBAY_GB: page 1
EBAY_GB: page 2
EBAY_GB: page 3
EBAY_GB: page 4
EBAY_GB: page 5
EBAY_GB: fetched 1000 items
EBAY_DE: page 1
EBAY_DE: page 2
EBAY_DE: page 3
EBAY_DE: page 4
EBAY_DE: page 5
EBAY_DE: fetched 1000 items
Inserted 3977 into temp db.
Fetched and saved 3977 summaries
History rows inserted: 808
Marked 0 listings as sold.
Marked 604 listings as ended.
Finished main_fetch.py job
2026-06-21 00:30:03 - Starting main_fetch.py job
EBAY_US: page 1
EBAY_US: page 2
EBAY_US: page 3
EBAY_US: page 4
EBAY_US: page 5
EBAY_US: fetched 1000 items
EBAY_AU: page 1
EBAY_AU: page 2
EBAY_AU: page 3
EBAY_AU: page 4
EBAY_AU: page 5
EBAY_AU: fetched 1000 items
EBAY_GB: page 1
EBAY_GB: page 2
EBAY_GB: page 3
EBAY_GB: page 4
EBAY_GB: page 5
EBAY_GB: fetched 1000 items
EBAY_DE: page 1
EBAY_DE: page 2
EBAY_DE: page 3
EBAY_DE: page 4
EBAY_DE: page 5
EBAY_DE: fetched 1000 items
Inserted 3980 into temp db.
Fetched and saved 3980 summaries
History rows inserted: 487
Marked 0 listings as sold.
Marked 816 listings as ended.
Finished main_fetch.py job
2026-06-21 04:30:02 - Starting main_fetch.py job
EBAY_US: page 1
EBAY_US: page 2
EBAY_US: page 3
EBAY_US: page 4
EBAY_US: page 5
EBAY_US: fetched 1000 items
EBAY_AU: page 1
EBAY_AU: page 2
EBAY_AU: page 3
EBAY_AU: page 4
EBAY_AU: page 5
EBAY_AU: fetched 1000 items
EBAY_GB: page 1
EBAY_GB: page 2
EBAY_GB: page 3
EBAY_GB: page 4
EBAY_GB: page 5
EBAY_GB: fetched 1000 items
EBAY_DE: page 1
EBAY_DE: page 2
EBAY_DE: page 3
EBAY_DE: page 4
EBAY_DE: page 5
EBAY_DE: fetched 1000 items
Inserted 3851 into temp db.
Fetched and saved 3851 summaries
History rows inserted: 617
Marked 0 listings as sold.
Marked 381 listings as ended.
Finished main_fetch.py job
2026-06-21 08:30:03 - Starting main_fetch.py job
EBAY_US: page 1
EBAY_US: page 2
EBAY_US: page 3
EBAY_US: page 4
EBAY_US: page 5
EBAY_US: fetched 1000 items
EBAY_AU: page 1
EBAY_AU: page 2
EBAY_AU: page 3
EBAY_AU: page 4
EBAY_AU: page 5
EBAY_AU: fetched 1000 items
EBAY_GB: page 1
EBAY_GB: page 2
EBAY_GB: page 3
EBAY_GB: page 4
EBAY_GB: page 5
EBAY_GB: fetched 1000 items
EBAY_DE: page 1
EBAY_DE: page 2
EBAY_DE: page 3
EBAY_DE: page 4
EBAY_DE: page 5
EBAY_DE: fetched 1000 items
Inserted 3978 into temp db.
Fetched and saved 3978 summaries
History rows inserted: 466
Marked 0 listings as sold.
Marked 546 listings as ended.
Finished main_fetch.py job
2026-06-21 12:30:03 - Starting main_fetch.py job
EBAY_US: page 1
EBAY_US: page 2
EBAY_US: page 3
EBAY_US: page 4
EBAY_US: page 5
EBAY_US: fetched 1000 items
EBAY_AU: page 1
EBAY_AU: page 2
EBAY_AU: page 3
EBAY_AU: page 4
EBAY_AU: page 5
EBAY_AU: fetched 1000 items
EBAY_GB: page 1
EBAY_GB: page 2
EBAY_GB: page 3
EBAY_GB: page 4
EBAY_GB: page 5
EBAY_GB: fetched 1000 items
EBAY_DE: page 1
EBAY_DE: page 2
EBAY_DE: page 3
EBAY_DE: page 4
EBAY_DE: page 5
EBAY_DE: fetched 1000 items
Inserted 3977 into temp db.
Fetched and saved 3977 summaries
History rows inserted: 940
Marked 0 listings as sold.
Marked 507 listings as ended.
Finished main_fetch.py job
2026-06-21 16:30:04 - Starting main_fetch.py job
EBAY_US: page 1
EBAY_US: page 2
EBAY_US: page 3
EBAY_US: page 4
EBAY_US: page 5
EBAY_US: fetched 1000 items
EBAY_AU: page 1
EBAY_AU: page 2
EBAY_AU: page 3
EBAY_AU: page 4
EBAY_AU: page 5
EBAY_AU: fetched 1000 items
EBAY_GB: page 1
EBAY_GB: page 2
EBAY_GB: page 3
EBAY_GB: page 4
EBAY_GB: page 5
EBAY_GB: fetched 1000 items
EBAY_DE: page 1
EBAY_DE: page 2
EBAY_DE: page 3
EBAY_DE: page 4
EBAY_DE: page 5
EBAY_DE: fetched 1000 items
Inserted 3979 into temp db.
Fetched and saved 3979 summaries
History rows inserted: 836
Marked 0 listings as sold.
Marked 927 listings as ended.
Finished main_fetch.py job
2026-06-21 20:30:04 - Starting main_fetch.py job
EBAY_US: page 1
EBAY_US: page 2
EBAY_US: page 3
EBAY_US: page 4
EBAY_US: page 5
EBAY_US: fetched 1000 items
EBAY_AU: page 1
EBAY_AU: page 2
EBAY_AU: page 3
EBAY_AU: page 4
EBAY_AU: page 5
EBAY_AU: fetched 1000 items
EBAY_GB: page 1
EBAY_GB: page 2
EBAY_GB: page 3
EBAY_GB: page 4
EBAY_GB: page 5
EBAY_GB: fetched 1000 items
EBAY_DE: page 1
EBAY_DE: page 2
EBAY_DE: page 3
EBAY_DE: page 4
EBAY_DE: page 5
EBAY_DE: fetched 1000 items
Inserted 3983 into temp db.
Fetched and saved 3983 summaries
History rows inserted: 1023
Marked 0 listings as sold.
Marked 582 listings as ended.
Finished main_fetch.py job
2026-06-22 00:30:03 - Starting main_fetch.py job
EBAY_US: page 1
EBAY_US: page 2
EBAY_US: page 3
EBAY_US: page 4
EBAY_US: page 5
EBAY_US: fetched 1000 items
EBAY_AU: page 1
EBAY_AU: page 2
EBAY_AU: page 3
EBAY_AU: page 4
EBAY_AU: page 5
EBAY_AU: fetched 1000 items
EBAY_GB: page 1
EBAY_GB: page 2
EBAY_GB: page 3
EBAY_GB: page 4
EBAY_GB: page 5
EBAY_GB: fetched 1000 items
EBAY_DE: page 1
EBAY_DE: page 2
EBAY_DE: page 3
EBAY_DE: page 4
EBAY_DE: page 5
EBAY_DE: fetched 1000 items
Inserted 3980 into temp db.
Fetched and saved 3980 summaries
History rows inserted: 527
Marked 0 listings as sold.
Marked 795 listings as ended.
Finished main_fetch.py job
2026-06-22 04:30:03 - Starting main_fetch.py job
EBAY_US: page 1
EBAY_US: page 2
EBAY_US: page 3
EBAY_US: page 4
EBAY_US: page 5
EBAY_US: fetched 1000 items
EBAY_AU: page 1
EBAY_AU: page 2
EBAY_AU: page 3
EBAY_AU: page 4
EBAY_AU: page 5
EBAY_AU: fetched 1000 items
EBAY_GB: page 1
EBAY_GB: page 2
EBAY_GB: page 3
EBAY_GB: page 4
EBAY_GB: page 5
EBAY_GB: fetched 1000 items
EBAY_DE: page 1
EBAY_DE: page 2
EBAY_DE: page 3
EBAY_DE: page 4
EBAY_DE: page 5
EBAY_DE: fetched 1000 items
Inserted 3886 into temp db.
Fetched and saved 3886 summaries
History rows inserted: 518
Marked 0 listings as sold.
Marked 386 listings as ended.
Finished main_fetch.py job
2026-06-22 08:30:03 - Starting main_fetch.py job
EBAY_US: page 1
EBAY_US: page 2
EBAY_US: page 3
EBAY_US: page 4
EBAY_US: page 5
EBAY_US: fetched 1000 items
EBAY_AU: page 1
EBAY_AU: page 2
EBAY_AU: page 3
EBAY_AU: page 4
EBAY_AU: page 5
EBAY_AU: fetched 1000 items
EBAY_GB: page 1
EBAY_GB: page 2
EBAY_GB: page 3
EBAY_GB: page 4
EBAY_GB: page 5
EBAY_GB: fetched 1000 items
EBAY_DE: page 1
EBAY_DE: page 2
EBAY_DE: page 3
EBAY_DE: page 4
EBAY_DE: page 5
EBAY_DE: fetched 1000 items
Inserted 3981 into temp db.
Fetched and saved 3981 summaries
History rows inserted: 448
Marked 0 listings as sold.
Marked 633 listings as ended.
Finished main_fetch.py job
2026-06-22 12:30:03 - Starting main_fetch.py job
EBAY_US: page 1
EBAY_US: page 2
EBAY_US: page 3
EBAY_US: page 4
EBAY_US: page 5
EBAY_US: fetched 1000 items
EBAY_AU: page 1
EBAY_AU: page 2
EBAY_AU: page 3
EBAY_AU: page 4
EBAY_AU: page 5
EBAY_AU: fetched 1000 items
EBAY_GB: page 1
EBAY_GB: page 2
EBAY_GB: page 3
EBAY_GB: page 4
EBAY_GB: page 5
EBAY_GB: fetched 1000 items
EBAY_DE: page 1
EBAY_DE: page 2
EBAY_DE: page 3
EBAY_DE: page 4
EBAY_DE: page 5
EBAY_DE: fetched 1000 items
Inserted 3986 into temp db.
Fetched and saved 3986 summaries
History rows inserted: 761
Marked 0 listings as sold.
Marked 581 listings as ended.
Finished main_fetch.py job
2026-06-22 16:30:03 - Starting main_fetch.py job
EBAY_US: page 1
EBAY_US: page 2
EBAY_US: page 3
EBAY_US: page 4
EBAY_US: page 5
EBAY_US: fetched 1000 items
EBAY_AU: page 1
EBAY_AU: page 2
EBAY_AU: page 3
EBAY_AU: page 4
EBAY_AU: page 5
EBAY_AU: fetched 1000 items
EBAY_GB: page 1
EBAY_GB: page 2
EBAY_GB: page 3
EBAY_GB: page 4
EBAY_GB: page 5
EBAY_GB: fetched 1000 items
EBAY_DE: page 1
EBAY_DE: page 2
EBAY_DE: page 3
EBAY_DE: page 4
EBAY_DE: page 5
EBAY_DE: fetched 1000 items
Inserted 3979 into temp db.
Fetched and saved 3979 summaries
History rows inserted: 1018
Marked 0 listings as sold.
Marked 917 listings as ended.
Finished main_fetch.py job
2026-06-22 20:30:02 - Starting main_fetch.py job
EBAY_US: page 1
EBAY_US: page 2
EBAY_US: page 3
EBAY_US: page 4
EBAY_US: page 5
EBAY_US: fetched 1000 items
EBAY_AU: page 1
EBAY_AU: page 2
EBAY_AU: page 3
EBAY_AU: page 4
EBAY_AU: page 5
EBAY_AU: fetched 1000 items
EBAY_GB: page 1
EBAY_GB: page 2
EBAY_GB: page 3
EBAY_GB: page 4
EBAY_GB: page 5
EBAY_GB: fetched 1000 items
EBAY_DE: page 1
EBAY_DE: page 2
EBAY_DE: page 3
EBAY_DE: page 4
EBAY_DE: page 5
EBAY_DE: fetched 1000 items
Inserted 3975 into temp db.
Fetched and saved 3975 summaries
History rows inserted: 905
Marked 0 listings as sold.
Marked 610 listings as ended.
Finished main_fetch.py job
2026-06-23 00:30:03 - Starting main_fetch.py job
EBAY_US: page 1
EBAY_US: page 2
EBAY_US: page 3
EBAY_US: page 4
EBAY_US: page 5
EBAY_US: fetched 1000 items
EBAY_AU: page 1
EBAY_AU: page 2
EBAY_AU: page 3
EBAY_AU: page 4
EBAY_AU: page 5
EBAY_AU: fetched 1000 items
EBAY_GB: page 1
EBAY_GB: page 2
EBAY_GB: page 3
EBAY_GB: page 4
EBAY_GB: page 5
EBAY_GB: fetched 1000 items
EBAY_DE: page 1
EBAY_DE: page 2
EBAY_DE: page 3
EBAY_DE: page 4
EBAY_DE: page 5
EBAY_DE: fetched 1000 items
Inserted 3975 into temp db.
Fetched and saved 3975 summaries
History rows inserted: 520
Marked 0 listings as sold.
Marked 812 listings as ended.
Finished main_fetch.py job
2026-06-23 04:30:03 - Starting main_fetch.py job
EBAY_US: page 1
EBAY_US: page 2
EBAY_US: page 3
EBAY_US: page 4
EBAY_US: page 5
EBAY_US: fetched 1000 items
EBAY_AU: page 1
EBAY_AU: page 2
EBAY_AU: page 3
EBAY_AU: page 4
EBAY_AU: page 5
EBAY_AU: fetched 1000 items
EBAY_GB: page 1
EBAY_GB: page 2
EBAY_GB: page 3
EBAY_GB: page 4
EBAY_GB: page 5
EBAY_GB: fetched 1000 items
EBAY_DE: page 1
EBAY_DE: page 2
EBAY_DE: page 3
EBAY_DE: page 4
EBAY_DE: page 5
EBAY_DE: fetched 1000 items
Inserted 3822 into temp db.
Fetched and saved 3822 summaries
History rows inserted: 498
Marked 0 listings as sold.
Marked 428 listings as ended.
Finished main_fetch.py job
2026-06-23 08:30:03 - Starting main_fetch.py job
EBAY_US: page 1
EBAY_US: page 2
EBAY_US: page 3
EBAY_US: page 4
EBAY_US: page 5
EBAY_US: fetched 1000 items
EBAY_AU: page 1
EBAY_AU: page 2
EBAY_AU: page 3
EBAY_AU: page 4
EBAY_AU: page 5
EBAY_AU: fetched 1000 items
EBAY_GB: page 1
EBAY_GB: page 2
EBAY_GB: page 3
EBAY_GB: page 4
EBAY_GB: page 5
EBAY_GB: fetched 1000 items
EBAY_DE: page 1
EBAY_DE: page 2
EBAY_DE: page 3
EBAY_DE: page 4
EBAY_DE: page 5
EBAY_DE: fetched 1000 items
Inserted 3881 into temp db.
Fetched and saved 3881 summaries
History rows inserted: 407
Marked 0 listings as sold.
Marked 659 listings as ended.
Finished main_fetch.py job
2026-06-23 12:30:03 - Starting main_fetch.py job
EBAY_US: page 1
EBAY_US: page 2
EBAY_US: page 3
EBAY_US: page 4
EBAY_US: page 5
EBAY_US: fetched 1000 items
EBAY_AU: page 1
EBAY_AU: page 2
EBAY_AU: page 3
EBAY_AU: page 4
EBAY_AU: page 5
EBAY_AU: fetched 1000 items
EBAY_GB: page 1
EBAY_GB: page 2
EBAY_GB: page 3
EBAY_GB: page 4
EBAY_GB: page 5
EBAY_GB: fetched 1000 items
EBAY_DE: page 1
EBAY_DE: page 2
EBAY_DE: page 3
EBAY_DE: page 4
EBAY_DE: page 5
EBAY_DE: fetched 1000 items
Inserted 3974 into temp db.
Fetched and saved 3974 summaries
History rows inserted: 775
Marked 0 listings as sold.
Marked 658 listings as ended.
Finished main_fetch.py job
2026-06-23 16:30:03 - Starting main_fetch.py job
EBAY_US: page 1
EBAY_US: page 2
EBAY_US: page 3
EBAY_US: page 4
EBAY_US: page 5
EBAY_US: fetched 1000 items
EBAY_AU: page 1
EBAY_AU: page 2
EBAY_AU: page 3
EBAY_AU: page 4
EBAY_AU: page 5
EBAY_AU: fetched 1000 items
EBAY_GB: page 1
EBAY_GB: page 2
EBAY_GB: page 3
EBAY_GB: page 4
EBAY_GB: page 5
EBAY_GB: fetched 1000 items
EBAY_DE: page 1
EBAY_DE: page 2
EBAY_DE: page 3
EBAY_DE: page 4
EBAY_DE: page 5
EBAY_DE: fetched 1000 items
Inserted 3984 into temp db.
Fetched and saved 3984 summaries
History rows inserted: 723
Marked 0 listings as sold.
Marked 1028 listings as ended.
Finished main_fetch.py job
2026-06-23 20:30:03 - Starting main_fetch.py job
EBAY_US: page 1
EBAY_US: page 2
EBAY_US: page 3
EBAY_US: page 4
EBAY_US: page 5
EBAY_US: fetched 1000 items
EBAY_AU: page 1
EBAY_AU: page 2
EBAY_AU: page 3
EBAY_AU: page 4
EBAY_AU: page 5
EBAY_AU: fetched 1000 items
EBAY_GB: page 1
EBAY_GB: page 2
EBAY_GB: page 3
EBAY_GB: page 4
EBAY_GB: page 5
EBAY_GB: fetched 1000 items
EBAY_DE: page 1
EBAY_DE: page 2
EBAY_DE: page 3
EBAY_DE: page 4
EBAY_DE: page 5
EBAY_DE: fetched 1000 items
Inserted 3979 into temp db.
Fetched and saved 3979 summaries
History rows inserted: 799
Marked 0 listings as sold.
Marked 663 listings as ended.
Finished main_fetch.py job
2026-06-24 00:30:03 - Starting main_fetch.py job
EBAY_US: page 1
EBAY_US: page 2
EBAY_US: page 3
EBAY_US: page 4
EBAY_US: page 5
EBAY_US: fetched 1000 items
EBAY_AU: page 1
EBAY_AU: page 2
EBAY_AU: page 3
EBAY_AU: page 4
EBAY_AU: page 5
EBAY_AU: fetched 1000 items
EBAY_GB: page 1
EBAY_GB: page 2
EBAY_GB: page 3
EBAY_GB: page 4
EBAY_GB: page 5
EBAY_GB: fetched 1000 items
EBAY_DE: page 1
EBAY_DE: page 2
EBAY_DE: page 3
EBAY_DE: page 4
EBAY_DE: page 5
EBAY_DE: fetched 1000 items
Inserted 3976 into temp db.
Fetched and saved 3976 summaries
History rows inserted: 499
Marked 0 listings as sold.
Marked 901 listings as ended.
Finished main_fetch.py job
2026-06-24 04:30:03 - Starting main_fetch.py job
EBAY_US: page 1
EBAY_US: page 2
EBAY_US: page 3
EBAY_US: page 4
EBAY_US: page 5
EBAY_US: fetched 1000 items
EBAY_AU: page 1
EBAY_AU: page 2
EBAY_AU: page 3
EBAY_AU: page 4
EBAY_AU: page 5
EBAY_AU: fetched 1000 items
EBAY_GB: page 1
EBAY_GB: page 2
EBAY_GB: page 3
EBAY_GB: page 4
EBAY_GB: page 5
EBAY_GB: fetched 1000 items
EBAY_DE: page 1
EBAY_DE: page 2
EBAY_DE: page 3
EBAY_DE: page 4
EBAY_DE: page 5
EBAY_DE: fetched 1000 items
Inserted 3983 into temp db.
Fetched and saved 3983 summaries
History rows inserted: 529
Marked 0 listings as sold.
Marked 442 listings as ended.
Finished main_fetch.py job
2026-06-24 08:30:03 - Starting main_fetch.py job
EBAY_US: page 1
EBAY_US: page 2
EBAY_US: page 3
EBAY_US: page 4
EBAY_US: page 5
EBAY_US: fetched 1000 items
EBAY_AU: page 1
EBAY_AU: page 2
EBAY_AU: page 3
EBAY_AU: page 4
EBAY_AU: page 5
EBAY_AU: fetched 1000 items
EBAY_GB: page 1
EBAY_GB: page 2
EBAY_GB: page 3
EBAY_GB: page 4
EBAY_GB: page 5
EBAY_GB: fetched 1000 items
EBAY_DE: page 1
EBAY_DE: page 2
EBAY_DE: page 3
EBAY_DE: page 4
EBAY_DE: page 5
EBAY_DE: fetched 1000 items
Inserted 3982 into temp db.
Fetched and saved 3982 summaries
History rows inserted: 448
Marked 0 listings as sold.
Marked 573 listings as ended.
Finished main_fetch.py job
2026-06-24 12:30:02 - Starting main_fetch.py job
EBAY_US: page 1
EBAY_US: page 2
EBAY_US: page 3
EBAY_US: page 4
EBAY_US: page 5
EBAY_US: fetched 1000 items
EBAY_AU: page 1
EBAY_AU: page 2
EBAY_AU: page 3
EBAY_AU: page 4
EBAY_AU: page 5
EBAY_AU: fetched 1000 items
EBAY_GB: page 1
EBAY_GB: page 2
EBAY_GB: page 3
EBAY_GB: page 4
EBAY_GB: page 5
EBAY_GB: fetched 1000 items
EBAY_DE: page 1
EBAY_DE: page 2
EBAY_DE: page 3
EBAY_DE: page 4
EBAY_DE: page 5
EBAY_DE: fetched 1000 items
Inserted 3876 into temp db.
Fetched and saved 3876 summaries
History rows inserted: 624
Marked 0 listings as sold.
Marked 602 listings as ended.
Finished main_fetch.py job
2026-06-24 16:30:02 - Starting main_fetch.py job
EBAY_US: page 1
EBAY_US: page 2
EBAY_US: page 3
EBAY_US: page 4
EBAY_US: page 5
EBAY_US: fetched 1000 items
EBAY_AU: page 1
EBAY_AU: page 2
EBAY_AU: page 3
EBAY_AU: page 4
EBAY_AU: page 5
EBAY_AU: fetched 1000 items
EBAY_GB: page 1
EBAY_GB: page 2
EBAY_GB: page 3
EBAY_GB: page 4
EBAY_GB: page 5
EBAY_GB: fetched 1000 items
EBAY_DE: page 1
EBAY_DE: page 2
EBAY_DE: page 3
EBAY_DE: page 4
EBAY_DE: page 5
EBAY_DE: fetched 1000 items
Inserted 3904 into temp db.
Fetched and saved 3904 summaries
History rows inserted: 735
Marked 0 listings as sold.
Marked 1061 listings as ended.
Finished main_fetch.py job
2026-06-24 20:30:03 - Starting main_fetch.py job
EBAY_US: page 1
EBAY_US: page 2
EBAY_US: page 3
EBAY_US: page 4
EBAY_US: page 5
EBAY_US: fetched 1000 items
EBAY_AU: page 1
EBAY_AU: page 2
EBAY_AU: page 3
EBAY_AU: page 4
EBAY_AU: page 5
EBAY_AU: fetched 1000 items
EBAY_GB: page 1
EBAY_GB: page 2
EBAY_GB: page 3
EBAY_GB: page 4
EBAY_GB: page 5
EBAY_GB: fetched 1000 items
EBAY_DE: page 1
EBAY_DE: page 2
EBAY_DE: page 3
EBAY_DE: page 4
EBAY_DE: page 5
EBAY_DE: fetched 1000 items
Inserted 3848 into temp db.
Fetched and saved 3848 summaries
History rows inserted: 773
Marked 0 listings as sold.
Marked 672 listings as ended.
Finished main_fetch.py job
2026-06-25 00:30:03 - Starting main_fetch.py job
EBAY_US: page 1
EBAY_US: page 2
EBAY_US: page 3
EBAY_US: page 4
EBAY_US: page 5
EBAY_US: fetched 1000 items
EBAY_AU: page 1
EBAY_AU: page 2
EBAY_AU: page 3
EBAY_AU: page 4
EBAY_AU: page 5
EBAY_AU: fetched 1000 items
EBAY_GB: page 1
EBAY_GB: page 2
EBAY_GB: page 3
EBAY_GB: page 4
EBAY_GB: page 5
EBAY_GB: fetched 1000 items
EBAY_DE: page 1
EBAY_DE: page 2
EBAY_DE: page 3
EBAY_DE: page 4
EBAY_DE: page 5
EBAY_DE: fetched 1000 items
Inserted 3964 into temp db.
Fetched and saved 3964 summaries
History rows inserted: 569
Marked 0 listings as sold.
Marked 683 listings as ended.
Finished main_fetch.py job
2026-06-25 04:30:03 - Starting main_fetch.py job
EBAY_US: page 1
EBAY_US: page 2
EBAY_US: page 3
EBAY_US: page 4
EBAY_US: page 5
EBAY_US: fetched 1000 items
EBAY_AU: page 1
EBAY_AU: page 2
EBAY_AU: page 3
EBAY_AU: page 4
EBAY_AU: page 5
EBAY_AU: fetched 1000 items
EBAY_GB: page 1
EBAY_GB: page 2
EBAY_GB: page 3
EBAY_GB: page 4
EBAY_GB: page 5
EBAY_GB: fetched 1000 items
EBAY_DE: page 1
EBAY_DE: page 2
EBAY_DE: page 3
EBAY_DE: page 4
EBAY_DE: page 5
EBAY_DE: fetched 1000 items
Inserted 3926 into temp db.
Fetched and saved 3926 summaries
History rows inserted: 520
Marked 0 listings as sold.
Marked 452 listings as ended.
Finished main_fetch.py job
2026-06-25 08:30:03 - Starting main_fetch.py job
EBAY_US: page 1
EBAY_US: page 2
EBAY_US: page 3
EBAY_US: page 4
EBAY_US: page 5
EBAY_US: fetched 1000 items
EBAY_AU: page 1
EBAY_AU: page 2
EBAY_AU: page 3
EBAY_AU: page 4
EBAY_AU: page 5
EBAY_AU: fetched 1000 items
EBAY_GB: page 1
EBAY_GB: page 2
EBAY_GB: page 3
EBAY_GB: page 4
EBAY_GB: page 5
EBAY_GB: fetched 1000 items
EBAY_DE: page 1
EBAY_DE: page 2
EBAY_DE: page 3
EBAY_DE: page 4
EBAY_DE: page 5
EBAY_DE: fetched 1000 items
Inserted 3989 into temp db.
Fetched and saved 3989 summaries
History rows inserted: 486
Marked 0 listings as sold.
Marked 656 listings as ended.
Finished main_fetch.py job
2026-06-25 12:30:03 - Starting main_fetch.py job
EBAY_US: page 1
EBAY_US: page 2
EBAY_US: page 3
EBAY_US: page 4
EBAY_US: page 5
EBAY_US: fetched 1000 items
EBAY_AU: page 1
EBAY_AU: page 2
EBAY_AU: page 3
EBAY_AU: page 4
EBAY_AU: page 5
EBAY_AU: fetched 1000 items
EBAY_GB: page 1
EBAY_GB: page 2
EBAY_GB: page 3
EBAY_GB: page 4
EBAY_GB: page 5
EBAY_GB: fetched 1000 items
EBAY_DE: page 1
EBAY_DE: page 2
EBAY_DE: page 3
EBAY_DE: page 4
EBAY_DE: page 5
EBAY_DE: fetched 1000 items
Inserted 3856 into temp db.
Fetched and saved 3856 summaries
History rows inserted: 700
Marked 0 listings as sold.
Marked 562 listings as ended.
Finished main_fetch.py job
2026-06-25 16:30:03 - Starting main_fetch.py job
EBAY_US: page 1
EBAY_US: page 2
EBAY_US: page 3
EBAY_US: page 4
EBAY_US: page 5
EBAY_US: fetched 1000 items
EBAY_AU: page 1
EBAY_AU: page 2
EBAY_AU: page 3
EBAY_AU: page 4
EBAY_AU: page 5
EBAY_AU: fetched 1000 items
EBAY_GB: page 1
EBAY_GB: page 2
EBAY_GB: page 3
EBAY_GB: page 4
EBAY_GB: page 5
EBAY_GB: fetched 1000 items
EBAY_DE: page 1
EBAY_DE: page 2
EBAY_DE: page 3
EBAY_DE: page 4
EBAY_DE: page 5
EBAY_DE: fetched 1000 items
Inserted 3983 into temp db.
Fetched and saved 3983 summaries
History rows inserted: 747
Marked 0 listings as sold.
Marked 939 listings as ended.
Finished main_fetch.py job
2026-06-25 20:30:03 - Starting main_fetch.py job
EBAY_US: page 1
EBAY_US: page 2
EBAY_US: page 3
EBAY_US: page 4
EBAY_US: page 5
EBAY_US: fetched 1000 items
EBAY_AU: page 1
EBAY_AU: page 2
EBAY_AU: page 3
EBAY_AU: page 4
EBAY_AU: page 5
EBAY_AU: fetched 1000 items
EBAY_GB: page 1
EBAY_GB: page 2
EBAY_GB: page 3
EBAY_GB: page 4
EBAY_GB: page 5
EBAY_GB: fetched 1000 items
EBAY_DE: page 1
EBAY_DE: page 2
EBAY_DE: page 3
EBAY_DE: page 4
EBAY_DE: page 5
EBAY_DE: fetched 1000 items
Inserted 3794 into temp db.
Fetched and saved 3794 summaries
History rows inserted: 680
Marked 0 listings as sold.
Marked 551 listings as ended.
Finished main_fetch.py job
2026-06-26 00:30:03 - Starting main_fetch.py job
EBAY_US: page 1
EBAY_US: page 2
EBAY_US: page 3
EBAY_US: page 4
EBAY_US: page 5
EBAY_US: fetched 1000 items
EBAY_AU: page 1
EBAY_AU: page 2
EBAY_AU: page 3
EBAY_AU: page 4
EBAY_AU: page 5
EBAY_AU: fetched 1000 items
EBAY_GB: page 1
EBAY_GB: page 2
EBAY_GB: page 3
EBAY_GB: page 4
EBAY_GB: page 5
EBAY_GB: fetched 1000 items
EBAY_DE: page 1
EBAY_DE: page 2
EBAY_DE: page 3
EBAY_DE: page 4
EBAY_DE: page 5
EBAY_DE: fetched 1000 items
Inserted 3809 into temp db.
Fetched and saved 3809 summaries
History rows inserted: 533
Marked 0 listings as sold.
Marked 775 listings as ended.
Finished main_fetch.py job
2026-06-26 04:30:03 - Starting main_fetch.py job
EBAY_US: page 1
EBAY_US: page 2
EBAY_US: page 3
EBAY_US: page 4
EBAY_US: page 5
EBAY_US: fetched 1000 items
EBAY_AU: page 1
EBAY_AU: page 2
EBAY_AU: page 3
EBAY_AU: page 4
EBAY_AU: page 5
EBAY_AU: fetched 1000 items
EBAY_GB: page 1
EBAY_GB: page 2
EBAY_GB: page 3
EBAY_GB: page 4
EBAY_GB: page 5
EBAY_GB: fetched 1000 items
EBAY_DE: page 1
EBAY_DE: page 2
EBAY_DE: page 3
EBAY_DE: page 4
EBAY_DE: page 5
EBAY_DE: fetched 1000 items
Inserted 3796 into temp db.
Fetched and saved 3796 summaries
History rows inserted: 447
Marked 0 listings as sold.
Marked 404 listings as ended.
Finished main_fetch.py job
2026-06-26 08:30:02 - Starting main_fetch.py job
EBAY_US: page 1
EBAY_US: page 2
EBAY_US: page 3
EBAY_US: page 4
EBAY_US: page 5
EBAY_US: fetched 1000 items
EBAY_AU: page 1
EBAY_AU: page 2
EBAY_AU: page 3
EBAY_AU: page 4
EBAY_AU: page 5
EBAY_AU: fetched 1000 items
EBAY_GB: page 1
EBAY_GB: page 2
EBAY_GB: page 3
EBAY_GB: page 4
EBAY_GB: page 5
EBAY_GB: fetched 1000 items
EBAY_DE: page 1
EBAY_DE: page 2
EBAY_DE: page 3
EBAY_DE: page 4
EBAY_DE: page 5
EBAY_DE: fetched 1000 items
Inserted 3824 into temp db.
Fetched and saved 3824 summaries
History rows inserted: 534
Marked 0 listings as sold.
Marked 436 listings as ended.
Finished main_fetch.py job
2026-06-26 12:30:03 - Starting main_fetch.py job
EBAY_US: page 1
EBAY_US: page 2
EBAY_US: page 3
EBAY_US: page 4
EBAY_US: page 5
EBAY_US: fetched 1000 items
EBAY_AU: page 1
EBAY_AU: page 2
EBAY_AU: page 3
EBAY_AU: page 4
EBAY_AU: page 5
EBAY_AU: fetched 1000 items
EBAY_GB: page 1
EBAY_GB: page 2
EBAY_GB: page 3
EBAY_GB: page 4
EBAY_GB: page 5
EBAY_GB: fetched 1000 items
EBAY_DE: page 1
EBAY_DE: page 2
EBAY_DE: page 3
EBAY_DE: page 4
EBAY_DE: page 5
EBAY_DE: fetched 1000 items
Inserted 3888 into temp db.
Fetched and saved 3888 summaries
History rows inserted: 638
Marked 0 listings as sold.
Marked 515 listings as ended.
Finished main_fetch.py job
2026-06-26 16:30:03 - Starting main_fetch.py job
EBAY_US: page 1
EBAY_US: page 2
EBAY_US: page 3
EBAY_US: page 4
EBAY_US: page 5
EBAY_US: fetched 1000 items
EBAY_AU: page 1
EBAY_AU: page 2
EBAY_AU: page 3
EBAY_AU: page 4
EBAY_AU: page 5
EBAY_AU: fetched 1000 items
EBAY_GB: page 1
EBAY_GB: page 2
EBAY_GB: page 3
EBAY_GB: page 4
EBAY_GB: page 5
EBAY_GB: fetched 1000 items
EBAY_DE: page 1
EBAY_DE: page 2
EBAY_DE: page 3
EBAY_DE: page 4
EBAY_DE: page 5
EBAY_DE: fetched 1000 items
Inserted 3980 into temp db.
Fetched and saved 3980 summaries
History rows inserted: 698
Marked 0 listings as sold.
Marked 867 listings as ended.
Finished main_fetch.py job
2026-06-26 20:30:03 - Starting main_fetch.py job
EBAY_US: page 1
EBAY_US: page 2
EBAY_US: page 3
EBAY_US: page 4
EBAY_US: page 5
EBAY_US: fetched 1000 items
EBAY_AU: page 1
EBAY_AU: page 2
EBAY_AU: page 3
EBAY_AU: page 4
EBAY_AU: page 5
EBAY_AU: fetched 1000 items
EBAY_GB: page 1
EBAY_GB: page 2
EBAY_GB: page 3
EBAY_GB: page 4
EBAY_GB: page 5
EBAY_GB: fetched 1000 items
EBAY_DE: page 1
EBAY_DE: page 2
EBAY_DE: page 3
EBAY_DE: page 4
EBAY_DE: page 5
EBAY_DE: fetched 1000 items
Inserted 3976 into temp db.
Fetched and saved 3976 summaries
History rows inserted: 766
Marked 0 listings as sold.
Marked 727 listings as ended.
Finished main_fetch.py job
2026-06-27 00:30:03 - Starting main_fetch.py job
EBAY_US: page 1
EBAY_US: page 2
EBAY_US: page 3
EBAY_US: page 4
EBAY_US: page 5
EBAY_US: fetched 1000 items
EBAY_AU: page 1
EBAY_AU: page 2
EBAY_AU: page 3
EBAY_AU: page 4
EBAY_AU: page 5
EBAY_AU: fetched 1000 items
EBAY_GB: page 1
EBAY_GB: page 2
EBAY_GB: page 3
EBAY_GB: page 4
EBAY_GB: page 5
EBAY_GB: fetched 1000 items
EBAY_DE: page 1
EBAY_DE: page 2
EBAY_DE: page 3
EBAY_DE: page 4
EBAY_DE: page 5
EBAY_DE: fetched 1000 items
Inserted 3969 into temp db.
Fetched and saved 3969 summaries
History rows inserted: 503
Marked 0 listings as sold.
Marked 782 listings as ended.
Finished main_fetch.py job
2026-06-27 04:30:02 - Starting main_fetch.py job
EBAY_US: page 1
EBAY_US: page 2
EBAY_US: page 3
EBAY_US: page 4
EBAY_US: page 5
EBAY_US: fetched 1000 items
EBAY_AU: page 1
EBAY_AU: page 2
EBAY_AU: page 3
EBAY_AU: page 4
EBAY_AU: page 5
EBAY_AU: fetched 1000 items
EBAY_GB: page 1
EBAY_GB: page 2
EBAY_GB: page 3
EBAY_GB: page 4
EBAY_GB: page 5
EBAY_GB: fetched 1000 items
EBAY_DE: page 1
EBAY_DE: page 2
EBAY_DE: page 3
EBAY_DE: page 4
EBAY_DE: page 5
EBAY_DE: fetched 1000 items
Inserted 3821 into temp db.
Fetched and saved 3821 summaries
History rows inserted: 464
Marked 0 listings as sold.
Marked 424 listings as ended.
Finished main_fetch.py job
2026-06-27 08:30:02 - Starting main_fetch.py job
EBAY_US: page 1
EBAY_US: page 2
EBAY_US: page 3
EBAY_US: page 4
EBAY_US: page 5
EBAY_US: fetched 1000 items
EBAY_AU: page 1
EBAY_AU: page 2
EBAY_AU: page 3
EBAY_AU: page 4
EBAY_AU: page 5
EBAY_AU: fetched 1000 items
EBAY_GB: page 1
EBAY_GB: page 2
EBAY_GB: page 3
EBAY_GB: page 4
EBAY_GB: page 5
EBAY_GB: fetched 1000 items
EBAY_DE: page 1
EBAY_DE: page 2
EBAY_DE: page 3
EBAY_DE: page 4
EBAY_DE: page 5
EBAY_DE: fetched 1000 items
Inserted 3980 into temp db.
Fetched and saved 3980 summaries
History rows inserted: 417
Marked 0 listings as sold.
Marked 517 listings as ended.
Finished main_fetch.py job
2026-06-27 12:30:02 - Starting main_fetch.py job
EBAY_US: page 1
EBAY_US: page 2
EBAY_US: page 3
EBAY_US: page 4
EBAY_US: page 5
EBAY_US: fetched 1000 items
EBAY_AU: page 1
EBAY_AU: page 2
EBAY_AU: page 3
EBAY_AU: page 4
EBAY_AU: page 5
EBAY_AU: fetched 1000 items
EBAY_GB: page 1
EBAY_GB: page 2
EBAY_GB: page 3
EBAY_GB: page 4
EBAY_GB: page 5
EBAY_GB: fetched 1000 items
EBAY_DE: page 1
EBAY_DE: page 2
EBAY_DE: page 3
EBAY_DE: page 4
EBAY_DE: page 5
EBAY_DE: fetched 1000 items
Inserted 3850 into temp db.
Fetched and saved 3850 summaries
History rows inserted: 733
Marked 0 listings as sold.
Marked 550 listings as ended.
Finished main_fetch.py job
2026-06-27 16:30:03 - Starting main_fetch.py job
EBAY_US: page 1
EBAY_US: page 2
EBAY_US: page 3
EBAY_US: page 4
EBAY_US: page 5
EBAY_US: fetched 1000 items
EBAY_AU: page 1
EBAY_AU: page 2
EBAY_AU: page 3
EBAY_AU: page 4
EBAY_AU: page 5
EBAY_AU: fetched 1000 items
EBAY_GB: page 1
EBAY_GB: page 2
EBAY_GB: page 3
EBAY_GB: page 4
EBAY_GB: page 5
EBAY_GB: fetched 1000 items
EBAY_DE: page 1
EBAY_DE: page 2
EBAY_DE: page 3
EBAY_DE: page 4
EBAY_DE: page 5
EBAY_DE: fetched 1000 items
Inserted 3848 into temp db.
Fetched and saved 3848 summaries
History rows inserted: 746
Marked 0 listings as sold.
Marked 738 listings as ended.
Finished main_fetch.py job
2026-06-27 20:30:03 - Starting main_fetch.py job
EBAY_US: page 1
EBAY_US: page 2
EBAY_US: page 3
EBAY_US: page 4
EBAY_US: page 5
EBAY_US: fetched 1000 items
EBAY_AU: page 1
EBAY_AU: page 2
EBAY_AU: page 3
EBAY_AU: page 4
EBAY_AU: page 5
EBAY_AU: fetched 1000 items
EBAY_GB: page 1
EBAY_GB: page 2
EBAY_GB: page 3
EBAY_GB: page 4
EBAY_GB: page 5
EBAY_GB: fetched 1000 items
EBAY_DE: page 1
EBAY_DE: page 2
EBAY_DE: page 3
EBAY_DE: page 4
EBAY_DE: page 5
EBAY_DE: fetched 1000 items
Inserted 3854 into temp db.
Fetched and saved 3854 summaries
History rows inserted: 799
Marked 0 listings as sold.
Marked 631 listings as ended.
Finished main_fetch.py job
2026-06-28 00:30:03 - Starting main_fetch.py job
EBAY_US: page 1
EBAY_US: page 2
EBAY_US: page 3
EBAY_US: page 4
EBAY_US: page 5
EBAY_US: fetched 1000 items
EBAY_AU: page 1
EBAY_AU: page 2
EBAY_AU: page 3
EBAY_AU: page 4
EBAY_AU: page 5
EBAY_AU: fetched 1000 items
EBAY_GB: page 1
EBAY_GB: page 2
EBAY_GB: page 3
EBAY_GB: page 4
EBAY_GB: page 5
EBAY_GB: fetched 1000 items
EBAY_DE: page 1
EBAY_DE: page 2
EBAY_DE: page 3
EBAY_DE: page 4
EBAY_DE: page 5
EBAY_DE: fetched 1000 items
Inserted 3984 into temp db.
Fetched and saved 3984 summaries
History rows inserted: 500
Marked 0 listings as sold.
Marked 522 listings as ended.
Finished main_fetch.py job
2026-06-28 04:30:03 - Starting main_fetch.py job
EBAY_US: page 1
EBAY_US: page 2
EBAY_US: page 3
EBAY_US: page 4
EBAY_US: page 5
EBAY_US: fetched 1000 items
EBAY_AU: page 1
EBAY_AU: page 2
EBAY_AU: page 3
EBAY_AU: page 4
EBAY_AU: page 5
EBAY_AU: fetched 1000 items
EBAY_GB: page 1
EBAY_GB: page 2
EBAY_GB: page 3
EBAY_GB: page 4
EBAY_GB: page 5
EBAY_GB: fetched 1000 items
EBAY_DE: page 1
EBAY_DE: page 2
EBAY_DE: page 3
EBAY_DE: page 4
EBAY_DE: page 5
EBAY_DE: fetched 1000 items
Inserted 3811 into temp db.
Fetched and saved 3811 summaries
History rows inserted: 499
Marked 0 listings as sold.
Marked 773 listings as ended.
Finished main_fetch.py job
2026-06-28 08:30:03 - Starting main_fetch.py job
EBAY_US: page 1
EBAY_US: page 2
EBAY_US: page 3
EBAY_US: page 4
EBAY_US: page 5
EBAY_US: fetched 1000 items
EBAY_AU: page 1
EBAY_AU: page 2
EBAY_AU: page 3
EBAY_AU: page 4
EBAY_AU: page 5
EBAY_AU: fetched 1000 items
EBAY_GB: page 1
EBAY_GB: page 2
EBAY_GB: page 3
EBAY_GB: page 4
EBAY_GB: page 5
EBAY_GB: fetched 1000 items
EBAY_DE: page 1
EBAY_DE: page 2
EBAY_DE: page 3
EBAY_DE: page 4
EBAY_DE: page 5
EBAY_DE: fetched 1000 items
Inserted 3990 into temp db.
Fetched and saved 3990 summaries
History rows inserted: 525
Marked 0 listings as sold.
Marked 595 listings as ended.
Finished main_fetch.py job
2026-06-28 12:30:02 - Starting main_fetch.py job
EBAY_US: page 1
EBAY_US: page 2
EBAY_US: page 3
EBAY_US: page 4
EBAY_US: page 5
EBAY_US: fetched 1000 items
EBAY_AU: page 1
EBAY_AU: page 2
EBAY_AU: page 3
EBAY_AU: page 4
EBAY_AU: page 5
EBAY_AU: fetched 1000 items
EBAY_GB: page 1
EBAY_GB: page 2
EBAY_GB: page 3
EBAY_GB: page 4
EBAY_GB: page 5
EBAY_GB: fetched 1000 items
EBAY_DE: page 1
EBAY_DE: page 2
EBAY_DE: page 3
EBAY_DE: page 4
EBAY_DE: page 5
EBAY_DE: fetched 1000 items
Inserted 3848 into temp db.
Fetched and saved 3848 summaries
History rows inserted: 764
Marked 0 listings as sold.
Marked 499 listings as ended.
Finished main_fetch.py job
2026-06-28 16:30:03 - Starting main_fetch.py job
EBAY_US: page 1
EBAY_US: page 2
EBAY_US: page 3
EBAY_US: page 4
EBAY_US: page 5
EBAY_US: fetched 1000 items
EBAY_AU: page 1
EBAY_AU: page 2
EBAY_AU: page 3
EBAY_AU: page 4
EBAY_AU: page 5
EBAY_AU: fetched 1000 items
EBAY_GB: page 1
EBAY_GB: page 2
EBAY_GB: page 3
EBAY_GB: page 4
EBAY_GB: page 5
EBAY_GB: fetched 1000 items
EBAY_DE: page 1
EBAY_DE: page 2
EBAY_DE: page 3
EBAY_DE: page 4
EBAY_DE: page 5
EBAY_DE: fetched 1000 items
Inserted 3854 into temp db.
Fetched and saved 3854 summaries
History rows inserted: 957
Marked 0 listings as sold.
Marked 947 listings as ended.
Finished main_fetch.py job
2026-06-28 20:30:03 - Starting main_fetch.py job
EBAY_US: page 1
EBAY_US: page 2
EBAY_US: page 3
EBAY_US: page 4
EBAY_US: page 5
EBAY_US: fetched 1000 items
EBAY_AU: page 1
EBAY_AU: page 2
EBAY_AU: page 3
EBAY_AU: page 4
EBAY_AU: page 5
EBAY_AU: fetched 1000 items
EBAY_GB: page 1
EBAY_GB: page 2
EBAY_GB: page 3
EBAY_GB: page 4
EBAY_GB: page 5
EBAY_GB: fetched 1000 items
EBAY_DE: page 1
EBAY_DE: page 2
EBAY_DE: page 3
EBAY_DE: page 4
EBAY_DE: page 5
EBAY_DE: fetched 1000 items
Inserted 3875 into temp db.
Fetched and saved 3875 summaries
History rows inserted: 1010
Marked 0 listings as sold.
Marked 569 listings as ended.
Finished main_fetch.py job
2026-06-29 00:30:03 - Starting main_fetch.py job
EBAY_US: page 1
EBAY_US: page 2
EBAY_US: page 3
EBAY_US: page 4
EBAY_US: page 5
EBAY_US: fetched 1000 items
EBAY_AU: page 1
EBAY_AU: page 2
EBAY_AU: page 3
EBAY_AU: page 4
EBAY_AU: page 5
EBAY_AU: fetched 1000 items
EBAY_GB: page 1
EBAY_GB: page 2
EBAY_GB: page 3
EBAY_GB: page 4
EBAY_GB: page 5
EBAY_GB: fetched 1000 items
EBAY_DE: page 1
EBAY_DE: page 2
EBAY_DE: page 3
EBAY_DE: page 4
EBAY_DE: page 5
EBAY_DE: fetched 1000 items
Inserted 3989 into temp db.
Fetched and saved 3989 summaries
History rows inserted: 565
Marked 0 listings as sold.
Marked 617 listings as ended.
Finished main_fetch.py job
2026-06-29 04:30:03 - Starting main_fetch.py job
EBAY_US: page 1
EBAY_US: page 2
EBAY_US: page 3
EBAY_US: page 4
EBAY_US: page 5
EBAY_US: fetched 1000 items
EBAY_AU: page 1
EBAY_AU: page 2
EBAY_AU: page 3
EBAY_AU: page 4
EBAY_AU: page 5
EBAY_AU: fetched 1000 items
EBAY_GB: page 1
EBAY_GB: page 2
EBAY_GB: page 3
EBAY_GB: page 4
EBAY_GB: page 5
EBAY_GB: fetched 1000 items
EBAY_DE: page 1
EBAY_DE: page 2
EBAY_DE: page 3
EBAY_DE: page 4
EBAY_DE: page 5
EBAY_DE: fetched 1000 items
Inserted 3896 into temp db.
Fetched and saved 3896 summaries
History rows inserted: 544
Marked 0 listings as sold.
Marked 441 listings as ended.
Finished main_fetch.py job
2026-06-29 08:30:02 - Starting main_fetch.py job
EBAY_US: page 1
EBAY_US: page 2
EBAY_US: page 3
EBAY_US: page 4
EBAY_US: page 5
EBAY_US: fetched 1000 items
EBAY_AU: page 1
EBAY_AU: page 2
EBAY_AU: page 3
EBAY_AU: page 4
EBAY_AU: page 5
EBAY_AU: fetched 1000 items
EBAY_GB: page 1
EBAY_GB: page 2
EBAY_GB: page 3
EBAY_GB: page 4
EBAY_GB: page 5
EBAY_GB: fetched 1000 items
EBAY_DE: page 1
EBAY_DE: page 2
EBAY_DE: page 3
EBAY_DE: page 4
EBAY_DE: page 5
EBAY_DE: fetched 1000 items
Inserted 3989 into temp db.
Fetched and saved 3989 summaries
History rows inserted: 463
Marked 0 listings as sold.
Marked 471 listings as ended.
Finished main_fetch.py job
2026-06-29 12:30:03 - Starting main_fetch.py job
EBAY_US: page 1
EBAY_US: page 2
EBAY_US: page 3
EBAY_US: page 4
EBAY_US: page 5
EBAY_US: fetched 1000 items
EBAY_AU: page 1
EBAY_AU: page 2
EBAY_AU: page 3
EBAY_AU: page 4
EBAY_AU: page 5
EBAY_AU: fetched 1000 items
EBAY_GB: page 1
EBAY_GB: page 2
EBAY_GB: page 3
EBAY_GB: page 4
EBAY_GB: page 5
EBAY_GB: fetched 1000 items
EBAY_DE: page 1
EBAY_DE: page 2
EBAY_DE: page 3
EBAY_DE: page 4
EBAY_DE: page 5
EBAY_DE: fetched 1000 items
Inserted 3936 into temp db.
Fetched and saved 3936 summaries
History rows inserted: 627
Marked 0 listings as sold.
Marked 756 listings as ended.
Finished main_fetch.py job
2026-06-29 16:30:03 - Starting main_fetch.py job
EBAY_US: page 1
EBAY_US: page 2
EBAY_US: page 3
EBAY_US: page 4
EBAY_US: page 5
EBAY_US: fetched 1000 items
EBAY_AU: page 1
EBAY_AU: page 2
EBAY_AU: page 3
EBAY_AU: page 4
EBAY_AU: page 5
EBAY_AU: fetched 1000 items
EBAY_GB: page 1
EBAY_GB: page 2
EBAY_GB: page 3
EBAY_GB: page 4
EBAY_GB: page 5
EBAY_GB: fetched 1000 items
EBAY_DE: page 1
EBAY_DE: page 2
EBAY_DE: page 3
EBAY_DE: page 4
EBAY_DE: page 5
EBAY_DE: fetched 1000 items
Inserted 3983 into temp db.
Fetched and saved 3983 summaries
History rows inserted: 901
Marked 0 listings as sold.
Marked 840 listings as ended.
Finished main_fetch.py job
2026-06-29 20:30:03 - Starting main_fetch.py job
EBAY_US: page 1
EBAY_US: page 2
EBAY_US: page 3
EBAY_US: page 4
EBAY_US: page 5
EBAY_US: fetched 1000 items
EBAY_AU: page 1
EBAY_AU: page 2
EBAY_AU: page 3
EBAY_AU: page 4
EBAY_AU: page 5
EBAY_AU: fetched 1000 items
EBAY_GB: page 1
EBAY_GB: page 2
EBAY_GB: page 3
EBAY_GB: page 4
EBAY_GB: page 5
EBAY_GB: fetched 1000 items
EBAY_DE: page 1
EBAY_DE: page 2
EBAY_DE: page 3
EBAY_DE: page 4
EBAY_DE: page 5
EBAY_DE: fetched 1000 items
Inserted 3886 into temp db.
Fetched and saved 3886 summaries
History rows inserted: 868
Marked 0 listings as sold.
Marked 581 listings as ended.
Finished main_fetch.py job
2026-06-30 00:30:03 - Starting main_fetch.py job
EBAY_US: page 1
EBAY_US: page 2
EBAY_US: page 3
EBAY_US: page 4
EBAY_US: page 5
EBAY_US: fetched 1000 items
EBAY_AU: page 1
EBAY_AU: page 2
EBAY_AU: page 3
EBAY_AU: page 4
EBAY_AU: page 5
EBAY_AU: fetched 1000 items
EBAY_GB: page 1
EBAY_GB: page 2
EBAY_GB: page 3
EBAY_GB: page 4
EBAY_GB: page 5
EBAY_GB: fetched 1000 items
EBAY_DE: page 1
EBAY_DE: page 2
EBAY_DE: page 3
EBAY_DE: page 4
EBAY_DE: page 5
EBAY_DE: fetched 1000 items
Inserted 3973 into temp db.
Fetched and saved 3973 summaries
History rows inserted: 481
Marked 0 listings as sold.
Marked 640 listings as ended.
Finished main_fetch.py job
2026-06-30 04:30:03 - Starting main_fetch.py job
EBAY_US: page 1
EBAY_US: page 2
EBAY_US: page 3
EBAY_US: page 4
EBAY_US: page 5
EBAY_US: fetched 1000 items
EBAY_AU: page 1
EBAY_AU: page 2
EBAY_AU: page 3
EBAY_AU: page 4
EBAY_AU: page 5
EBAY_AU: fetched 1000 items
EBAY_GB: page 1
EBAY_GB: page 2
EBAY_GB: page 3
EBAY_GB: page 4
EBAY_GB: page 5
EBAY_GB: fetched 1000 items
EBAY_DE: page 1
EBAY_DE: page 2
EBAY_DE: page 3
EBAY_DE: page 4
EBAY_DE: page 5
EBAY_DE: fetched 1000 items
Inserted 3935 into temp db.
Fetched and saved 3935 summaries
History rows inserted: 682
Marked 0 listings as sold.
Marked 540 listings as ended.
Finished main_fetch.py job
2026-06-30 08:30:02 - Starting main_fetch.py job
EBAY_US: page 1
EBAY_US: page 2
EBAY_US: page 3
EBAY_US: page 4
EBAY_US: page 5
EBAY_US: fetched 1000 items
EBAY_AU: page 1
EBAY_AU: page 2
EBAY_AU: page 3
EBAY_AU: page 4
EBAY_AU: page 5
EBAY_AU: fetched 1000 items
EBAY_GB: page 1
EBAY_GB: page 2
EBAY_GB: page 3
EBAY_GB: page 4
EBAY_GB: page 5
EBAY_GB: fetched 1000 items
EBAY_DE: page 1
EBAY_DE: page 2
EBAY_DE: page 3
EBAY_DE: page 4
EBAY_DE: page 5
EBAY_DE: fetched 1000 items
Inserted 3985 into temp db.
Fetched and saved 3985 summaries
History rows inserted: 646
Marked 0 listings as sold.
Marked 530 listings as ended.
Finished main_fetch.py job
2026-06-30 12:30:03 - Starting main_fetch.py job
EBAY_US: page 1
EBAY_US: page 2
EBAY_US: page 3
EBAY_US: page 4
EBAY_US: page 5
EBAY_US: fetched 1000 items
EBAY_AU: page 1
EBAY_AU: page 2
EBAY_AU: page 3
EBAY_AU: page 4
EBAY_AU: page 5
EBAY_AU: fetched 1000 items
EBAY_GB: page 1
EBAY_GB: page 2
EBAY_GB: page 3
EBAY_GB: page 4
EBAY_GB: page 5
EBAY_GB: fetched 1000 items
EBAY_DE: page 1
EBAY_DE: page 2
EBAY_DE: page 3
EBAY_DE: page 4
EBAY_DE: page 5
EBAY_DE: fetched 1000 items
Inserted 3951 into temp db.
Fetched and saved 3951 summaries
History rows inserted: 894
Marked 0 listings as sold.
Marked 851 listings as ended.
Finished main_fetch.py job
2026-06-30 16:30:03 - Starting main_fetch.py job
EBAY_US: page 1
EBAY_US: page 2
EBAY_US: page 3
EBAY_US: page 4
EBAY_US: page 5
EBAY_US: fetched 1000 items
EBAY_AU: page 1
EBAY_AU: page 2
EBAY_AU: page 3
EBAY_AU: page 4
EBAY_AU: page 5
EBAY_AU: fetched 1000 items
EBAY_GB: page 1
EBAY_GB: page 2
EBAY_GB: page 3
EBAY_GB: page 4
EBAY_GB: page 5
EBAY_GB: fetched 1000 items
EBAY_DE: page 1
EBAY_DE: page 2
EBAY_DE: page 3
EBAY_DE: page 4
EBAY_DE: page 5
EBAY_DE: fetched 1000 items
Inserted 3980 into temp db.
Fetched and saved 3980 summaries
History rows inserted: 757
Marked 0 listings as sold.
Marked 984 listings as ended.
Finished main_fetch.py job
2026-06-30 20:30:03 - Starting main_fetch.py job
EBAY_US: page 1
EBAY_US: page 2
EBAY_US: page 3
EBAY_US: page 4
EBAY_US: page 5
EBAY_US: fetched 1000 items
EBAY_AU: page 1
EBAY_AU: page 2
EBAY_AU: page 3
EBAY_AU: page 4
EBAY_AU: page 5
EBAY_AU: fetched 1000 items
EBAY_GB: page 1
EBAY_GB: page 2
EBAY_GB: page 3
EBAY_GB: page 4
EBAY_GB: page 5
EBAY_GB: fetched 1000 items
EBAY_DE: page 1
EBAY_DE: page 2
EBAY_DE: page 3
EBAY_DE: page 4
EBAY_DE: page 5
EBAY_DE: fetched 1000 items
Inserted 3988 into temp db.
Fetched and saved 3988 summaries
History rows inserted: 879
Marked 0 listings as sold.
Marked 787 listings as ended.
Finished main_fetch.py job
2026-07-01 00:30:02 - Starting main_fetch.py job
EBAY_US: page 1
EBAY_US: page 2
EBAY_US: page 3
EBAY_US: page 4
EBAY_US: page 5
EBAY_US: fetched 1000 items
EBAY_AU: page 1
EBAY_AU: page 2
EBAY_AU: page 3
EBAY_AU: page 4
EBAY_AU: page 5
EBAY_AU: fetched 1000 items
EBAY_GB: page 1
EBAY_GB: page 2
EBAY_GB: page 3
EBAY_GB: page 4
EBAY_GB: page 5
EBAY_GB: fetched 1000 items
EBAY_DE: page 1
EBAY_DE: page 2
EBAY_DE: page 3
EBAY_DE: page 4
EBAY_DE: page 5
EBAY_DE: fetched 1000 items
Inserted 3987 into temp db.
Fetched and saved 3987 summaries
History rows inserted: 529
Marked 0 listings as sold.
Marked 829 listings as ended.
Finished main_fetch.py job
2026-07-01 04:30:03 - Starting main_fetch.py job
EBAY_US: page 1
EBAY_US: page 2
EBAY_US: page 3
EBAY_US: page 4
EBAY_US: page 5
EBAY_US: fetched 1000 items
EBAY_AU: page 1
EBAY_AU: page 2
EBAY_AU: page 3
EBAY_AU: page 4
EBAY_AU: page 5
EBAY_AU: fetched 1000 items
EBAY_GB: page 1
EBAY_GB: page 2
EBAY_GB: page 3
EBAY_GB: page 4
EBAY_GB: page 5
EBAY_GB: fetched 1000 items
EBAY_DE: page 1
EBAY_DE: page 2
EBAY_DE: page 3
EBAY_DE: page 4
EBAY_DE: page 5
EBAY_DE: fetched 1000 items
Inserted 3922 into temp db.
Fetched and saved 3922 summaries
History rows inserted: 505
Marked 0 listings as sold.
Marked 512 listings as ended.
Finished main_fetch.py job
2026-07-01 08:30:03 - Starting main_fetch.py job
EBAY_US: page 1
EBAY_US: page 2
EBAY_US: page 3
EBAY_US: page 4
EBAY_US: page 5
EBAY_US: fetched 1000 items
EBAY_AU: page 1
EBAY_AU: page 2
EBAY_AU: page 3
EBAY_AU: page 4
EBAY_AU: page 5
EBAY_AU: fetched 1000 items
EBAY_GB: page 1
EBAY_GB: page 2
EBAY_GB: page 3
EBAY_GB: page 4
EBAY_GB: page 5
EBAY_GB: fetched 1000 items
EBAY_DE: page 1
EBAY_DE: page 2
EBAY_DE: page 3
EBAY_DE: page 4
EBAY_DE: page 5
EBAY_DE: fetched 1000 items
Inserted 3988 into temp db.
Fetched and saved 3988 summaries
History rows inserted: 588
Marked 0 listings as sold.
Marked 501 listings as ended.
Finished main_fetch.py job
2026-07-01 12:30:03 - Starting main_fetch.py job
EBAY_US: page 1
EBAY_US: page 2
EBAY_US: page 3
EBAY_US: page 4
EBAY_US: page 5
EBAY_US: fetched 1000 items
EBAY_AU: page 1
EBAY_AU: page 2
EBAY_AU: page 3
EBAY_AU: page 4
EBAY_AU: page 5
EBAY_AU: fetched 1000 items
EBAY_GB: page 1
EBAY_GB: page 2
EBAY_GB: page 3
EBAY_GB: page 4
EBAY_GB: page 5
EBAY_GB: fetched 1000 items
EBAY_DE: page 1
EBAY_DE: page 2
EBAY_DE: page 3
EBAY_DE: page 4
EBAY_DE: page 5
EBAY_DE: fetched 1000 items
Inserted 3987 into temp db.
Fetched and saved 3987 summaries
History rows inserted: 689
Marked 0 listings as sold.
Marked 643 listings as ended.
Finished main_fetch.py job
2026-07-01 16:30:03 - Starting main_fetch.py job
EBAY_US: page 1
EBAY_US: page 2
EBAY_US: page 3
EBAY_US: page 4
EBAY_US: page 5
EBAY_US: fetched 1000 items
EBAY_AU: page 1
EBAY_AU: page 2
EBAY_AU: page 3
EBAY_AU: page 4
EBAY_AU: page 5
EBAY_AU: fetched 1000 items
EBAY_GB: page 1
EBAY_GB: page 2
EBAY_GB: page 3
EBAY_GB: page 4
EBAY_GB: page 5
EBAY_GB: fetched 1000 items
EBAY_DE: page 1
EBAY_DE: page 2
EBAY_DE: page 3
EBAY_DE: page 4
EBAY_DE: page 5
EBAY_DE: fetched 1000 items
Inserted 3987 into temp db.
Fetched and saved 3987 summaries
History rows inserted: 823
Marked 0 listings as sold.
Marked 908 listings as ended.
Finished main_fetch.py job
2026-07-01 20:30:03 - Starting main_fetch.py job
EBAY_US: page 1
EBAY_US: page 2
EBAY_US: page 3
EBAY_US: page 4
EBAY_US: page 5
EBAY_US: fetched 1000 items
EBAY_AU: page 1
EBAY_AU: page 2
EBAY_AU: page 3
EBAY_AU: page 4
EBAY_AU: page 5
EBAY_AU: fetched 1000 items
EBAY_GB: page 1
EBAY_GB: page 2
EBAY_GB: page 3
EBAY_GB: page 4
EBAY_GB: page 5
EBAY_GB: fetched 1000 items
EBAY_DE: page 1
EBAY_DE: page 2
EBAY_DE: page 3
EBAY_DE: page 4
EBAY_DE: page 5
EBAY_DE: fetched 1000 items
Inserted 3920 into temp db.
Fetched and saved 3920 summaries
History rows inserted: 900
Marked 0 listings as sold.
Marked 680 listings as ended.
Finished main_fetch.py job
2026-07-02 00:30:04 - Starting main_fetch.py job
EBAY_US: page 1
EBAY_US: page 2
EBAY_US: page 3
EBAY_US: page 4
EBAY_US: page 5
EBAY_US: fetched 1000 items
EBAY_AU: page 1
EBAY_AU: page 2
EBAY_AU: page 3
EBAY_AU: page 4
EBAY_AU: page 5
EBAY_AU: fetched 1000 items
EBAY_GB: page 1
EBAY_GB: page 2
EBAY_GB: page 3
EBAY_GB: page 4
EBAY_GB: page 5
EBAY_GB: fetched 1000 items
EBAY_DE: page 1
EBAY_DE: page 2
EBAY_DE: page 3
EBAY_DE: page 4
EBAY_DE: page 5
EBAY_DE: fetched 1000 items
Inserted 3756 into temp db.
Fetched and saved 3756 summaries
History rows inserted: 662
Marked 0 listings as sold.
Marked 836 listings as ended.
Finished main_fetch.py job
2026-07-02 04:30:03 - Starting main_fetch.py job
EBAY_US: page 1
EBAY_US: page 2
EBAY_US: page 3
EBAY_US: page 4
EBAY_US: page 5
EBAY_US: fetched 1000 items
EBAY_AU: page 1
EBAY_AU: page 2
EBAY_AU: page 3
EBAY_AU: page 4
EBAY_AU: page 5
EBAY_AU: fetched 1000 items
EBAY_GB: page 1
EBAY_GB: page 2
EBAY_GB: page 3
EBAY_GB: page 4
EBAY_GB: page 5
EBAY_GB: fetched 1000 items
EBAY_DE: page 1
EBAY_DE: page 2
EBAY_DE: page 3
EBAY_DE: page 4
EBAY_DE: page 5
EBAY_DE: fetched 1000 items
Inserted 3869 into temp db.
Fetched and saved 3869 summaries
History rows inserted: 702
Marked 0 listings as sold.
Marked 489 listings as ended.
Finished main_fetch.py job
2026-07-02 08:30:04 - Starting main_fetch.py job
EBAY_US: page 1
EBAY_US: page 2
EBAY_US: page 3
EBAY_US: page 4
EBAY_US: page 5
EBAY_US: fetched 1000 items
EBAY_AU: page 1
EBAY_AU: page 2
EBAY_AU: page 3
EBAY_AU: page 4
EBAY_AU: page 5
EBAY_AU: fetched 1000 items
EBAY_GB: page 1
EBAY_GB: page 2
EBAY_GB: page 3
EBAY_GB: page 4
EBAY_GB: page 5
EBAY_GB: fetched 1000 items
EBAY_DE: page 1
EBAY_DE: page 2
EBAY_DE: page 3
EBAY_DE: page 4
EBAY_DE: page 5
EBAY_DE: fetched 1000 items
Inserted 3981 into temp db.
Fetched and saved 3981 summaries
History rows inserted: 563
Marked 0 listings as sold.
Marked 673 listings as ended.
Finished main_fetch.py job
2026-07-02 12:30:03 - Starting main_fetch.py job
EBAY_US: page 1
EBAY_US: page 2
EBAY_US: page 3
EBAY_US: page 4
EBAY_US: page 5
EBAY_US: fetched 1000 items
EBAY_AU: page 1
EBAY_AU: page 2
EBAY_AU: page 3
EBAY_AU: page 4
EBAY_AU: page 5
EBAY_AU: fetched 1000 items
EBAY_GB: page 1
EBAY_GB: page 2
EBAY_GB: page 3
EBAY_GB: page 4
EBAY_GB: page 5
EBAY_GB: fetched 1000 items
EBAY_DE: page 1
EBAY_DE: page 2
EBAY_DE: page 3
EBAY_DE: page 4
EBAY_DE: page 5
EBAY_DE: fetched 1000 items
Inserted 3897 into temp db.
Fetched and saved 3897 summaries
History rows inserted: 1071
Marked 0 listings as sold.
Marked 583 listings as ended.
Finished main_fetch.py job
2026-07-02 16:30:03 - Starting main_fetch.py job
EBAY_US: page 1
EBAY_US: page 2
EBAY_US: page 3
EBAY_US: page 4
EBAY_US: page 5
EBAY_US: fetched 1000 items
EBAY_AU: page 1
EBAY_AU: page 2
EBAY_AU: page 3
EBAY_AU: page 4
EBAY_AU: page 5
EBAY_AU: fetched 1000 items
EBAY_GB: page 1
EBAY_GB: page 2
EBAY_GB: page 3
EBAY_GB: page 4
EBAY_GB: page 5
EBAY_GB: fetched 1000 items
EBAY_DE: page 1
EBAY_DE: page 2
EBAY_DE: page 3
EBAY_DE: page 4
EBAY_DE: page 5
EBAY_DE: fetched 1000 items
Inserted 3970 into temp db.
Fetched and saved 3970 summaries
History rows inserted: 949
Marked 0 listings as sold.
Marked 1241 listings as ended.
Finished main_fetch.py job
2026-07-02 20:30:02 - Starting main_fetch.py job
EBAY_US: page 1
EBAY_US: page 2
EBAY_US: page 3
EBAY_US: page 4
EBAY_US: page 5
EBAY_US: fetched 1000 items
EBAY_AU: page 1
EBAY_AU: page 2
EBAY_AU: page 3
EBAY_AU: page 4
EBAY_AU: page 5
EBAY_AU: fetched 1000 items
EBAY_GB: page 1
EBAY_GB: page 2
EBAY_GB: page 3
EBAY_GB: page 4
EBAY_GB: page 5
EBAY_GB: fetched 1000 items
EBAY_DE: page 1
EBAY_DE: page 2
EBAY_DE: page 3
EBAY_DE: page 4
EBAY_DE: page 5
EBAY_DE: fetched 1000 items
Inserted 3865 into temp db.
Fetched and saved 3865 summaries
History rows inserted: 904
Marked 0 listings as sold.
Marked 643 listings as ended.
Finished main_fetch.py job
2026-07-03 00:30:03 - Starting main_fetch.py job
EBAY_US: page 1
EBAY_US: page 2
EBAY_US: page 3
EBAY_US: page 4
EBAY_US: page 5
EBAY_US: fetched 1000 items
EBAY_AU: page 1
EBAY_AU: page 2
EBAY_AU: page 3
EBAY_AU: page 4
EBAY_AU: page 5
EBAY_AU: fetched 1000 items
EBAY_GB: page 1
EBAY_GB: page 2
EBAY_GB: page 3
EBAY_GB: page 4
EBAY_GB: page 5
EBAY_GB: fetched 1000 items
EBAY_DE: page 1
EBAY_DE: page 2
EBAY_DE: page 3
EBAY_DE: page 4
EBAY_DE: page 5
EBAY_DE: fetched 1000 items
Inserted 3982 into temp db.
Fetched and saved 3982 summaries
History rows inserted: 651
Marked 0 listings as sold.
Marked 825 listings as ended.
Finished main_fetch.py job
2026-07-03 04:30:03 - Starting main_fetch.py job
EBAY_US: page 1
EBAY_US: page 2
EBAY_US: page 3
EBAY_US: page 4
EBAY_US: page 5
EBAY_US: fetched 1000 items
EBAY_AU: page 1
EBAY_AU: page 2
EBAY_AU: page 3
EBAY_AU: page 4
EBAY_AU: page 5
EBAY_AU: fetched 1000 items
EBAY_GB: page 1
EBAY_GB: page 2
EBAY_GB: page 3
EBAY_GB: page 4
EBAY_GB: page 5
EBAY_GB: fetched 1000 items
EBAY_DE: page 1
EBAY_DE: page 2
EBAY_DE: page 3
EBAY_DE: page 4
EBAY_DE: page 5
EBAY_DE: fetched 1000 items
Inserted 3757 into temp db.
Fetched and saved 3757 summaries
History rows inserted: 587
Marked 0 listings as sold.
Marked 496 listings as ended.
Finished main_fetch.py job
2026-07-03 08:30:04 - Starting main_fetch.py job
EBAY_US: page 1
EBAY_US: page 2
EBAY_US: page 3
EBAY_US: page 4
EBAY_US: page 5
EBAY_US: fetched 1000 items
EBAY_AU: page 1
EBAY_AU: page 2
EBAY_AU: page 3
EBAY_AU: page 4
EBAY_AU: page 5
EBAY_AU: fetched 1000 items
EBAY_GB: page 1
EBAY_GB: page 2
EBAY_GB: page 3
EBAY_GB: page 4
EBAY_GB: page 5
EBAY_GB: fetched 1000 items
EBAY_DE: page 1
EBAY_DE: page 2
EBAY_DE: page 3
EBAY_DE: page 4
EBAY_DE: page 5
EBAY_DE: fetched 1000 items
Inserted 3973 into temp db.
Fetched and saved 3973 summaries
History rows inserted: 529
Marked 0 listings as sold.
Marked 708 listings as ended.
Finished main_fetch.py job
2026-07-03 12:30:04 - Starting main_fetch.py job
EBAY_US: page 1
EBAY_US: page 2
EBAY_US: page 3
EBAY_US: page 4
EBAY_US: page 5
EBAY_US: fetched 1000 items
EBAY_AU: page 1
EBAY_AU: page 2
EBAY_AU: page 3
EBAY_AU: page 4
EBAY_AU: page 5
EBAY_AU: fetched 1000 items
EBAY_GB: page 1
EBAY_GB: page 2
EBAY_GB: page 3
EBAY_GB: page 4
EBAY_GB: page 5
EBAY_GB: fetched 1000 items
EBAY_DE: page 1
EBAY_DE: page 2
EBAY_DE: page 3
EBAY_DE: page 4
EBAY_DE: page 5
EBAY_DE: fetched 1000 items
Inserted 3898 into temp db.
Fetched and saved 3898 summaries
History rows inserted: 828
Marked 0 listings as sold.
Marked 635 listings as ended.
Finished main_fetch.py job
2026-07-03 16:30:03 - Starting main_fetch.py job
EBAY_US: page 1
EBAY_US: page 2
EBAY_US: page 3
EBAY_US: page 4
EBAY_US: page 5
EBAY_US: fetched 1000 items
EBAY_AU: page 1
EBAY_AU: page 2
EBAY_AU: page 3
EBAY_AU: page 4
EBAY_AU: page 5
EBAY_AU: fetched 1000 items
EBAY_GB: page 1
EBAY_GB: page 2
EBAY_GB: page 3
EBAY_GB: page 4
EBAY_GB: page 5
EBAY_GB: fetched 1000 items
EBAY_DE: page 1
EBAY_DE: page 2
EBAY_DE: page 3
EBAY_DE: page 4
EBAY_DE: page 5
EBAY_DE: fetched 1000 items
Inserted 3970 into temp db.
Fetched and saved 3970 summaries
History rows inserted: 983
Marked 0 listings as sold.
Marked 979 listings as ended.
Finished main_fetch.py job
2026-07-03 20:30:03 - Starting main_fetch.py job
EBAY_US: page 1
EBAY_US: page 2
EBAY_US: page 3
EBAY_US: page 4
EBAY_US: page 5
EBAY_US: fetched 1000 items
EBAY_AU: page 1
EBAY_AU: page 2
EBAY_AU: page 3
EBAY_AU: page 4
EBAY_AU: page 5
EBAY_AU: fetched 1000 items
EBAY_GB: page 1
EBAY_GB: page 2
EBAY_GB: page 3
EBAY_GB: page 4
EBAY_GB: page 5
EBAY_GB: fetched 1000 items
EBAY_DE: page 1
EBAY_DE: page 2
EBAY_DE: page 3
EBAY_DE: page 4
EBAY_DE: page 5
EBAY_DE: fetched 1000 items
Inserted 3868 into temp db.
Fetched and saved 3868 summaries
History rows inserted: 973
Marked 0 listings as sold.
Marked 908 listings as ended.
Finished main_fetch.py job
2026-07-04 00:30:03 - Starting main_fetch.py job
EBAY_US: page 1
EBAY_US: page 2
EBAY_US: page 3
EBAY_US: page 4
EBAY_US: page 5
EBAY_US: fetched 1000 items
EBAY_AU: page 1
EBAY_AU: page 2
EBAY_AU: page 3
EBAY_AU: page 4
EBAY_AU: page 5
EBAY_AU: fetched 1000 items
EBAY_GB: page 1
EBAY_GB: page 2
EBAY_GB: page 3
EBAY_GB: page 4
EBAY_GB: page 5
EBAY_GB: fetched 1000 items
EBAY_DE: page 1
EBAY_DE: page 2
EBAY_DE: page 3
EBAY_DE: page 4
EBAY_DE: page 5
EBAY_DE: fetched 1000 items
Inserted 3979 into temp db.
Fetched and saved 3979 summaries
History rows inserted: 599
Marked 0 listings as sold.
Marked 910 listings as ended.
Finished main_fetch.py job
2026-07-04 04:30:03 - Starting main_fetch.py job
EBAY_US: page 1
EBAY_US: page 2
EBAY_US: page 3
EBAY_US: page 4
EBAY_US: page 5
EBAY_US: fetched 1000 items
EBAY_AU: page 1
EBAY_AU: page 2
EBAY_AU: page 3
EBAY_AU: page 4
EBAY_AU: page 5
EBAY_AU: fetched 1000 items
EBAY_GB: page 1
EBAY_GB: page 2
EBAY_GB: page 3
EBAY_GB: page 4
EBAY_GB: page 5
EBAY_GB: fetched 1000 items
EBAY_DE: page 1
EBAY_DE: page 2
EBAY_DE: page 3
EBAY_DE: page 4
EBAY_DE: page 5
EBAY_DE: fetched 1000 items
Inserted 3793 into temp db.
Fetched and saved 3793 summaries
History rows inserted: 527
Marked 0 listings as sold.
Marked 547 listings as ended.
Finished main_fetch.py job
2026-07-04 08:30:03 - Starting main_fetch.py job
EBAY_US: page 1
EBAY_US: page 2
EBAY_US: page 3
EBAY_US: page 4
EBAY_US: page 5
EBAY_US: fetched 1000 items
EBAY_AU: page 1
EBAY_AU: page 2
EBAY_AU: page 3
EBAY_AU: page 4
EBAY_AU: page 5
EBAY_AU: fetched 1000 items
EBAY_GB: page 1
EBAY_GB: page 2
EBAY_GB: page 3
EBAY_GB: page 4
EBAY_GB: page 5
EBAY_GB: fetched 1000 items
EBAY_DE: page 1
EBAY_DE: page 2
EBAY_DE: page 3
EBAY_DE: page 4
EBAY_DE: page 5
EBAY_DE: fetched 1000 items
Inserted 3980 into temp db.
Fetched and saved 3980 summaries
History rows inserted: 531
Marked 0 listings as sold.
Marked 708 listings as ended.
Finished main_fetch.py job
2026-07-04 12:30:03 - Starting main_fetch.py job
EBAY_US: page 1
EBAY_US: page 2
EBAY_US: page 3
EBAY_US: page 4
EBAY_US: page 5
EBAY_US: fetched 1000 items
EBAY_AU: page 1
EBAY_AU: page 2
EBAY_AU: page 3
EBAY_AU: page 4
EBAY_AU: page 5
EBAY_AU: fetched 1000 items
EBAY_GB: page 1
EBAY_GB: page 2
EBAY_GB: page 3
EBAY_GB: page 4
EBAY_GB: page 5
EBAY_GB: fetched 1000 items
EBAY_DE: page 1
EBAY_DE: page 2
EBAY_DE: page 3
EBAY_DE: page 4
EBAY_DE: page 5
EBAY_DE: fetched 1000 items
Inserted 3935 into temp db.
Fetched and saved 3935 summaries
History rows inserted: 807
Marked 0 listings as sold.
Marked 813 listings as ended.
Finished main_fetch.py job
2026-07-04 16:30:04 - Starting main_fetch.py job
EBAY_US: page 1
EBAY_US: page 2
EBAY_US: page 3
EBAY_US: page 4
EBAY_US: page 5
EBAY_US: fetched 1000 items
EBAY_AU: page 1
EBAY_AU: page 2
EBAY_AU: page 3
EBAY_AU: page 4
EBAY_AU: page 5
EBAY_AU: fetched 1000 items
EBAY_GB: page 1
EBAY_GB: page 2
EBAY_GB: page 3
EBAY_GB: page 4
EBAY_GB: page 5
EBAY_GB: fetched 1000 items
EBAY_DE: page 1
EBAY_DE: page 2
EBAY_DE: page 3
EBAY_DE: page 4
EBAY_DE: page 5
EBAY_DE: fetched 1000 items
Inserted 3983 into temp db.
Fetched and saved 3983 summaries
History rows inserted: 1008
Marked 0 listings as sold.
Marked 969 listings as ended.
Finished main_fetch.py job
2026-07-04 20:30:02 - Starting main_fetch.py job
EBAY_US: page 1
EBAY_US: page 2
EBAY_US: page 3
EBAY_US: page 4
EBAY_US: page 5
EBAY_US: fetched 1000 items
EBAY_AU: page 1
EBAY_AU: page 2
EBAY_AU: page 3
EBAY_AU: page 4
EBAY_AU: page 5
EBAY_AU: fetched 1000 items
EBAY_GB: page 1
EBAY_GB: page 2
EBAY_GB: page 3
EBAY_GB: page 4
EBAY_GB: page 5
EBAY_GB: fetched 1000 items
EBAY_DE: page 1
EBAY_DE: page 2
EBAY_DE: page 3
EBAY_DE: page 4
EBAY_DE: page 5
EBAY_DE: fetched 1000 items
Inserted 3862 into temp db.
Fetched and saved 3862 summaries
History rows inserted: 1018
Marked 0 listings as sold.
Marked 973 listings as ended.
Finished main_fetch.py job
2026-07-05 00:30:03 - Starting main_fetch.py job
EBAY_US: page 1
EBAY_US: page 2
EBAY_US: page 3
EBAY_US: page 4
EBAY_US: page 5
EBAY_US: fetched 1000 items
EBAY_AU: page 1
EBAY_AU: page 2
EBAY_AU: page 3
EBAY_AU: page 4
EBAY_AU: page 5
EBAY_AU: fetched 1000 items
EBAY_GB: page 1
EBAY_GB: page 2
EBAY_GB: page 3
EBAY_GB: page 4
EBAY_GB: page 5
EBAY_GB: fetched 1000 items
EBAY_DE: page 1
EBAY_DE: page 2
EBAY_DE: page 3
EBAY_DE: page 4
EBAY_DE: page 5
EBAY_DE: fetched 1000 items
Inserted 3939 into temp db.
Fetched and saved 3939 summaries
History rows inserted: 628
Marked 0 listings as sold.
Marked 817 listings as ended.
Finished main_fetch.py job
2026-07-05 04:30:03 - Starting main_fetch.py job
EBAY_US: page 1
EBAY_US: page 2
EBAY_US: page 3
EBAY_US: page 4
EBAY_US: page 5
EBAY_US: fetched 1000 items
EBAY_AU: page 1
EBAY_AU: page 2
EBAY_AU: page 3
EBAY_AU: page 4
EBAY_AU: page 5
EBAY_AU: fetched 1000 items
EBAY_GB: page 1
EBAY_GB: page 2
EBAY_GB: page 3
EBAY_GB: page 4
EBAY_GB: page 5
EBAY_GB: fetched 1000 items
EBAY_DE: page 1
EBAY_DE: page 2
EBAY_DE: page 3
EBAY_DE: page 4
EBAY_DE: page 5
EBAY_DE: fetched 1000 items
Inserted 3857 into temp db.
Fetched and saved 3857 summaries
History rows inserted: 432
Marked 0 listings as sold.
Marked 582 listings as ended.
Finished main_fetch.py job
2026-07-05 08:30:02 - Starting main_fetch.py job
EBAY_US: page 1
EBAY_US: page 2
EBAY_US: page 3
EBAY_US: page 4
EBAY_US: page 5
EBAY_US: fetched 1000 items
EBAY_AU: page 1
EBAY_AU: page 2
EBAY_AU: page 3
EBAY_AU: page 4
EBAY_AU: page 5
EBAY_AU: fetched 1000 items
EBAY_GB: page 1
EBAY_GB: page 2
EBAY_GB: page 3
EBAY_GB: page 4
EBAY_GB: page 5
EBAY_GB: fetched 1000 items
EBAY_DE: page 1
EBAY_DE: page 2
EBAY_DE: page 3
EBAY_DE: page 4
EBAY_DE: page 5
EBAY_DE: fetched 1000 items
Inserted 3984 into temp db.
Fetched and saved 3984 summaries
History rows inserted: 497
Marked 0 listings as sold.
Marked 653 listings as ended.
Finished main_fetch.py job
2026-07-05 12:30:03 - Starting main_fetch.py job
EBAY_US: page 1
EBAY_US: page 2
EBAY_US: page 3
EBAY_US: page 4
EBAY_US: page 5
EBAY_US: fetched 1000 items
EBAY_AU: page 1
EBAY_AU: page 2
EBAY_AU: page 3
EBAY_AU: page 4
EBAY_AU: page 5
EBAY_AU: fetched 1000 items
EBAY_GB: page 1
EBAY_GB: page 2
EBAY_GB: page 3
EBAY_GB: page 4
EBAY_GB: page 5
EBAY_GB: fetched 1000 items
EBAY_DE: page 1
EBAY_DE: page 2
EBAY_DE: page 3
EBAY_DE: page 4
EBAY_DE: page 5
EBAY_DE: fetched 1000 items
Inserted 3872 into temp db.
Fetched and saved 3872 summaries
History rows inserted: 870
Marked 0 listings as sold.
Marked 665 listings as ended.
Finished main_fetch.py job
2026-07-05 16:30:03 - Starting main_fetch.py job
EBAY_US: page 1
EBAY_US: page 2
EBAY_US: page 3
EBAY_US: page 4
EBAY_US: page 5
EBAY_US: fetched 1000 items
EBAY_AU: page 1
EBAY_AU: page 2
EBAY_AU: page 3
EBAY_AU: page 4
EBAY_AU: page 5
EBAY_AU: fetched 1000 items
EBAY_GB: page 1
EBAY_GB: page 2
EBAY_GB: page 3
EBAY_GB: page 4
EBAY_GB: page 5
EBAY_GB: fetched 1000 items
EBAY_DE: page 1
EBAY_DE: page 2
EBAY_DE: page 3
EBAY_DE: page 4
EBAY_DE: page 5
EBAY_DE: fetched 1000 items
Inserted 3972 into temp db.
Fetched and saved 3972 summaries
History rows inserted: 1054
Marked 0 listings as sold.
Marked 1086 listings as ended.
Finished main_fetch.py job
2026-07-05 20:30:03 - Starting main_fetch.py job
EBAY_US: page 1
EBAY_US: page 2
EBAY_US: page 3
EBAY_US: page 4
EBAY_US: page 5
EBAY_US: fetched 1000 items
EBAY_AU: page 1
EBAY_AU: page 2
EBAY_AU: page 3
EBAY_AU: page 4
EBAY_AU: page 5
EBAY_AU: fetched 1000 items
EBAY_GB: page 1
EBAY_GB: page 2
EBAY_GB: page 3
EBAY_GB: page 4
EBAY_GB: page 5
EBAY_GB: fetched 1000 items
EBAY_DE: page 1
EBAY_DE: page 2
EBAY_DE: page 3
EBAY_DE: page 4
EBAY_DE: page 5
EBAY_DE: fetched 1000 items
Inserted 3868 into temp db.
Fetched and saved 3868 summaries
History rows inserted: 1207
Marked 0 listings as sold.
Marked 745 listings as ended.
Finished main_fetch.py job
2026-07-06 00:30:03 - Starting main_fetch.py job
EBAY_US: page 1
EBAY_US: page 2
EBAY_US: page 3
EBAY_US: page 4
EBAY_US: page 5
EBAY_US: fetched 1000 items
EBAY_AU: page 1
EBAY_AU: page 2
EBAY_AU: page 3
EBAY_AU: page 4
EBAY_AU: page 5
EBAY_AU: fetched 1000 items
EBAY_GB: page 1
EBAY_GB: page 2
EBAY_GB: page 3
EBAY_GB: page 4
EBAY_GB: page 5
EBAY_GB: fetched 1000 items
EBAY_DE: page 1
EBAY_DE: page 2
EBAY_DE: page 3
EBAY_DE: page 4
EBAY_DE: page 5
EBAY_DE: fetched 1000 items
Inserted 3981 into temp db.
Fetched and saved 3981 summaries
History rows inserted: 689
Marked 0 listings as sold.
Marked 911 listings as ended.
Finished main_fetch.py job
2026-07-06 04:30:04 - Starting main_fetch.py job
EBAY_US: page 1
EBAY_US: page 2
EBAY_US: page 3
EBAY_US: page 4
EBAY_US: page 5
EBAY_US: fetched 1000 items
EBAY_AU: page 1
EBAY_AU: page 2
EBAY_AU: page 3
EBAY_AU: page 4
EBAY_AU: page 5
EBAY_AU: fetched 1000 items
EBAY_GB: page 1
EBAY_GB: page 2
EBAY_GB: page 3
EBAY_GB: page 4
EBAY_GB: page 5
EBAY_GB: fetched 1000 items
EBAY_DE: page 1
EBAY_DE: page 2
EBAY_DE: page 3
EBAY_DE: page 4
EBAY_DE: page 5
EBAY_DE: fetched 1000 items
Inserted 3749 into temp db.
Fetched and saved 3749 summaries
History rows inserted: 573
Marked 0 listings as sold.
Marked 488 listings as ended.
Finished main_fetch.py job
2026-07-06 08:30:03 - Starting main_fetch.py job
EBAY_US: page 1
EBAY_US: page 2
EBAY_US: page 3
EBAY_US: page 4
EBAY_US: page 5
EBAY_US: fetched 1000 items
EBAY_AU: page 1
EBAY_AU: page 2
EBAY_AU: page 3
EBAY_AU: page 4
EBAY_AU: page 5
EBAY_AU: fetched 1000 items
EBAY_GB: page 1
EBAY_GB: page 2
EBAY_GB: page 3
EBAY_GB: page 4
EBAY_GB: page 5
EBAY_GB: fetched 1000 items
EBAY_DE: page 1
EBAY_DE: page 2
EBAY_DE: page 3
EBAY_DE: page 4
EBAY_DE: page 5
EBAY_DE: fetched 1000 items
Inserted 3976 into temp db.
Fetched and saved 3976 summaries
History rows inserted: 403
Marked 0 listings as sold.
Marked 701 listings as ended.
Finished main_fetch.py job
2026-07-06 12:30:03 - Starting main_fetch.py job
EBAY_US: page 1
EBAY_US: page 2
EBAY_US: page 3
EBAY_US: page 4
EBAY_US: page 5
EBAY_US: fetched 1000 items
EBAY_AU: page 1
EBAY_AU: page 2
EBAY_AU: page 3
EBAY_AU: page 4
EBAY_AU: page 5
EBAY_AU: fetched 1000 items
EBAY_GB: page 1
EBAY_GB: page 2
EBAY_GB: page 3
EBAY_GB: page 4
EBAY_GB: page 5
EBAY_GB: fetched 1000 items
EBAY_DE: page 1
EBAY_DE: page 2
EBAY_DE: page 3
EBAY_DE: page 4
EBAY_DE: page 5
EBAY_DE: fetched 1000 items
Inserted 3882 into temp db.
Fetched and saved 3882 summaries
History rows inserted: 881
Marked 0 listings as sold.
Marked 688 listings as ended.
Finished main_fetch.py job
2026-07-06 16:30:04 - Starting main_fetch.py job
EBAY_US: page 1
EBAY_US: page 2
EBAY_US: page 3
EBAY_US: page 4
EBAY_US: page 5
EBAY_US: fetched 1000 items
EBAY_AU: page 1
EBAY_AU: page 2
EBAY_AU: page 3
EBAY_AU: page 4
EBAY_AU: page 5
EBAY_AU: fetched 1000 items
EBAY_GB: page 1
EBAY_GB: page 2
EBAY_GB: page 3
EBAY_GB: page 4
EBAY_GB: page 5
EBAY_GB: fetched 1000 items
EBAY_DE: page 1
EBAY_DE: page 2
EBAY_DE: page 3
EBAY_DE: page 4
EBAY_DE: page 5
EBAY_DE: fetched 1000 items
Inserted 3978 into temp db.
Fetched and saved 3978 summaries
History rows inserted: 1189
Marked 0 listings as sold.
Marked 1152 listings as ended.
Finished main_fetch.py job
2026-07-06 20:30:03 - Starting main_fetch.py job
EBAY_US: page 1
EBAY_US: page 2
EBAY_US: page 3
EBAY_US: page 4
EBAY_US: page 5
EBAY_US: fetched 1000 items
EBAY_AU: page 1
EBAY_AU: page 2
EBAY_AU: page 3
EBAY_AU: page 4
EBAY_AU: page 5
EBAY_AU: fetched 1000 items
EBAY_GB: page 1
EBAY_GB: page 2
EBAY_GB: page 3
EBAY_GB: page 4
EBAY_GB: page 5
EBAY_GB: fetched 1000 items
EBAY_DE: page 1
EBAY_DE: page 2
EBAY_DE: page 3
EBAY_DE: page 4
EBAY_DE: page 5
EBAY_DE: fetched 1000 items
Inserted 3814 into temp db.
Fetched and saved 3814 summaries
History rows inserted: 965
Marked 0 listings as sold.
Marked 819 listings as ended.
Finished main_fetch.py job
2026-07-07 00:30:02 - Starting main_fetch.py job
EBAY_US: page 1
EBAY_US: page 2
EBAY_US: page 3
EBAY_US: page 4
EBAY_US: page 5
EBAY_US: fetched 1000 items
EBAY_AU: page 1
EBAY_AU: page 2
EBAY_AU: page 3
EBAY_AU: page 4
EBAY_AU: page 5
EBAY_AU: fetched 1000 items
EBAY_GB: page 1
EBAY_GB: page 2
EBAY_GB: page 3
EBAY_GB: page 4
EBAY_GB: page 5
EBAY_GB: fetched 1000 items
EBAY_DE: page 1
EBAY_DE: page 2
EBAY_DE: page 3
EBAY_DE: page 4
EBAY_DE: page 5
EBAY_DE: fetched 1000 items
Inserted 3976 into temp db.
Fetched and saved 3976 summaries
History rows inserted: 705
Marked 0 listings as sold.
Marked 836 listings as ended.
Finished main_fetch.py job
2026-07-07 04:30:03 - Starting main_fetch.py job
EBAY_US: page 1
EBAY_US: page 2
EBAY_US: page 3
EBAY_US: page 4
EBAY_US: page 5
EBAY_US: fetched 1000 items
EBAY_AU: page 1
EBAY_AU: page 2
EBAY_AU: page 3
EBAY_AU: page 4
EBAY_AU: page 5
EBAY_AU: fetched 1000 items
EBAY_GB: page 1
EBAY_GB: page 2
EBAY_GB: page 3
EBAY_GB: page 4
EBAY_GB: page 5
EBAY_GB: fetched 1000 items
EBAY_DE: page 1
EBAY_DE: page 2
EBAY_DE: page 3
EBAY_DE: page 4
EBAY_DE: page 5
EBAY_DE: fetched 1000 items
Inserted 3934 into temp db.
Fetched and saved 3934 summaries
History rows inserted: 604
Marked 0 listings as sold.
Marked 554 listings as ended.
Finished main_fetch.py job
2026-07-07 08:30:03 - Starting main_fetch.py job
EBAY_US: page 1
EBAY_US: page 2
EBAY_US: page 3
EBAY_US: page 4
EBAY_US: page 5
EBAY_US: fetched 1000 items
EBAY_AU: page 1
EBAY_AU: page 2
EBAY_AU: page 3
EBAY_AU: page 4
EBAY_AU: page 5
EBAY_AU: fetched 1000 items
EBAY_GB: page 1
EBAY_GB: page 2
EBAY_GB: page 3
EBAY_GB: page 4
EBAY_GB: page 5
EBAY_GB: fetched 1000 items
EBAY_DE: page 1
EBAY_DE: page 2
EBAY_DE: page 3
EBAY_DE: page 4
EBAY_DE: page 5
EBAY_DE: fetched 1000 items
Inserted 3979 into temp db.
Fetched and saved 3979 summaries
History rows inserted: 495
Marked 0 listings as sold.
Marked 651 listings as ended.
Finished main_fetch.py job
2026-07-07 12:30:03 - Starting main_fetch.py job
EBAY_US: page 1
EBAY_US: page 2
EBAY_US: page 3
EBAY_US: page 4
EBAY_US: page 5
EBAY_US: fetched 1000 items
EBAY_AU: page 1
EBAY_AU: page 2
EBAY_AU: page 3
EBAY_AU: page 4
EBAY_AU: page 5
EBAY_AU: fetched 1000 items
EBAY_GB: page 1
EBAY_GB: page 2
EBAY_GB: page 3
EBAY_GB: page 4
EBAY_GB: page 5
EBAY_GB: fetched 1000 items
EBAY_DE: page 1
EBAY_DE: page 2
EBAY_DE: page 3
EBAY_DE: page 4
EBAY_DE: page 5
EBAY_DE: fetched 1000 items
Inserted 3939 into temp db.
Fetched and saved 3939 summaries
History rows inserted: 791
Marked 0 listings as sold.
Marked 702 listings as ended.
Finished main_fetch.py job
2026-07-07 16:30:03 - Starting main_fetch.py job
EBAY_US: page 1
EBAY_US: page 2
EBAY_US: page 3
EBAY_US: page 4
EBAY_US: page 5
EBAY_US: fetched 1000 items
EBAY_AU: page 1
EBAY_AU: page 2
EBAY_AU: page 3
EBAY_AU: page 4
EBAY_AU: page 5
EBAY_AU: fetched 1000 items
EBAY_GB: page 1
EBAY_GB: page 2
EBAY_GB: page 3
EBAY_GB: page 4
EBAY_GB: page 5
EBAY_GB: fetched 1000 items
EBAY_DE: page 1
EBAY_DE: page 2
EBAY_DE: page 3
EBAY_DE: page 4
EBAY_DE: page 5
EBAY_DE: fetched 1000 items
Inserted 3972 into temp db.
Fetched and saved 3972 summaries
History rows inserted: 1014
Marked 0 listings as sold.
Marked 1236 listings as ended.
Finished main_fetch.py job
2026-07-07 20:30:03 - Starting main_fetch.py job
EBAY_US: page 1
EBAY_US: page 2
EBAY_US: page 3
EBAY_US: page 4
EBAY_US: page 5
EBAY_US: fetched 1000 items
EBAY_AU: page 1
EBAY_AU: page 2
EBAY_AU: page 3
EBAY_AU: page 4
EBAY_AU: page 5
EBAY_AU: fetched 1000 items
EBAY_GB: page 1
EBAY_GB: page 2
EBAY_GB: page 3
EBAY_GB: page 4
EBAY_GB: page 5
EBAY_GB: fetched 1000 items
EBAY_DE: page 1
EBAY_DE: page 2
EBAY_DE: page 3
EBAY_DE: page 4
EBAY_DE: page 5
EBAY_DE: fetched 1000 items
Inserted 3972 into temp db.
Fetched and saved 3972 summaries
History rows inserted: 1086
Marked 0 listings as sold.
Marked 870 listings as ended.
Finished main_fetch.py job
2026-07-08 00:30:04 - Starting main_fetch.py job
EBAY_US: page 1
EBAY_US: page 2
EBAY_US: page 3
EBAY_US: page 4
EBAY_US: page 5
EBAY_US: fetched 1000 items
EBAY_AU: page 1
EBAY_AU: page 2
EBAY_AU: page 3
EBAY_AU: page 4
EBAY_AU: page 5
EBAY_AU: fetched 1000 items
EBAY_GB: page 1
EBAY_GB: page 2
EBAY_GB: page 3
EBAY_GB: page 4
EBAY_GB: page 5
EBAY_GB: fetched 1000 items
EBAY_DE: page 1
EBAY_DE: page 2
EBAY_DE: page 3
EBAY_DE: page 4
EBAY_DE: page 5
EBAY_DE: fetched 1000 items
Inserted 3980 into temp db.
Fetched and saved 3980 summaries
History rows inserted: 689
Marked 0 listings as sold.
Marked 1028 listings as ended.
Finished main_fetch.py job
2026-07-08 04:30:03 - Starting main_fetch.py job
EBAY_US: page 1
EBAY_US: page 2
EBAY_US: page 3
EBAY_US: page 4
EBAY_US: page 5
EBAY_US: fetched 1000 items
EBAY_AU: page 1
EBAY_AU: page 2
EBAY_AU: page 3
EBAY_AU: page 4
EBAY_AU: page 5
EBAY_AU: fetched 1000 items
EBAY_GB: page 1
EBAY_GB: page 2
EBAY_GB: page 3
EBAY_GB: page 4
EBAY_GB: page 5
EBAY_GB: fetched 1000 items
EBAY_DE: page 1
EBAY_DE: page 2
EBAY_DE: page 3
EBAY_DE: page 4
EBAY_DE: page 5
EBAY_DE: fetched 1000 items
Inserted 3976 into temp db.
Fetched and saved 3976 summaries
History rows inserted: 461
Marked 0 listings as sold.
Marked 558 listings as ended.
Finished main_fetch.py job
2026-07-08 08:30:03 - Starting main_fetch.py job
EBAY_US: page 1
EBAY_US: page 2
EBAY_US: page 3
EBAY_US: page 4
EBAY_US: page 5
EBAY_US: fetched 1000 items
EBAY_AU: page 1
EBAY_AU: page 2
EBAY_AU: page 3
EBAY_AU: page 4
EBAY_AU: page 5
EBAY_AU: fetched 1000 items
EBAY_GB: page 1
EBAY_GB: page 2
EBAY_GB: page 3
EBAY_GB: page 4
EBAY_GB: page 5
EBAY_GB: fetched 1000 items
EBAY_DE: page 1
EBAY_DE: page 2
EBAY_DE: page 3
EBAY_DE: page 4
EBAY_DE: page 5
EBAY_DE: fetched 1000 items
Inserted 3975 into temp db.
Fetched and saved 3975 summaries
History rows inserted: 391
Marked 0 listings as sold.
Marked 659 listings as ended.
Finished main_fetch.py job
2026-07-08 12:30:03 - Starting main_fetch.py job
EBAY_US: page 1
EBAY_US: page 2
EBAY_US: page 3
EBAY_US: page 4
EBAY_US: page 5
EBAY_US: fetched 1000 items
EBAY_AU: page 1
EBAY_AU: page 2
EBAY_AU: page 3
EBAY_AU: page 4
EBAY_AU: page 5
EBAY_AU: fetched 1000 items
EBAY_GB: page 1
EBAY_GB: page 2
EBAY_GB: page 3
EBAY_GB: page 4
EBAY_GB: page 5
EBAY_GB: fetched 1000 items
EBAY_DE: page 1
EBAY_DE: page 2
EBAY_DE: page 3
EBAY_DE: page 4
EBAY_DE: page 5
EBAY_DE: fetched 1000 items
Inserted 3976 into temp db.
Fetched and saved 3976 summaries
History rows inserted: 715
Marked 0 listings as sold.
Marked 728 listings as ended.
Finished main_fetch.py job
2026-07-08 16:30:03 - Starting main_fetch.py job
EBAY_US: page 1
EBAY_US: page 2
EBAY_US: page 3
EBAY_US: page 4
EBAY_US: page 5
EBAY_US: fetched 1000 items
EBAY_AU: page 1
EBAY_AU: page 2
EBAY_AU: page 3
EBAY_AU: page 4
EBAY_AU: page 5
EBAY_AU: fetched 1000 items
EBAY_GB: page 1
EBAY_GB: page 2
EBAY_GB: page 3
EBAY_GB: page 4
EBAY_GB: page 5
EBAY_GB: fetched 1000 items
EBAY_DE: page 1
EBAY_DE: page 2
EBAY_DE: page 3
EBAY_DE: page 4
EBAY_DE: page 5
EBAY_DE: fetched 1000 items
Inserted 3976 into temp db.
Fetched and saved 3976 summaries
History rows inserted: 785
Marked 0 listings as sold.
Marked 1101 listings as ended.
Finished main_fetch.py job
2026-07-08 20:30:03 - Starting main_fetch.py job
EBAY_US: page 1
EBAY_US: page 2
EBAY_US: page 3
EBAY_US: page 4
EBAY_US: page 5
EBAY_US: fetched 1000 items
EBAY_AU: page 1
EBAY_AU: page 2
EBAY_AU: page 3
EBAY_AU: page 4
EBAY_AU: page 5
EBAY_AU: fetched 1000 items
EBAY_GB: page 1
EBAY_GB: page 2
EBAY_GB: page 3
EBAY_GB: page 4
EBAY_GB: page 5
EBAY_GB: fetched 1000 items
EBAY_DE: page 1
EBAY_DE: page 2
EBAY_DE: page 3
EBAY_DE: page 4
EBAY_DE: page 5
EBAY_DE: fetched 1000 items
Inserted 3980 into temp db.
Fetched and saved 3980 summaries
History rows inserted: 836
Marked 0 listings as sold.
Marked 897 listings as ended.
Finished main_fetch.py job
2026-07-09 00:30:03 - Starting main_fetch.py job
EBAY_US: page 1
EBAY_US: page 2
EBAY_US: page 3
EBAY_US: page 4
EBAY_US: page 5
EBAY_US: fetched 1000 items
EBAY_AU: page 1
EBAY_AU: page 2
EBAY_AU: page 3
EBAY_AU: page 4
EBAY_AU: page 5
EBAY_AU: fetched 1000 items
EBAY_GB: page 1
EBAY_GB: page 2
EBAY_GB: page 3
EBAY_GB: page 4
EBAY_GB: page 5
EBAY_GB: fetched 1000 items
EBAY_DE: page 1
EBAY_DE: page 2
EBAY_DE: page 3
EBAY_DE: page 4
EBAY_DE: page 5
EBAY_DE: fetched 1000 items
Inserted 3984 into temp db.
Fetched and saved 3984 summaries
History rows inserted: 614
Marked 0 listings as sold.
Marked 1143 listings as ended.
Finished main_fetch.py job
2026-07-09 04:30:03 - Starting main_fetch.py job
EBAY_US: page 1
EBAY_US: page 2
EBAY_US: page 3
EBAY_US: page 4
EBAY_US: page 5
EBAY_US: fetched 1000 items
EBAY_AU: page 1
EBAY_AU: page 2
EBAY_AU: page 3
EBAY_AU: page 4
EBAY_AU: page 5
EBAY_AU: fetched 1000 items
EBAY_GB: page 1
EBAY_GB: page 2
EBAY_GB: page 3
EBAY_GB: page 4
EBAY_GB: page 5
EBAY_GB: fetched 1000 items
EBAY_DE: page 1
EBAY_DE: page 2
EBAY_DE: page 3
EBAY_DE: page 4
EBAY_DE: page 5
EBAY_DE: fetched 1000 items
Inserted 3982 into temp db.
Fetched and saved 3982 summaries
History rows inserted: 569
Marked 0 listings as sold.
Marked 529 listings as ended.
Finished main_fetch.py job
2026-07-09 08:30:02 - Starting main_fetch.py job
EBAY_US: page 1
EBAY_US: page 2
EBAY_US: page 3
EBAY_US: page 4
EBAY_US: page 5
EBAY_US: fetched 1000 items
EBAY_AU: page 1
EBAY_AU: page 2
EBAY_AU: page 3
EBAY_AU: page 4
EBAY_AU: page 5
EBAY_AU: fetched 1000 items
EBAY_GB: page 1
EBAY_GB: page 2
EBAY_GB: page 3
EBAY_GB: page 4
EBAY_GB: page 5
EBAY_GB: fetched 1000 items
EBAY_DE: page 1
EBAY_DE: page 2
EBAY_DE: page 3
EBAY_DE: page 4
EBAY_DE: page 5
EBAY_DE: fetched 1000 items
Inserted 3979 into temp db.
Fetched and saved 3979 summaries
History rows inserted: 470
Marked 0 listings as sold.
Marked 825 listings as ended.
Finished main_fetch.py job
2026-07-09 12:30:03 - Starting main_fetch.py job
EBAY_US: page 1
EBAY_US: page 2
EBAY_US: page 3
EBAY_US: page 4
EBAY_US: page 5
EBAY_US: fetched 1000 items
EBAY_AU: page 1
EBAY_AU: page 2
EBAY_AU: page 3
EBAY_AU: page 4
EBAY_AU: page 5
EBAY_AU: fetched 1000 items
EBAY_GB: page 1
EBAY_GB: page 2
EBAY_GB: page 3
EBAY_GB: page 4
EBAY_GB: page 5
EBAY_GB: fetched 1000 items
EBAY_DE: page 1
EBAY_DE: page 2
EBAY_DE: page 3
EBAY_DE: page 4
EBAY_DE: page 5
EBAY_DE: fetched 1000 items
Inserted 3977 into temp db.
Fetched and saved 3977 summaries
History rows inserted: 915
Marked 0 listings as sold.
Marked 713 listings as ended.
Finished main_fetch.py job
2026-07-09 16:30:04 - Starting main_fetch.py job
EBAY_US: page 1
EBAY_US: page 2
EBAY_US: page 3
EBAY_US: page 4
EBAY_US: page 5
EBAY_US: fetched 1000 items
EBAY_AU: page 1
EBAY_AU: page 2
EBAY_AU: page 3
EBAY_AU: page 4
EBAY_AU: page 5
EBAY_AU: fetched 1000 items
EBAY_GB: page 1
EBAY_GB: page 2
EBAY_GB: page 3
EBAY_GB: page 4
EBAY_GB: page 5
EBAY_GB: fetched 1000 items
EBAY_DE: page 1
EBAY_DE: page 2
EBAY_DE: page 3
EBAY_DE: page 4
EBAY_DE: page 5
EBAY_DE: fetched 1000 items
Inserted 3971 into temp db.
Fetched and saved 3971 summaries
History rows inserted: 977
Marked 0 listings as sold.
Marked 1211 listings as ended.
Finished main_fetch.py job
2026-07-09 20:30:03 - Starting main_fetch.py job
EBAY_US: page 1
EBAY_US: page 2
EBAY_US: page 3
EBAY_US: page 4
EBAY_US: page 5
EBAY_US: fetched 1000 items
EBAY_AU: page 1
EBAY_AU: page 2
EBAY_AU: page 3
EBAY_AU: page 4
EBAY_AU: page 5
EBAY_AU: fetched 1000 items
EBAY_GB: page 1
EBAY_GB: page 2
EBAY_GB: page 3
EBAY_GB: page 4
EBAY_GB: page 5
EBAY_GB: fetched 1000 items
EBAY_DE: page 1
EBAY_DE: page 2
EBAY_DE: page 3
EBAY_DE: page 4
EBAY_DE: page 5
EBAY_DE: fetched 1000 items
Inserted 3977 into temp db.
Fetched and saved 3977 summaries
History rows inserted: 1069
Marked 0 listings as sold.
Marked 473 listings as ended.
Finished main_fetch.py job
2026-07-10 00:30:03 - Starting main_fetch.py job
EBAY_US: page 1
EBAY_US: page 2
EBAY_US: page 3
EBAY_US: page 4
EBAY_US: page 5
EBAY_US: fetched 1000 items
EBAY_AU: page 1
EBAY_AU: page 2
EBAY_AU: page 3
EBAY_AU: page 4
EBAY_AU: page 5
EBAY_AU: fetched 1000 items
EBAY_GB: page 1
EBAY_GB: page 2
EBAY_GB: page 3
EBAY_GB: page 4
EBAY_GB: page 5
EBAY_GB: fetched 1000 items
EBAY_DE: page 1
EBAY_DE: page 2
EBAY_DE: page 3
EBAY_DE: page 4
EBAY_DE: page 5
EBAY_DE: fetched 1000 items
Inserted 3910 into temp db.
Fetched and saved 3910 summaries
History rows inserted: 687
Marked 0 listings as sold.
Marked 598 listings as ended.
Finished main_fetch.py job
2026-07-10 04:30:03 - Starting main_fetch.py job
EBAY_US: page 1
EBAY_US: page 2
EBAY_US: page 3
EBAY_US: page 4
EBAY_US: page 5
EBAY_US: fetched 1000 items
EBAY_AU: page 1
EBAY_AU: page 2
EBAY_AU: page 3
EBAY_AU: page 4
EBAY_AU: page 5
EBAY_AU: fetched 1000 items
EBAY_GB: page 1
EBAY_GB: page 2
EBAY_GB: page 3
EBAY_GB: page 4
EBAY_GB: page 5
EBAY_GB: fetched 1000 items
EBAY_DE: page 1
EBAY_DE: page 2
EBAY_DE: page 3
EBAY_DE: page 4
EBAY_DE: page 5
EBAY_DE: fetched 1000 items
Inserted 3728 into temp db.
Fetched and saved 3728 summaries
History rows inserted: 1068
Marked 0 listings as sold.
Marked 348 listings as ended.
Finished main_fetch.py job
2026-07-10 08:30:03 - Starting main_fetch.py job
EBAY_US: page 1
EBAY_US: page 2
EBAY_US: page 3
EBAY_US: page 4
EBAY_US: page 5
EBAY_US: fetched 1000 items
EBAY_AU: page 1
EBAY_AU: page 2
EBAY_AU: page 3
EBAY_AU: page 4
EBAY_AU: page 5
EBAY_AU: fetched 1000 items
EBAY_GB: page 1
EBAY_GB: page 2
EBAY_GB: page 3
EBAY_GB: page 4
EBAY_GB: page 5
EBAY_GB: fetched 1000 items
EBAY_DE: page 1
EBAY_DE: page 2
EBAY_DE: page 3
EBAY_DE: page 4
EBAY_DE: page 5
EBAY_DE: fetched 1000 items
Inserted 3847 into temp db.
Fetched and saved 3847 summaries
History rows inserted: 517
Marked 0 listings as sold.
Marked 391 listings as ended.
Finished main_fetch.py job
2026-07-10 12:30:03 - Starting main_fetch.py job
EBAY_US: page 1
EBAY_US: page 2
EBAY_US: page 3
EBAY_US: page 4
EBAY_US: page 5
EBAY_US: fetched 1000 items
EBAY_AU: page 1
EBAY_AU: page 2
EBAY_AU: page 3
EBAY_AU: page 4
EBAY_AU: page 5
EBAY_AU: fetched 1000 items
EBAY_GB: page 1
EBAY_GB: page 2
EBAY_GB: page 3
EBAY_GB: page 4
EBAY_GB: page 5
EBAY_GB: fetched 1000 items
EBAY_DE: page 1
EBAY_DE: page 2
EBAY_DE: page 3
EBAY_DE: page 4
EBAY_DE: page 5
EBAY_DE: fetched 1000 items
Inserted 3979 into temp db.
Fetched and saved 3979 summaries
History rows inserted: 982
Marked 0 listings as sold.
Marked 426 listings as ended.
Finished main_fetch.py job
2026-07-10 16:30:03 - Starting main_fetch.py job
EBAY_US: page 1
EBAY_US: page 2
EBAY_US: page 3
EBAY_US: page 4
EBAY_US: page 5
EBAY_US: fetched 1000 items
EBAY_AU: page 1
EBAY_AU: page 2
EBAY_AU: page 3
EBAY_AU: page 4
EBAY_AU: page 5
EBAY_AU: fetched 1000 items
EBAY_GB: page 1
EBAY_GB: page 2
EBAY_GB: page 3
EBAY_GB: page 4
EBAY_GB: page 5
EBAY_GB: fetched 1000 items
EBAY_DE: page 1
EBAY_DE: page 2
EBAY_DE: page 3
EBAY_DE: page 4
EBAY_DE: page 5
EBAY_DE: fetched 1000 items
Inserted 3970 into temp db.
Fetched and saved 3970 summaries
History rows inserted: 1069
Marked 0 listings as sold.
Marked 697 listings as ended.
Finished main_fetch.py job
2026-07-10 20:30:02 - Starting main_fetch.py job
EBAY_US: page 1
EBAY_US: page 2
EBAY_US: page 3
EBAY_US: page 4
EBAY_US: page 5
EBAY_US: fetched 1000 items
EBAY_AU: page 1
EBAY_AU: page 2
EBAY_AU: page 3
EBAY_AU: page 4
EBAY_AU: page 5
EBAY_AU: fetched 1000 items
EBAY_GB: page 1
EBAY_GB: page 2
EBAY_GB: page 3
EBAY_GB: page 4
EBAY_GB: page 5
EBAY_GB: fetched 1000 items
EBAY_DE: page 1
EBAY_DE: page 2
EBAY_DE: page 3
EBAY_DE: page 4
EBAY_DE: page 5
EBAY_DE: fetched 1000 items
Inserted 3968 into temp db.
Fetched and saved 3968 summaries
History rows inserted: 1014
Marked 0 listings as sold.
Marked 743 listings as ended.
Finished main_fetch.py job
2026-07-11 00:30:03 - Starting main_fetch.py job
EBAY_US: page 1
EBAY_US: page 2
EBAY_US: page 3
EBAY_US: page 4
EBAY_US: page 5
EBAY_US: fetched 1000 items
EBAY_AU: page 1
EBAY_AU: page 2
EBAY_AU: page 3
EBAY_AU: page 4
EBAY_AU: page 5
EBAY_AU: fetched 1000 items
EBAY_GB: page 1
EBAY_GB: page 2
EBAY_GB: page 3
EBAY_GB: page 4
EBAY_GB: page 5
EBAY_GB: fetched 1000 items
EBAY_DE: page 1
EBAY_DE: page 2
EBAY_DE: page 3
EBAY_DE: page 4
EBAY_DE: page 5
EBAY_DE: fetched 1000 items
Inserted 3984 into temp db.
Fetched and saved 3984 summaries
History rows inserted: 893
Marked 0 listings as sold.
Marked 1197 listings as ended.
Finished main_fetch.py job
2026-07-11 04:30:04 - Starting main_fetch.py job
EBAY_US: page 1
EBAY_US: page 2
EBAY_US: page 3
EBAY_US: page 4
EBAY_US: page 5
EBAY_US: fetched 1000 items
EBAY_AU: page 1
EBAY_AU: page 2
EBAY_AU: page 3
EBAY_AU: page 4
EBAY_AU: page 5
EBAY_AU: fetched 1000 items
EBAY_GB: page 1
EBAY_GB: page 2
EBAY_GB: page 3
EBAY_GB: page 4
EBAY_GB: page 5
EBAY_GB: fetched 1000 items
EBAY_DE: page 1
EBAY_DE: page 2
EBAY_DE: page 3
EBAY_DE: page 4
EBAY_DE: page 5
EBAY_DE: fetched 1000 items
Inserted 3939 into temp db.
Fetched and saved 3939 summaries
History rows inserted: 601
Marked 0 listings as sold.
Marked 567 listings as ended.
Finished main_fetch.py job
2026-07-11 08:30:04 - Starting main_fetch.py job
EBAY_US: page 1
EBAY_US: page 2
EBAY_US: page 3
EBAY_US: page 4
EBAY_US: page 5
EBAY_US: fetched 1000 items
EBAY_AU: page 1
EBAY_AU: page 2
EBAY_AU: page 3
EBAY_AU: page 4
EBAY_AU: page 5
EBAY_AU: fetched 1000 items
EBAY_GB: page 1
EBAY_GB: page 2
EBAY_GB: page 3
EBAY_GB: page 4
EBAY_GB: page 5
EBAY_GB: fetched 1000 items
EBAY_DE: page 1
EBAY_DE: page 2
EBAY_DE: page 3
EBAY_DE: page 4
EBAY_DE: page 5
EBAY_DE: fetched 1000 items
Inserted 3952 into temp db.
Fetched and saved 3952 summaries
History rows inserted: 449
Marked 0 listings as sold.
Marked 1168 listings as ended.
Finished main_fetch.py job
2026-07-11 12:30:04 - Starting main_fetch.py job
EBAY_US: page 1
EBAY_US: page 2
EBAY_US: page 3
EBAY_US: page 4
EBAY_US: page 5
EBAY_US: fetched 1000 items
EBAY_AU: page 1
EBAY_AU: page 2
EBAY_AU: page 3
EBAY_AU: page 4
EBAY_AU: page 5
EBAY_AU: fetched 1000 items
EBAY_GB: page 1
EBAY_GB: page 2
EBAY_GB: page 3
EBAY_GB: page 4
EBAY_GB: page 5
EBAY_GB: fetched 1000 items
EBAY_DE: page 1
EBAY_DE: page 2
EBAY_DE: page 3
EBAY_DE: page 4
EBAY_DE: page 5
EBAY_DE: fetched 1000 items
Inserted 3963 into temp db.
Fetched and saved 3963 summaries
History rows inserted: 1005
Marked 0 listings as sold.
Marked 743 listings as ended.
Finished main_fetch.py job
2026-07-11 16:30:04 - Starting main_fetch.py job
EBAY_US: page 1
EBAY_US: page 2
EBAY_US: page 3
EBAY_US: page 4
EBAY_US: page 5
EBAY_US: fetched 1000 items
EBAY_AU: page 1
EBAY_AU: page 2
EBAY_AU: page 3
EBAY_AU: page 4
EBAY_AU: page 5
EBAY_AU: fetched 1000 items
EBAY_GB: page 1
EBAY_GB: page 2
EBAY_GB: page 3
EBAY_GB: page 4
EBAY_GB: page 5
EBAY_GB: fetched 1000 items
EBAY_DE: page 1
EBAY_DE: page 2
EBAY_DE: page 3
EBAY_DE: page 4
EBAY_DE: page 5
EBAY_DE: fetched 1000 items
Inserted 3963 into temp db.
Fetched and saved 3963 summaries
History rows inserted: 1066
Marked 0 listings as sold.
Marked 1347 listings as ended.
Finished main_fetch.py job
2026-07-11 20:30:03 - Starting main_fetch.py job
EBAY_US: page 1
EBAY_US: page 2
EBAY_US: page 3
EBAY_US: page 4
EBAY_US: page 5
EBAY_US: fetched 1000 items
EBAY_AU: page 1
EBAY_AU: page 2
EBAY_AU: page 3
EBAY_AU: page 4
EBAY_AU: page 5
EBAY_AU: fetched 1000 items
EBAY_GB: page 1
EBAY_GB: page 2
EBAY_GB: page 3
EBAY_GB: page 4
EBAY_GB: page 5
EBAY_GB: fetched 1000 items
EBAY_DE: page 1
EBAY_DE: page 2
EBAY_DE: page 3
EBAY_DE: page 4
EBAY_DE: page 5
EBAY_DE: fetched 1000 items
Inserted 3927 into temp db.
Fetched and saved 3927 summaries
History rows inserted: 953
Marked 0 listings as sold.
Marked 706 listings as ended.
Finished main_fetch.py job
2026-07-12 00:30:03 - Starting main_fetch.py job
EBAY_US: page 1
EBAY_US: page 2
EBAY_US: page 3
EBAY_US: page 4
EBAY_US: page 5
EBAY_US: fetched 1000 items
EBAY_AU: page 1
EBAY_AU: page 2
EBAY_AU: page 3
EBAY_AU: page 4
EBAY_AU: page 5
EBAY_AU: fetched 1000 items
EBAY_GB: page 1
EBAY_GB: page 2
EBAY_GB: page 3
EBAY_GB: page 4
EBAY_GB: page 5
EBAY_GB: fetched 1000 items
EBAY_DE: page 1
EBAY_DE: page 2
EBAY_DE: page 3
EBAY_DE: page 4
EBAY_DE: page 5
EBAY_DE: fetched 1000 items
Inserted 3978 into temp db.
Fetched and saved 3978 summaries
History rows inserted: 639
Marked 0 listings as sold.
Marked 984 listings as ended.
Finished main_fetch.py job
2026-07-12 04:30:04 - Starting main_fetch.py job
EBAY_US: page 1
EBAY_US: page 2
EBAY_US: page 3
EBAY_US: page 4
EBAY_US: page 5
EBAY_US: fetched 1000 items
EBAY_AU: page 1
EBAY_AU: page 2
EBAY_AU: page 3
EBAY_AU: page 4
EBAY_AU: page 5
EBAY_AU: fetched 1000 items
EBAY_GB: page 1
EBAY_GB: page 2
EBAY_GB: page 3
EBAY_GB: page 4
EBAY_GB: page 5
EBAY_GB: fetched 1000 items
EBAY_DE: page 1
EBAY_DE: page 2
EBAY_DE: page 3
EBAY_DE: page 4
EBAY_DE: page 5
EBAY_DE: fetched 1000 items
Inserted 3980 into temp db.
Fetched and saved 3980 summaries
History rows inserted: 654
Marked 0 listings as sold.
Marked 680 listings as ended.
Finished main_fetch.py job
2026-07-12 08:30:04 - Starting main_fetch.py job
EBAY_US: page 1
EBAY_US: page 2
EBAY_US: page 3
EBAY_US: page 4
EBAY_US: page 5
EBAY_US: fetched 1000 items
EBAY_AU: page 1
EBAY_AU: page 2
EBAY_AU: page 3
EBAY_AU: page 4
EBAY_AU: page 5
EBAY_AU: fetched 1000 items
EBAY_GB: page 1
EBAY_GB: page 2
EBAY_GB: page 3
EBAY_GB: page 4
EBAY_GB: page 5
EBAY_GB: fetched 1000 items
EBAY_DE: page 1
EBAY_DE: page 2
EBAY_DE: page 3
EBAY_DE: page 4
EBAY_DE: page 5
EBAY_DE: fetched 1000 items
Inserted 3979 into temp db.
Fetched and saved 3979 summaries
History rows inserted: 513
Marked 0 listings as sold.
Marked 1003 listings as ended.
Finished main_fetch.py job
2026-07-12 12:30:03 - Starting main_fetch.py job
EBAY_US: page 1
EBAY_US: page 2
EBAY_US: page 3
EBAY_US: page 4
EBAY_US: page 5
EBAY_US: fetched 1000 items
EBAY_AU: page 1
EBAY_AU: page 2
EBAY_AU: page 3
EBAY_AU: page 4
EBAY_AU: page 5
EBAY_AU: fetched 1000 items
EBAY_GB: page 1
EBAY_GB: page 2
EBAY_GB: page 3
EBAY_GB: page 4
EBAY_GB: page 5
EBAY_GB: fetched 1000 items
EBAY_DE: page 1
EBAY_DE: page 2
EBAY_DE: page 3
EBAY_DE: page 4
EBAY_DE: page 5
EBAY_DE: fetched 1000 items
Inserted 3862 into temp db.
Fetched and saved 3862 summaries
History rows inserted: 855
Marked 0 listings as sold.
Marked 714 listings as ended.
Finished main_fetch.py job
2026-07-12 16:30:04 - Starting main_fetch.py job
EBAY_US: page 1
EBAY_US: page 2
EBAY_US: page 3
EBAY_US: page 4
EBAY_US: page 5
EBAY_US: fetched 1000 items
EBAY_AU: page 1
EBAY_AU: page 2
EBAY_AU: page 3
EBAY_AU: page 4
EBAY_AU: page 5
EBAY_AU: fetched 1000 items
EBAY_GB: page 1
EBAY_GB: page 2
EBAY_GB: page 3
EBAY_GB: page 4
EBAY_GB: page 5
EBAY_GB: fetched 1000 items
EBAY_DE: page 1
EBAY_DE: page 2
EBAY_DE: page 3
EBAY_DE: page 4
EBAY_DE: page 5
EBAY_DE: fetched 1000 items
Inserted 3895 into temp db.
Fetched and saved 3895 summaries
History rows inserted: 1128
Marked 0 listings as sold.
Marked 1263 listings as ended.
Finished main_fetch.py job
2026-07-12 20:30:04 - Starting main_fetch.py job
EBAY_US: page 1
EBAY_US: page 2
EBAY_US: page 3
EBAY_US: page 4
EBAY_US: page 5
EBAY_US: fetched 1000 items
EBAY_AU: page 1
EBAY_AU: page 2
EBAY_AU: page 3
EBAY_AU: page 4
EBAY_AU: page 5
EBAY_AU: fetched 1000 items
EBAY_GB: page 1
EBAY_GB: page 2
EBAY_GB: page 3
EBAY_GB: page 4
EBAY_GB: page 5
EBAY_GB: fetched 1000 items
EBAY_DE: page 1
EBAY_DE: page 2
EBAY_DE: page 3
EBAY_DE: page 4
EBAY_DE: page 5
EBAY_DE: fetched 1000 items
Inserted 3973 into temp db.
Fetched and saved 3973 summaries
History rows inserted: 1177
Marked 0 listings as sold.
Marked 779 listings as ended.
Finished main_fetch.py job
2026-07-13 00:30:03 - Starting main_fetch.py job
EBAY_US: page 1
EBAY_US: page 2
EBAY_US: page 3
EBAY_US: page 4
EBAY_US: page 5
EBAY_US: fetched 1000 items
EBAY_AU: page 1
EBAY_AU: page 2
EBAY_AU: page 3
EBAY_AU: page 4
EBAY_AU: page 5
EBAY_AU: fetched 1000 items
EBAY_GB: page 1
EBAY_GB: page 2
EBAY_GB: page 3
EBAY_GB: page 4
EBAY_GB: page 5
EBAY_GB: fetched 1000 items
EBAY_DE: page 1
EBAY_DE: page 2
EBAY_DE: page 3
EBAY_DE: page 4
EBAY_DE: page 5
EBAY_DE: fetched 1000 items
Inserted 3973 into temp db.
Fetched and saved 3973 summaries
History rows inserted: 669
Marked 0 listings as sold.
Marked 1160 listings as ended.
Finished main_fetch.py job
2026-07-13 04:30:03 - Starting main_fetch.py job
EBAY_US: page 1
EBAY_US: page 2
EBAY_US: page 3
EBAY_US: page 4
EBAY_US: page 5
EBAY_US: fetched 1000 items
EBAY_AU: page 1
EBAY_AU: page 2
EBAY_AU: page 3
EBAY_AU: page 4
EBAY_AU: page 5
EBAY_AU: fetched 1000 items
EBAY_GB: page 1
EBAY_GB: page 2
EBAY_GB: page 3
EBAY_GB: page 4
EBAY_GB: page 5
EBAY_GB: fetched 1000 items
EBAY_DE: page 1
EBAY_DE: page 2
EBAY_DE: page 3
EBAY_DE: page 4
EBAY_DE: page 5
EBAY_DE: fetched 1000 items
Inserted 3987 into temp db.
Fetched and saved 3987 summaries
History rows inserted: 674
Marked 0 listings as sold.
Marked 498 listings as ended.
Finished main_fetch.py job
2026-07-13 08:30:03 - Starting main_fetch.py job
EBAY_US: page 1
EBAY_US: page 2
EBAY_US: page 3
EBAY_US: page 4
EBAY_US: page 5
EBAY_US: fetched 1000 items
EBAY_AU: page 1
EBAY_AU: page 2
EBAY_AU: page 3
EBAY_AU: page 4
EBAY_AU: page 5
EBAY_AU: fetched 1000 items
EBAY_GB: page 1
EBAY_GB: page 2
EBAY_GB: page 3
EBAY_GB: page 4
EBAY_GB: page 5
EBAY_GB: fetched 1000 items
EBAY_DE: page 1
EBAY_DE: page 2
EBAY_DE: page 3
EBAY_DE: page 4
EBAY_DE: page 5
EBAY_DE: fetched 1000 items
Inserted 3980 into temp db.
Fetched and saved 3980 summaries
History rows inserted: 525
Marked 0 listings as sold.
Marked 891 listings as ended.
Finished main_fetch.py job
2026-07-13 12:30:04 - Starting main_fetch.py job
EBAY_US: page 1
EBAY_US: page 2
EBAY_US: page 3
EBAY_US: page 4
EBAY_US: page 5
EBAY_US: fetched 1000 items
EBAY_AU: page 1
EBAY_AU: page 2
EBAY_AU: page 3
EBAY_AU: page 4
EBAY_AU: page 5
EBAY_AU: fetched 1000 items
EBAY_GB: page 1
EBAY_GB: page 2
EBAY_GB: page 3
EBAY_GB: page 4
EBAY_GB: page 5
EBAY_GB: fetched 1000 items
EBAY_DE: page 1
EBAY_DE: page 2
EBAY_DE: page 3
EBAY_DE: page 4
EBAY_DE: page 5
EBAY_DE: fetched 1000 items
Inserted 3986 into temp db.
Fetched and saved 3986 summaries
History rows inserted: 933
Marked 0 listings as sold.
Marked 711 listings as ended.
Finished main_fetch.py job
2026-07-13 16:30:04 - Starting main_fetch.py job
EBAY_US: page 1
EBAY_US: page 2
EBAY_US: page 3
EBAY_US: page 4
EBAY_US: page 5
EBAY_US: fetched 1000 items
EBAY_AU: page 1
EBAY_AU: page 2
EBAY_AU: page 3
EBAY_AU: page 4
EBAY_AU: page 5
EBAY_AU: fetched 1000 items
EBAY_GB: page 1
EBAY_GB: page 2
EBAY_GB: page 3
EBAY_GB: page 4
EBAY_GB: page 5
EBAY_GB: fetched 1000 items
EBAY_DE: page 1
EBAY_DE: page 2
EBAY_DE: page 3
EBAY_DE: page 4
EBAY_DE: page 5
EBAY_DE: fetched 1000 items
Inserted 3965 into temp db.
Fetched and saved 3965 summaries
History rows inserted: 1077
Marked 0 listings as sold.
Marked 1341 listings as ended.
Finished main_fetch.py job
2026-07-13 20:30:03 - Starting main_fetch.py job
EBAY_US: page 1
EBAY_US: page 2
EBAY_US: page 3
EBAY_US: page 4
EBAY_US: page 5
EBAY_US: fetched 1000 items
EBAY_AU: page 1
EBAY_AU: page 2
EBAY_AU: page 3
EBAY_AU: page 4
EBAY_AU: page 5
EBAY_AU: fetched 1000 items
EBAY_GB: page 1
EBAY_GB: page 2
EBAY_GB: page 3
EBAY_GB: page 4
EBAY_GB: page 5
EBAY_GB: fetched 1000 items
EBAY_DE: page 1
EBAY_DE: page 2
EBAY_DE: page 3
EBAY_DE: page 4
EBAY_DE: page 5
EBAY_DE: fetched 1000 items
Inserted 3969 into temp db.
Fetched and saved 3969 summaries
History rows inserted: 1379
Marked 0 listings as sold.
Marked 668 listings as ended.
Finished main_fetch.py job
2026-07-14 00:30:04 - Starting main_fetch.py job
EBAY_US: page 1
EBAY_US: page 2
EBAY_US: page 3
EBAY_US: page 4
EBAY_US: page 5
EBAY_US: fetched 1000 items
EBAY_AU: page 1
EBAY_AU: page 2
EBAY_AU: page 3
EBAY_AU: page 4
EBAY_AU: page 5
EBAY_AU: fetched 1000 items
EBAY_GB: page 1
EBAY_GB: page 2
EBAY_GB: page 3
EBAY_GB: page 4
EBAY_GB: page 5
EBAY_GB: fetched 1000 items
EBAY_DE: page 1
EBAY_DE: page 2
EBAY_DE: page 3
EBAY_DE: page 4
EBAY_DE: page 5
EBAY_DE: fetched 1000 items
Inserted 3940 into temp db.
Fetched and saved 3940 summaries
History rows inserted: 766
Marked 0 listings as sold.
Marked 1092 listings as ended.
Finished main_fetch.py job
2026-07-14 04:30:04 - Starting main_fetch.py job
EBAY_US: page 1
EBAY_US: page 2
EBAY_US: page 3
EBAY_US: page 4
EBAY_US: page 5
EBAY_US: fetched 1000 items
EBAY_AU: page 1
EBAY_AU: page 2
EBAY_AU: page 3
EBAY_AU: page 4
EBAY_AU: page 5
EBAY_AU: fetched 1000 items
EBAY_GB: page 1
EBAY_GB: page 2
EBAY_GB: page 3
EBAY_GB: page 4
EBAY_GB: page 5
EBAY_GB: fetched 1000 items
EBAY_DE: page 1
EBAY_DE: page 2
EBAY_DE: page 3
EBAY_DE: page 4
EBAY_DE: page 5
EBAY_DE: fetched 1000 items
Inserted 3941 into temp db.
Fetched and saved 3941 summaries
History rows inserted: 722
Marked 0 listings as sold.
Marked 460 listings as ended.
Finished main_fetch.py job
2026-07-14 08:30:04 - Starting main_fetch.py job
EBAY_US: page 1
EBAY_US: page 2
EBAY_US: page 3
EBAY_US: page 4
EBAY_US: page 5
EBAY_US: fetched 1000 items
EBAY_AU: page 1
EBAY_AU: page 2
EBAY_AU: page 3
EBAY_AU: page 4
EBAY_AU: page 5
EBAY_AU: fetched 1000 items
EBAY_GB: page 1
EBAY_GB: page 2
EBAY_GB: page 3
EBAY_GB: page 4
EBAY_GB: page 5
EBAY_GB: fetched 1000 items
EBAY_DE: page 1
EBAY_DE: page 2
EBAY_DE: page 3
EBAY_DE: page 4
EBAY_DE: page 5
EBAY_DE: fetched 1000 items
Inserted 3967 into temp db.
Fetched and saved 3967 summaries
History rows inserted: 507
Marked 0 listings as sold.
Marked 651 listings as ended.
Finished main_fetch.py job
2026-07-14 12:30:04 - Starting main_fetch.py job
EBAY_US: page 1
EBAY_US: page 2
EBAY_US: page 3
EBAY_US: page 4
EBAY_US: page 5
EBAY_US: fetched 1000 items
EBAY_AU: page 1
EBAY_AU: page 2
EBAY_AU: page 3
EBAY_AU: page 4
EBAY_AU: page 5
EBAY_AU: fetched 1000 items
EBAY_GB: page 1
EBAY_GB: page 2
EBAY_GB: page 3
EBAY_GB: page 4
EBAY_GB: page 5
EBAY_GB: fetched 1000 items
EBAY_DE: page 1
EBAY_DE: page 2
EBAY_DE: page 3
EBAY_DE: page 4
EBAY_DE: page 5
EBAY_DE: fetched 1000 items
Inserted 3897 into temp db.
Fetched and saved 3897 summaries
History rows inserted: 902
Marked 0 listings as sold.
Marked 840 listings as ended.
Finished main_fetch.py job
2026-07-14 16:30:03 - Starting main_fetch.py job
EBAY_US: page 1
EBAY_US: page 2
EBAY_US: page 3
EBAY_US: page 4
EBAY_US: page 5
EBAY_US: fetched 1000 items
EBAY_AU: page 1
EBAY_AU: page 2
EBAY_AU: page 3
EBAY_AU: page 4
EBAY_AU: page 5
EBAY_AU: fetched 1000 items
EBAY_GB: page 1
EBAY_GB: page 2
EBAY_GB: page 3
EBAY_GB: page 4
EBAY_GB: page 5
EBAY_GB: fetched 1000 items
EBAY_DE: page 1
EBAY_DE: page 2
EBAY_DE: page 3
EBAY_DE: page 4
EBAY_DE: page 5
EBAY_DE: fetched 1000 items
Inserted 3970 into temp db.
Fetched and saved 3970 summaries
History rows inserted: 950
Marked 0 listings as sold.
Marked 1297 listings as ended.
Finished main_fetch.py job
2026-07-14 20:30:04 - Starting main_fetch.py job
EBAY_US: page 1
EBAY_US: page 2
EBAY_US: page 3
EBAY_US: page 4
EBAY_US: page 5
EBAY_US: fetched 1000 items
EBAY_AU: page 1
EBAY_AU: page 2
EBAY_AU: page 3
EBAY_AU: page 4
EBAY_AU: page 5
EBAY_AU: fetched 1000 items
EBAY_GB: page 1
EBAY_GB: page 2
EBAY_GB: page 3
EBAY_GB: page 4
EBAY_GB: page 5
EBAY_GB: fetched 1000 items
EBAY_DE: page 1
EBAY_DE: page 2
EBAY_DE: page 3
EBAY_DE: page 4
EBAY_DE: page 5
EBAY_DE: fetched 1000 items
Inserted 3925 into temp db.
Fetched and saved 3925 summaries
History rows inserted: 1016
Marked 0 listings as sold.
Marked 838 listings as ended.
Finished main_fetch.py job
2026-07-15 00:30:04 - Starting main_fetch.py job
EBAY_US: page 1
EBAY_US: page 2
EBAY_US: page 3
EBAY_US: page 4
EBAY_US: page 5
EBAY_US: fetched 1000 items
EBAY_AU: page 1
EBAY_AU: page 2
EBAY_AU: page 3
EBAY_AU: page 4
EBAY_AU: page 5
EBAY_AU: fetched 1000 items
EBAY_GB: page 1
EBAY_GB: page 2
EBAY_GB: page 3
EBAY_GB: page 4
EBAY_GB: page 5
EBAY_GB: fetched 1000 items
EBAY_DE: page 1
EBAY_DE: page 2
EBAY_DE: page 3
EBAY_DE: page 4
EBAY_DE: page 5
EBAY_DE: fetched 1000 items
Inserted 3933 into temp db.
Fetched and saved 3933 summaries
History rows inserted: 700
Marked 0 listings as sold.
Marked 1245 listings as ended.
Finished main_fetch.py job
2026-07-15 04:30:04 - Starting main_fetch.py job
EBAY_US: page 1
EBAY_US: page 2
EBAY_US: page 3
EBAY_US: page 4
EBAY_US: page 5
EBAY_US: fetched 1000 items
EBAY_AU: page 1
EBAY_AU: page 2
EBAY_AU: page 3
EBAY_AU: page 4
EBAY_AU: page 5
EBAY_AU: fetched 1000 items
EBAY_GB: page 1
EBAY_GB: page 2
EBAY_GB: page 3
EBAY_GB: page 4
EBAY_GB: page 5
EBAY_GB: fetched 1000 items
EBAY_DE: page 1
EBAY_DE: page 2
EBAY_DE: page 3
EBAY_DE: page 4
EBAY_DE: page 5
EBAY_DE: fetched 1000 items
Inserted 3931 into temp db.
Fetched and saved 3931 summaries
History rows inserted: 560
Marked 0 listings as sold.
Marked 494 listings as ended.
Finished main_fetch.py job
2026-07-15 08:30:04 - Starting main_fetch.py job
EBAY_US: page 1
EBAY_US: page 2
EBAY_US: page 3
EBAY_US: page 4
EBAY_US: page 5
EBAY_US: fetched 1000 items
EBAY_AU: page 1
EBAY_AU: page 2
EBAY_AU: page 3
EBAY_AU: page 4
EBAY_AU: page 5
EBAY_AU: fetched 1000 items
EBAY_GB: page 1
EBAY_GB: page 2
EBAY_GB: page 3
EBAY_GB: page 4
EBAY_GB: page 5
EBAY_GB: fetched 1000 items
EBAY_DE: page 1
EBAY_DE: page 2
EBAY_DE: page 3
EBAY_DE: page 4
EBAY_DE: page 5
EBAY_DE: fetched 1000 items
Inserted 3957 into temp db.
Fetched and saved 3957 summaries
History rows inserted: 421
Marked 0 listings as sold.
Marked 699 listings as ended.
Finished main_fetch.py job
2026-07-15 12:30:04 - Starting main_fetch.py job
EBAY_US: page 1
EBAY_US: page 2
EBAY_US: page 3
EBAY_US: page 4
EBAY_US: page 5
EBAY_US: fetched 1000 items
EBAY_AU: page 1
EBAY_AU: page 2
EBAY_AU: page 3
EBAY_AU: page 4
EBAY_AU: page 5
EBAY_AU: fetched 1000 items
EBAY_GB: page 1
EBAY_GB: page 2
EBAY_GB: page 3
EBAY_GB: page 4
EBAY_GB: page 5
EBAY_GB: fetched 1000 items
EBAY_DE: page 1
EBAY_DE: page 2
EBAY_DE: page 3
EBAY_DE: page 4
EBAY_DE: page 5
EBAY_DE: fetched 1000 items
Inserted 3953 into temp db.
Fetched and saved 3953 summaries
History rows inserted: 822
Marked 0 listings as sold.
Marked 619 listings as ended.
Finished main_fetch.py job
2026-07-15 16:30:04 - Starting main_fetch.py job
EBAY_US: page 1
EBAY_US: page 2
EBAY_US: page 3
EBAY_US: page 4
EBAY_US: page 5
EBAY_US: fetched 1000 items
EBAY_AU: page 1
EBAY_AU: page 2
EBAY_AU: page 3
EBAY_AU: page 4
EBAY_AU: page 5
EBAY_AU: fetched 1000 items
EBAY_GB: page 1
EBAY_GB: page 2
EBAY_GB: page 3
EBAY_GB: page 4
EBAY_GB: page 5
EBAY_GB: fetched 1000 items
EBAY_DE: page 1
EBAY_DE: page 2
EBAY_DE: page 3
EBAY_DE: page 4
EBAY_DE: page 5
EBAY_DE: fetched 1000 items
Inserted 3981 into temp db.
Fetched and saved 3981 summaries
History rows inserted: 929
Marked 0 listings as sold.
Marked 1296 listings as ended.
Finished main_fetch.py job
2026-07-15 20:30:04 - Starting main_fetch.py job
EBAY_US: page 1
EBAY_US: page 2
EBAY_US: page 3
EBAY_US: page 4
EBAY_US: page 5
EBAY_US: fetched 1000 items
EBAY_AU: page 1
EBAY_AU: page 2
EBAY_AU: page 3
EBAY_AU: page 4
EBAY_AU: page 5
EBAY_AU: fetched 1000 items
EBAY_GB: page 1
EBAY_GB: page 2
EBAY_GB: page 3
EBAY_GB: page 4
EBAY_GB: page 5
EBAY_GB: fetched 1000 items
EBAY_DE: page 1
EBAY_DE: page 2
EBAY_DE: page 3
EBAY_DE: page 4
EBAY_DE: page 5
EBAY_DE: fetched 1000 items
Inserted 3863 into temp db.
Fetched and saved 3863 summaries
History rows inserted: 880
Marked 0 listings as sold.
Marked 858 listings as ended.
Finished main_fetch.py job
2026-07-16 00:30:04 - Starting main_fetch.py job
EBAY_US: page 1
EBAY_US: page 2
EBAY_US: page 3
EBAY_US: page 4
EBAY_US: page 5
EBAY_US: fetched 1000 items
EBAY_AU: page 1
EBAY_AU: page 2
EBAY_AU: page 3
EBAY_AU: page 4
EBAY_AU: page 5
EBAY_AU: fetched 1000 items
EBAY_GB: page 1
EBAY_GB: page 2
EBAY_GB: page 3
EBAY_GB: page 4
EBAY_GB: page 5
EBAY_GB: fetched 1000 items
EBAY_DE: page 1
EBAY_DE: page 2
EBAY_DE: page 3
EBAY_DE: page 4
EBAY_DE: page 5
EBAY_DE: fetched 1000 items
Inserted 3966 into temp db.
Fetched and saved 3966 summaries
History rows inserted: 709
Marked 0 listings as sold.
Marked 1414 listings as ended.
Finished main_fetch.py job
2026-07-16 04:30:03 - Starting main_fetch.py job
EBAY_US: page 1
EBAY_US: page 2
EBAY_US: page 3
EBAY_US: page 4
EBAY_US: page 5
EBAY_US: fetched 1000 items
EBAY_AU: page 1
EBAY_AU: page 2
EBAY_AU: page 3
EBAY_AU: page 4
EBAY_AU: page 5
EBAY_AU: fetched 1000 items
EBAY_GB: page 1
EBAY_GB: page 2
EBAY_GB: page 3
EBAY_GB: page 4
EBAY_GB: page 5
EBAY_GB: fetched 1000 items
EBAY_DE: page 1
EBAY_DE: page 2
EBAY_DE: page 3
EBAY_DE: page 4
EBAY_DE: page 5
EBAY_DE: fetched 1000 items
Inserted 3810 into temp db.
Fetched and saved 3810 summaries
History rows inserted: 601
Marked 0 listings as sold.
Marked 797 listings as ended.
Finished main_fetch.py job
2026-07-16 08:30:03 - Starting main_fetch.py job
EBAY_US: page 1
EBAY_US: page 2
EBAY_US: page 3
EBAY_US: page 4
EBAY_US: page 5
EBAY_US: fetched 1000 items
EBAY_AU: page 1
EBAY_AU: page 2
EBAY_AU: page 3
EBAY_AU: page 4
EBAY_AU: page 5
EBAY_AU: fetched 1000 items
EBAY_GB: page 1
EBAY_GB: page 2
EBAY_GB: page 3
EBAY_GB: page 4
EBAY_GB: page 5
EBAY_GB: fetched 1000 items
EBAY_DE: page 1
EBAY_DE: page 2
EBAY_DE: page 3
EBAY_DE: page 4
EBAY_DE: page 5
EBAY_DE: fetched 1000 items
Inserted 3983 into temp db.
Fetched and saved 3983 summaries
History rows inserted: 510
Marked 0 listings as sold.
Marked 555 listings as ended.
Finished main_fetch.py job
2026-07-16 12:30:04 - Starting main_fetch.py job
EBAY_US: page 1
EBAY_US: page 2
EBAY_US: page 3
EBAY_US: page 4
EBAY_US: page 5
EBAY_US: fetched 1000 items
EBAY_AU: page 1
EBAY_AU: page 2
EBAY_AU: page 3
EBAY_AU: page 4
EBAY_AU: page 5
EBAY_AU: fetched 1000 items
EBAY_GB: page 1
EBAY_GB: page 2
EBAY_GB: page 3
EBAY_GB: page 4
EBAY_GB: page 5
EBAY_GB: fetched 1000 items
EBAY_DE: page 1
EBAY_DE: page 2
EBAY_DE: page 3
EBAY_DE: page 4
EBAY_DE: page 5
EBAY_DE: fetched 1000 items
Inserted 3976 into temp db.
Fetched and saved 3976 summaries
History rows inserted: 855
Marked 0 listings as sold.
Marked 688 listings as ended.
Finished main_fetch.py job
2026-07-16 16:30:04 - Starting main_fetch.py job
EBAY_US: page 1
EBAY_US: page 2
EBAY_US: page 3
EBAY_US: page 4
EBAY_US: page 5
EBAY_US: fetched 1000 items
EBAY_AU: page 1
EBAY_AU: page 2
EBAY_AU: page 3
EBAY_AU: page 4
EBAY_AU: page 5
EBAY_AU: fetched 1000 items
EBAY_GB: page 1
EBAY_GB: page 2
EBAY_GB: page 3
EBAY_GB: page 4
EBAY_GB: page 5
EBAY_GB: fetched 1000 items
EBAY_DE: page 1
EBAY_DE: page 2
EBAY_DE: page 3
EBAY_DE: page 4
EBAY_DE: page 5
EBAY_DE: fetched 1000 items
Inserted 3970 into temp db.
Fetched and saved 3970 summaries
History rows inserted: 926
Marked 0 listings as sold.
Marked 1192 listings as ended.
Finished main_fetch.py job
2026-07-16 20:30:04 - Starting main_fetch.py job
EBAY_US: page 1
EBAY_US: page 2
EBAY_US: page 3
EBAY_US: page 4
EBAY_US: page 5
EBAY_US: fetched 1000 items
EBAY_AU: page 1
EBAY_AU: page 2
EBAY_AU: page 3
EBAY_AU: page 4
EBAY_AU: page 5
EBAY_AU: fetched 1000 items
EBAY_GB: page 1
EBAY_GB: page 2
EBAY_GB: page 3
EBAY_GB: page 4
EBAY_GB: page 5
EBAY_GB: fetched 1000 items
EBAY_DE: page 1
EBAY_DE: page 2
EBAY_DE: page 3
EBAY_DE: page 4
EBAY_DE: page 5
EBAY_DE: fetched 1000 items
Inserted 3760 into temp db.
Fetched and saved 3760 summaries
History rows inserted: 909
Marked 0 listings as sold.
Marked 730 listings as ended.
Finished main_fetch.py job
2026-07-17 00:30:04 - Starting main_fetch.py job
EBAY_US: page 1
EBAY_US: page 2
EBAY_US: page 3
EBAY_US: page 4
EBAY_US: page 5
EBAY_US: fetched 1000 items
EBAY_AU: page 1
EBAY_AU: page 2
EBAY_AU: page 3
EBAY_AU: page 4
EBAY_AU: page 5
EBAY_AU: fetched 1000 items
EBAY_GB: page 1
EBAY_GB: page 2
EBAY_GB: page 3
EBAY_GB: page 4
EBAY_GB: page 5
EBAY_GB: fetched 1000 items
EBAY_DE: page 1
EBAY_DE: page 2
EBAY_DE: page 3
EBAY_DE: page 4
EBAY_DE: page 5
EBAY_DE: fetched 1000 items
Inserted 3987 into temp db.
Fetched and saved 3987 summaries
History rows inserted: 686
Marked 0 listings as sold.
Marked 1127 listings as ended.
Finished main_fetch.py job
2026-07-17 04:30:04 - Starting main_fetch.py job
EBAY_US: page 1
EBAY_US: page 2
EBAY_US: page 3
EBAY_US: page 4
EBAY_US: page 5
EBAY_US: fetched 1000 items
EBAY_AU: page 1
EBAY_AU: page 2
EBAY_AU: page 3
EBAY_AU: page 4
EBAY_AU: page 5
EBAY_AU: fetched 1000 items
EBAY_GB: page 1
EBAY_GB: page 2
EBAY_GB: page 3
EBAY_GB: page 4
EBAY_GB: page 5
EBAY_GB: fetched 1000 items
EBAY_DE: page 1
EBAY_DE: page 2
EBAY_DE: page 3
EBAY_DE: page 4
EBAY_DE: page 5
EBAY_DE: fetched 1000 items
Inserted 3764 into temp db.
Fetched and saved 3764 summaries
History rows inserted: 533
Marked 0 listings as sold.
Marked 487 listings as ended.
Finished main_fetch.py job
2026-07-17 08:30:04 - Starting main_fetch.py job
EBAY_US: page 1
EBAY_US: page 2
EBAY_US: page 3
EBAY_US: page 4
EBAY_US: page 5
EBAY_US: fetched 1000 items
EBAY_AU: page 1
EBAY_AU: page 2
EBAY_AU: page 3
EBAY_AU: page 4
EBAY_AU: page 5
EBAY_AU: fetched 1000 items
EBAY_GB: page 1
EBAY_GB: page 2
EBAY_GB: page 3
EBAY_GB: page 4
EBAY_GB: page 5
EBAY_GB: fetched 1000 items
EBAY_DE: page 1
EBAY_DE: page 2
EBAY_DE: page 3
EBAY_DE: page 4
EBAY_DE: page 5
EBAY_DE: fetched 1000 items
Inserted 3687 into temp db.
Fetched and saved 3687 summaries
History rows inserted: 459
Marked 0 listings as sold.
Marked 673 listings as ended.
Finished main_fetch.py job
2026-07-17 12:30:04 - Starting main_fetch.py job
EBAY_US: page 1
EBAY_US: page 2
EBAY_US: page 3
EBAY_US: page 4
EBAY_US: page 5
EBAY_US: fetched 1000 items
EBAY_AU: page 1
EBAY_AU: page 2
EBAY_AU: page 3
EBAY_AU: page 4
EBAY_AU: page 5
EBAY_AU: fetched 1000 items
EBAY_GB: page 1
EBAY_GB: page 2
EBAY_GB: page 3
EBAY_GB: page 4
EBAY_GB: page 5
EBAY_GB: fetched 1000 items
EBAY_DE: page 1
EBAY_DE: page 2
EBAY_DE: page 3
EBAY_DE: page 4
EBAY_DE: page 5
EBAY_DE: fetched 1000 items
Inserted 3851 into temp db.
Fetched and saved 3851 summaries
History rows inserted: 949
Marked 0 listings as sold.
Marked 612 listings as ended.
Finished main_fetch.py job
2026-07-17 16:30:04 - Starting main_fetch.py job
EBAY_US: page 1
EBAY_US: page 2
EBAY_US: page 3
EBAY_US: page 4
EBAY_US: page 5
EBAY_US: fetched 1000 items
EBAY_AU: page 1
EBAY_AU: page 2
EBAY_AU: page 3
EBAY_AU: page 4
EBAY_AU: page 5
EBAY_AU: fetched 1000 items
EBAY_GB: page 1
EBAY_GB: page 2
EBAY_GB: page 3
EBAY_GB: page 4
EBAY_GB: page 5
EBAY_GB: fetched 1000 items
EBAY_DE: page 1
EBAY_DE: page 2
EBAY_DE: page 3
EBAY_DE: page 4
EBAY_DE: page 5
EBAY_DE: fetched 1000 items
Inserted 3977 into temp db.
Fetched and saved 3977 summaries
History rows inserted: 915
Marked 0 listings as sold.
Marked 1101 listings as ended.
Finished main_fetch.py job
2026-07-17 20:30:04 - Starting main_fetch.py job
EBAY_US: page 1
EBAY_US: page 2
EBAY_US: page 3
EBAY_US: page 4
EBAY_US: page 5
EBAY_US: fetched 1000 items
EBAY_AU: page 1
EBAY_AU: page 2
EBAY_AU: page 3
EBAY_AU: page 4
EBAY_AU: page 5
EBAY_AU: fetched 1000 items
EBAY_GB: page 1
EBAY_GB: page 2
EBAY_GB: page 3
EBAY_GB: page 4
EBAY_GB: page 5
EBAY_GB: fetched 1000 items
EBAY_DE: page 1
EBAY_DE: page 2
EBAY_DE: page 3
EBAY_DE: page 4
EBAY_DE: page 5
EBAY_DE: fetched 1000 items
Inserted 3721 into temp db.
Fetched and saved 3721 summaries
History rows inserted: 810
Marked 0 listings as sold.
Marked 675 listings as ended.
Finished main_fetch.py job
2026-07-18 00:30:03 - Starting main_fetch.py job
EBAY_US: page 1
EBAY_US: page 2
EBAY_US: page 3
EBAY_US: page 4
EBAY_US: page 5
EBAY_US: fetched 1000 items
EBAY_AU: page 1
EBAY_AU: page 2
EBAY_AU: page 3
EBAY_AU: page 4
EBAY_AU: page 5
EBAY_AU: fetched 1000 items
EBAY_GB: page 1
EBAY_GB: page 2
EBAY_GB: page 3
EBAY_GB: page 4
EBAY_GB: page 5
EBAY_GB: fetched 1000 items
EBAY_DE: page 1
EBAY_DE: page 2
EBAY_DE: page 3
EBAY_DE: page 4
EBAY_DE: page 5
EBAY_DE: fetched 1000 items
Inserted 3800 into temp db.
Fetched and saved 3800 summaries
History rows inserted: 629
Marked 0 listings as sold.
Marked 980 listings as ended.
Finished main_fetch.py job
2026-07-18 04:30:04 - Starting main_fetch.py job
EBAY_US: page 1
EBAY_US: page 2
EBAY_US: page 3
EBAY_US: page 4
EBAY_US: page 5
EBAY_US: fetched 1000 items
EBAY_AU: page 1
EBAY_AU: page 2
EBAY_AU: page 3
EBAY_AU: page 4
EBAY_AU: page 5
EBAY_AU: fetched 1000 items
EBAY_GB: page 1
EBAY_GB: page 2
EBAY_GB: page 3
EBAY_GB: page 4
EBAY_GB: page 5
EBAY_GB: fetched 1000 items
EBAY_DE: page 1
EBAY_DE: page 2
EBAY_DE: page 3
EBAY_DE: page 4
EBAY_DE: page 5
EBAY_DE: fetched 1000 items
Inserted 3854 into temp db.
Fetched and saved 3854 summaries
History rows inserted: 553
Marked 0 listings as sold.
Marked 523 listings as ended.
Finished main_fetch.py job
2026-07-18 08:30:04 - Starting main_fetch.py job
EBAY_US: page 1
EBAY_US: page 2
EBAY_US: page 3
EBAY_US: page 4
EBAY_US: page 5
EBAY_US: fetched 1000 items
EBAY_AU: page 1
EBAY_AU: page 2
EBAY_AU: page 3
EBAY_AU: page 4
EBAY_AU: page 5
EBAY_AU: fetched 1000 items
EBAY_GB: page 1
EBAY_GB: page 2
EBAY_GB: page 3
EBAY_GB: page 4
EBAY_GB: page 5
EBAY_GB: fetched 1000 items
EBAY_DE: page 1
EBAY_DE: page 2
EBAY_DE: page 3
EBAY_DE: page 4
EBAY_DE: page 5
EBAY_DE: fetched 1000 items
Inserted 3976 into temp db.
Fetched and saved 3976 summaries
History rows inserted: 527
Marked 0 listings as sold.
Marked 763 listings as ended.
Finished main_fetch.py job
2026-07-18 12:30:04 - Starting main_fetch.py job
EBAY_US: page 1
EBAY_US: page 2
EBAY_US: page 3
EBAY_US: page 4
EBAY_US: page 5
EBAY_US: fetched 1000 items
EBAY_AU: page 1
EBAY_AU: page 2
EBAY_AU: page 3
EBAY_AU: page 4
EBAY_AU: page 5
EBAY_AU: fetched 1000 items
EBAY_GB: page 1
EBAY_GB: page 2
EBAY_GB: page 3
EBAY_GB: page 4
EBAY_GB: page 5
EBAY_GB: fetched 1000 items
EBAY_DE: page 1
EBAY_DE: page 2
EBAY_DE: page 3
EBAY_DE: page 4
EBAY_DE: page 5
EBAY_DE: fetched 1000 items
Inserted 3845 into temp db.
Fetched and saved 3845 summaries
History rows inserted: 944
Marked 0 listings as sold.
Marked 682 listings as ended.
Finished main_fetch.py job
2026-07-18 16:30:04 - Starting main_fetch.py job
EBAY_US: page 1
EBAY_US: page 2
EBAY_US: page 3
EBAY_US: page 4
EBAY_US: page 5
EBAY_US: fetched 1000 items
EBAY_AU: page 1
EBAY_AU: page 2
EBAY_AU: page 3
EBAY_AU: page 4
EBAY_AU: page 5
EBAY_AU: fetched 1000 items
EBAY_GB: page 1
EBAY_GB: page 2
EBAY_GB: page 3
EBAY_GB: page 4
EBAY_GB: page 5
EBAY_GB: fetched 1000 items
EBAY_DE: page 1
EBAY_DE: page 2
EBAY_DE: page 3
EBAY_DE: page 4
EBAY_DE: page 5
EBAY_DE: fetched 1000 items
Inserted 3887 into temp db.
Fetched and saved 3887 summaries
History rows inserted: 1159
Marked 0 listings as sold.
Marked 999 listings as ended.
Finished main_fetch.py job
2026-07-18 20:30:04 - Starting main_fetch.py job
EBAY_US: page 1
EBAY_US: page 2
EBAY_US: page 3
EBAY_US: page 4
EBAY_US: page 5
EBAY_US: fetched 1000 items
EBAY_AU: page 1
EBAY_AU: page 2
EBAY_AU: page 3
EBAY_AU: page 4
EBAY_AU: page 5
EBAY_AU: fetched 1000 items
EBAY_GB: page 1
EBAY_GB: page 2
EBAY_GB: page 3
EBAY_GB: page 4
EBAY_GB: page 5
EBAY_GB: fetched 1000 items
EBAY_DE: page 1
EBAY_DE: page 2
EBAY_DE: page 3
EBAY_DE: page 4
EBAY_DE: page 5
EBAY_DE: fetched 1000 items
Inserted 3980 into temp db.
Fetched and saved 3980 summaries
History rows inserted: 1108
Marked 0 listings as sold.
Marked 882 listings as ended.
Finished main_fetch.py job
2026-07-19 00:30:03 - Starting main_fetch.py job
EBAY_US: page 1
EBAY_US: page 2
EBAY_US: page 3
EBAY_US: page 4
EBAY_US: page 5
EBAY_US: fetched 1000 items
EBAY_AU: page 1
EBAY_AU: page 2
EBAY_AU: page 3
EBAY_AU: page 4
EBAY_AU: page 5
EBAY_AU: fetched 1000 items
EBAY_GB: page 1
EBAY_GB: page 2
EBAY_GB: page 3
EBAY_GB: page 4
EBAY_GB: page 5
EBAY_GB: fetched 1000 items
EBAY_DE: page 1
EBAY_DE: page 2
EBAY_DE: page 3
EBAY_DE: page 4
EBAY_DE: page 5
EBAY_DE: fetched 1000 items
Inserted 3981 into temp db.
Fetched and saved 3981 summaries
History rows inserted: 621
Marked 0 listings as sold.
Marked 657 listings as ended.
Finished main_fetch.py job
2026-07-19 04:30:04 - Starting main_fetch.py job
EBAY_US: page 1
EBAY_US: page 2
EBAY_US: page 3
EBAY_US: page 4
EBAY_US: page 5
EBAY_US: fetched 1000 items
EBAY_AU: page 1
EBAY_AU: page 2
EBAY_AU: page 3
EBAY_AU: page 4
EBAY_AU: page 5
EBAY_AU: fetched 1000 items
EBAY_GB: page 1
EBAY_GB: page 2
EBAY_GB: page 3
EBAY_GB: page 4
EBAY_GB: page 5
EBAY_GB: fetched 1000 items
EBAY_DE: page 1
EBAY_DE: page 2
EBAY_DE: page 3
EBAY_DE: page 4
EBAY_DE: page 5
EBAY_DE: fetched 1000 items
Inserted 3858 into temp db.
Fetched and saved 3858 summaries
History rows inserted: 634
Marked 0 listings as sold.
Marked 648 listings as ended.
Finished main_fetch.py job
2026-07-19 08:30:04 - Starting main_fetch.py job
EBAY_US: page 1
EBAY_US: page 2
EBAY_US: page 3
EBAY_US: page 4
EBAY_US: page 5
EBAY_US: fetched 1000 items
EBAY_AU: page 1
EBAY_AU: page 2
EBAY_AU: page 3
EBAY_AU: page 4
EBAY_AU: page 5
EBAY_AU: fetched 1000 items
EBAY_GB: page 1
EBAY_GB: page 2
EBAY_GB: page 3
EBAY_GB: page 4
EBAY_GB: page 5
EBAY_GB: fetched 1000 items
EBAY_DE: page 1
EBAY_DE: page 2
EBAY_DE: page 3
EBAY_DE: page 4
EBAY_DE: page 5
EBAY_DE: fetched 1000 items
Inserted 3988 into temp db.
Fetched and saved 3988 summaries
History rows inserted: 513
Marked 0 listings as sold.
Marked 800 listings as ended.
Finished main_fetch.py job
2026-07-19 12:30:04 - Starting main_fetch.py job
EBAY_US: page 1
EBAY_US: page 2
EBAY_US: page 3
EBAY_US: page 4
EBAY_US: page 5
EBAY_US: fetched 1000 items
EBAY_AU: page 1
EBAY_AU: page 2
EBAY_AU: page 3
EBAY_AU: page 4
EBAY_AU: page 5
EBAY_AU: fetched 1000 items
EBAY_GB: page 1
EBAY_GB: page 2
EBAY_GB: page 3
EBAY_GB: page 4
EBAY_GB: page 5
EBAY_GB: fetched 1000 items
EBAY_DE: page 1
EBAY_DE: page 2
EBAY_DE: page 3
EBAY_DE: page 4
EBAY_DE: page 5
EBAY_DE: fetched 1000 items
Inserted 3912 into temp db.
Fetched and saved 3912 summaries
History rows inserted: 1111
Marked 0 listings as sold.
Marked 663 listings as ended.
Finished main_fetch.py job
2026-07-19 16:30:04 - Starting main_fetch.py job
EBAY_US: page 1
EBAY_US: page 2
EBAY_US: page 3
EBAY_US: page 4
EBAY_US: page 5
EBAY_US: fetched 1000 items
EBAY_AU: page 1
EBAY_AU: page 2
EBAY_AU: page 3
EBAY_AU: page 4
EBAY_AU: page 5
EBAY_AU: fetched 1000 items
EBAY_GB: page 1
EBAY_GB: page 2
EBAY_GB: page 3
EBAY_GB: page 4
EBAY_GB: page 5
EBAY_GB: fetched 1000 items
EBAY_DE: page 1
EBAY_DE: page 2
EBAY_DE: page 3
EBAY_DE: page 4
EBAY_DE: page 5
EBAY_DE: fetched 1000 items
Inserted 3920 into temp db.
Fetched and saved 3920 summaries
History rows inserted: 1340
Marked 0 listings as sold.
Marked 1066 listings as ended.
Finished main_fetch.py job
2026-07-19 20:30:04 - Starting main_fetch.py job
EBAY_US: page 1
EBAY_US: page 2
EBAY_US: page 3
EBAY_US: page 4
EBAY_US: page 5
EBAY_US: fetched 1000 items
EBAY_AU: page 1
EBAY_AU: page 2
EBAY_AU: page 3
EBAY_AU: page 4
EBAY_AU: page 5
EBAY_AU: fetched 1000 items
EBAY_GB: page 1
EBAY_GB: page 2
EBAY_GB: page 3
EBAY_GB: page 4
EBAY_GB: page 5
EBAY_GB: fetched 1000 items
EBAY_DE: page 1
EBAY_DE: page 2
EBAY_DE: page 3
EBAY_DE: page 4
EBAY_DE: page 5
EBAY_DE: fetched 1000 items
Inserted 3839 into temp db.
Fetched and saved 3839 summaries
History rows inserted: 1038
Marked 0 listings as sold.
Marked 611 listings as ended.
Finished main_fetch.py job
2026-07-20 00:30:04 - Starting main_fetch.py job
EBAY_US: page 1
EBAY_US: page 2
EBAY_US: page 3
EBAY_US: page 4
EBAY_US: page 5
EBAY_US: fetched 1000 items
EBAY_AU: page 1
EBAY_AU: page 2
EBAY_AU: page 3
EBAY_AU: page 4
EBAY_AU: page 5
EBAY_AU: fetched 1000 items
EBAY_GB: page 1
EBAY_GB: page 2
EBAY_GB: page 3
EBAY_GB: page 4
EBAY_GB: page 5
EBAY_GB: fetched 1000 items
EBAY_DE: page 1
EBAY_DE: page 2
EBAY_DE: page 3
EBAY_DE: page 4
EBAY_DE: page 5
EBAY_DE: fetched 1000 items
Inserted 3830 into temp db.
Fetched and saved 3830 summaries
History rows inserted: 604
Marked 0 listings as sold.
Marked 995 listings as ended.
Finished main_fetch.py job
2026-07-20 04:30:03 - Starting main_fetch.py job
EBAY_US: page 1
EBAY_US: page 2
EBAY_US: page 3
EBAY_US: page 4
EBAY_US: page 5
EBAY_US: fetched 1000 items
EBAY_AU: page 1
EBAY_AU: page 2
EBAY_AU: page 3
EBAY_AU: page 4
EBAY_AU: page 5
EBAY_AU: fetched 1000 items
EBAY_GB: page 1
EBAY_GB: page 2
EBAY_GB: page 3
EBAY_GB: page 4
EBAY_GB: page 5
EBAY_GB: fetched 1000 items
EBAY_DE: page 1
EBAY_DE: page 2
EBAY_DE: page 3
EBAY_DE: page 4
EBAY_DE: page 5
EBAY_DE: fetched 1000 items
Inserted 3984 into temp db.
Fetched and saved 3984 summaries
History rows inserted: 669
Marked 0 listings as sold.
Marked 527 listings as ended.
Finished main_fetch.py job
2026-07-20 08:30:04 - Starting main_fetch.py job
EBAY_US: page 1
EBAY_US: page 2
EBAY_US: page 3
EBAY_US: page 4
EBAY_US: page 5
EBAY_US: fetched 1000 items
EBAY_AU: page 1
EBAY_AU: page 2
EBAY_AU: page 3
EBAY_AU: page 4
EBAY_AU: page 5
EBAY_AU: fetched 1000 items
EBAY_GB: page 1
EBAY_GB: page 2
EBAY_GB: page 3
EBAY_GB: page 4
EBAY_GB: page 5
EBAY_GB: fetched 1000 items
EBAY_DE: page 1
EBAY_DE: page 2
EBAY_DE: page 3
EBAY_DE: page 4
EBAY_DE: page 5
EBAY_DE: fetched 1000 items
Inserted 3984 into temp db.
Fetched and saved 3984 summaries
History rows inserted: 544
Marked 0 listings as sold.
Marked 626 listings as ended.
Finished main_fetch.py job
2026-07-20 12:30:04 - Starting main_fetch.py job
EBAY_US: page 1
EBAY_US: page 2
EBAY_US: page 3
EBAY_US: page 4
EBAY_US: page 5
EBAY_US: fetched 1000 items
EBAY_AU: page 1
EBAY_AU: page 2
EBAY_AU: page 3
EBAY_AU: page 4
EBAY_AU: page 5
EBAY_AU: fetched 1000 items
EBAY_GB: page 1
EBAY_GB: page 2
EBAY_GB: page 3
EBAY_GB: page 4
EBAY_GB: page 5
EBAY_GB: fetched 1000 items
EBAY_DE: page 1
EBAY_DE: page 2
EBAY_DE: page 3
EBAY_DE: page 4
EBAY_DE: page 5
EBAY_DE: fetched 1000 items
Inserted 3954 into temp db.
Fetched and saved 3954 summaries
History rows inserted: 878
Marked 0 listings as sold.
Marked 831 listings as ended.
Finished main_fetch.py job
2026-07-20 16:30:04 - Starting main_fetch.py job
EBAY_US: page 1
EBAY_US: page 2
EBAY_US: page 3
EBAY_US: page 4
EBAY_US: page 5
EBAY_US: fetched 1000 items
EBAY_AU: page 1
EBAY_AU: page 2
EBAY_AU: page 3
EBAY_AU: page 4
EBAY_AU: page 5
EBAY_AU: fetched 1000 items
EBAY_GB: page 1
EBAY_GB: page 2
EBAY_GB: page 3
EBAY_GB: page 4
EBAY_GB: page 5
EBAY_GB: fetched 1000 items
EBAY_DE: page 1
EBAY_DE: page 2
EBAY_DE: page 3
EBAY_DE: page 4
EBAY_DE: page 5
EBAY_DE: fetched 1000 items
Inserted 3978 into temp db.
Fetched and saved 3978 summaries
History rows inserted: 1038
Marked 0 listings as sold.
Marked 1323 listings as ended.
Finished main_fetch.py job
2026-07-20 20:30:04 - Starting main_fetch.py job
EBAY_US: page 1
EBAY_US: page 2
EBAY_US: page 3
EBAY_US: page 4
EBAY_US: page 5
EBAY_US: fetched 1000 items
EBAY_AU: page 1
EBAY_AU: page 2
EBAY_AU: page 3
EBAY_AU: page 4
EBAY_AU: page 5
EBAY_AU: fetched 1000 items
EBAY_GB: page 1
EBAY_GB: page 2
EBAY_GB: page 3
EBAY_GB: page 4
EBAY_GB: page 5
EBAY_GB: fetched 1000 items
EBAY_DE: page 1
EBAY_DE: page 2
EBAY_DE: page 3
EBAY_DE: page 4
EBAY_DE: page 5
EBAY_DE: fetched 1000 items
Inserted 3974 into temp db.
Fetched and saved 3974 summaries
History rows inserted: 1033
Marked 0 listings as sold.
Marked 766 listings as ended.
Finished main_fetch.py job
2026-07-21 00:30:03 - Starting main_fetch.py job
EBAY_US: page 1
EBAY_US: page 2
EBAY_US: page 3
EBAY_US: page 4
EBAY_US: page 5
EBAY_US: fetched 1000 items
EBAY_AU: page 1
EBAY_AU: page 2
EBAY_AU: page 3
EBAY_AU: page 4
EBAY_AU: page 5
EBAY_AU: fetched 1000 items
EBAY_GB: page 1
EBAY_GB: page 2
EBAY_GB: page 3
EBAY_GB: page 4
EBAY_GB: page 5
EBAY_GB: fetched 1000 items
EBAY_DE: page 1
EBAY_DE: page 2
EBAY_DE: page 3
EBAY_DE: page 4
EBAY_DE: page 5
EBAY_DE: fetched 1000 items
Inserted 3973 into temp db.
Fetched and saved 3973 summaries
History rows inserted: 764
Marked 0 listings as sold.
Marked 1179 listings as ended.
Finished main_fetch.py job
2026-07-21 04:30:04 - Starting main_fetch.py job
EBAY_US: page 1
EBAY_US: page 2
EBAY_US: page 3
EBAY_US: page 4
EBAY_US: page 5
EBAY_US: fetched 1000 items
EBAY_AU: page 1
EBAY_AU: page 2
EBAY_AU: page 3
EBAY_AU: page 4
EBAY_AU: page 5
EBAY_AU: fetched 1000 items
EBAY_GB: page 1
EBAY_GB: page 2
EBAY_GB: page 3
EBAY_GB: page 4
EBAY_GB: page 5
EBAY_GB: fetched 1000 items
EBAY_DE: page 1
EBAY_DE: page 2
EBAY_DE: page 3
EBAY_DE: page 4
EBAY_DE: page 5
EBAY_DE: fetched 1000 items
Inserted 3892 into temp db.
Fetched and saved 3892 summaries
History rows inserted: 602
Marked 0 listings as sold.
Marked 408 listings as ended.
Finished main_fetch.py job
2026-07-21 08:30:04 - Starting main_fetch.py job
EBAY_US: page 1
EBAY_US: page 2
EBAY_US: page 3
EBAY_US: page 4
EBAY_US: page 5
EBAY_US: fetched 1000 items
EBAY_AU: page 1
EBAY_AU: page 2
EBAY_AU: page 3
EBAY_AU: page 4
EBAY_AU: page 5
EBAY_AU: fetched 1000 items
EBAY_GB: page 1
EBAY_GB: page 2
EBAY_GB: page 3
EBAY_GB: page 4
EBAY_GB: page 5
EBAY_GB: fetched 1000 items
EBAY_DE: page 1
EBAY_DE: page 2
EBAY_DE: page 3
EBAY_DE: page 4
EBAY_DE: page 5
EBAY_DE: fetched 1000 items
Inserted 3980 into temp db.
Fetched and saved 3980 summaries
History rows inserted: 605
Marked 0 listings as sold.
Marked 620 listings as ended.
Finished main_fetch.py job
2026-07-21 12:30:04 - Starting main_fetch.py job
EBAY_US: page 1
EBAY_US: page 2
EBAY_US: page 3
EBAY_US: page 4
EBAY_US: page 5
EBAY_US: fetched 1000 items
EBAY_AU: page 1
EBAY_AU: page 2
EBAY_AU: page 3
EBAY_AU: page 4
EBAY_AU: page 5
EBAY_AU: fetched 1000 items
EBAY_GB: page 1
EBAY_GB: page 2
EBAY_GB: page 3
EBAY_GB: page 4
EBAY_GB: page 5
EBAY_GB: fetched 1000 items
EBAY_DE: page 1
EBAY_DE: page 2
EBAY_DE: page 3
EBAY_DE: page 4
EBAY_DE: page 5
EBAY_DE: fetched 1000 items
Inserted 3956 into temp db.
Fetched and saved 3956 summaries
History rows inserted: 848
Marked 0 listings as sold.
Marked 1118 listings as ended.
Finished main_fetch.py job
2026-07-21 16:30:04 - Starting main_fetch.py job
EBAY_US: page 1
EBAY_US: page 2
EBAY_US: page 3
EBAY_US: page 4
EBAY_US: page 5
EBAY_US: fetched 1000 items
EBAY_AU: page 1
EBAY_AU: page 2
EBAY_AU: page 3
EBAY_AU: page 4
EBAY_AU: page 5
EBAY_AU: fetched 1000 items
EBAY_GB: page 1
EBAY_GB: page 2
EBAY_GB: page 3
EBAY_GB: page 4
EBAY_GB: page 5
EBAY_GB: fetched 1000 items
EBAY_DE: page 1
EBAY_DE: page 2
EBAY_DE: page 3
EBAY_DE: page 4
EBAY_DE: page 5
EBAY_DE: fetched 1000 items
Inserted 3968 into temp db.
Fetched and saved 3968 summaries
History rows inserted: 989
Marked 0 listings as sold.
Marked 1103 listings as ended.
Finished main_fetch.py job
2026-07-21 20:30:04 - Starting main_fetch.py job
EBAY_US: page 1
EBAY_US: page 2
EBAY_US: page 3
EBAY_US: page 4
EBAY_US: page 5
EBAY_US: fetched 1000 items
EBAY_AU: page 1
EBAY_AU: page 2
EBAY_AU: page 3
EBAY_AU: page 4
EBAY_AU: page 5
EBAY_AU: fetched 1000 items
EBAY_GB: page 1
EBAY_GB: page 2
EBAY_GB: page 3
EBAY_GB: page 4
EBAY_GB: page 5
EBAY_GB: fetched 1000 items
EBAY_DE: page 1
EBAY_DE: page 2
EBAY_DE: page 3
EBAY_DE: page 4
EBAY_DE: page 5
EBAY_DE: fetched 1000 items
Inserted 3963 into temp db.
Fetched and saved 3963 summaries
History rows inserted: 1020
Marked 0 listings as sold.
Marked 1058 listings as ended.
Finished main_fetch.py job
2026-07-22 00:30:04 - Starting main_fetch.py job
EBAY_US: page 1
EBAY_US: page 2
EBAY_US: page 3
EBAY_US: page 4
EBAY_US: page 5
EBAY_US: fetched 1000 items
EBAY_AU: page 1
EBAY_AU: page 2
EBAY_AU: page 3
EBAY_AU: page 4
EBAY_AU: page 5
EBAY_AU: fetched 1000 items
EBAY_GB: page 1
EBAY_GB: page 2
EBAY_GB: page 3
EBAY_GB: page 4
EBAY_GB: page 5
EBAY_GB: fetched 1000 items
EBAY_DE: page 1
EBAY_DE: page 2
EBAY_DE: page 3
EBAY_DE: page 4
EBAY_DE: page 5
EBAY_DE: fetched 1000 items
Inserted 3969 into temp db.
Fetched and saved 3969 summaries
History rows inserted: 677
Marked 0 listings as sold.
Marked 1259 listings as ended.
Finished main_fetch.py job
2026-07-22 04:30:04 - Starting main_fetch.py job
EBAY_US: page 1
EBAY_US: page 2
EBAY_US: page 3
EBAY_US: page 4
EBAY_US: page 5
EBAY_US: fetched 1000 items
EBAY_AU: page 1
EBAY_AU: page 2
EBAY_AU: page 3
EBAY_AU: page 4
EBAY_AU: page 5
EBAY_AU: fetched 1000 items
EBAY_GB: page 1
EBAY_GB: page 2
EBAY_GB: page 3
EBAY_GB: page 4
EBAY_GB: page 5
EBAY_GB: fetched 1000 items
EBAY_DE: page 1
EBAY_DE: page 2
EBAY_DE: page 3
EBAY_DE: page 4
EBAY_DE: page 5
EBAY_DE: fetched 1000 items
Inserted 3915 into temp db.
Fetched and saved 3915 summaries
History rows inserted: 592
Marked 0 listings as sold.
Marked 527 listings as ended.
Finished main_fetch.py job
2026-07-22 08:30:04 - Starting main_fetch.py job
EBAY_US: page 1
EBAY_US: page 2
EBAY_US: page 3
EBAY_US: page 4
EBAY_US: page 5
EBAY_US: fetched 1000 items
EBAY_AU: page 1
EBAY_AU: page 2
EBAY_AU: page 3
EBAY_AU: page 4
EBAY_AU: page 5
EBAY_AU: fetched 1000 items
EBAY_GB: page 1
EBAY_GB: page 2
EBAY_GB: page 3
EBAY_GB: page 4
EBAY_GB: page 5
EBAY_GB: fetched 1000 items
EBAY_DE: page 1
EBAY_DE: page 2
EBAY_DE: page 3
EBAY_DE: page 4
EBAY_DE: page 5
EBAY_DE: fetched 1000 items
Inserted 3978 into temp db.
Fetched and saved 3978 summaries
History rows inserted: 479
Marked 0 listings as sold.
Marked 739 listings as ended.
Finished main_fetch.py job
2026-07-22 12:30:04 - Starting main_fetch.py job
EBAY_US: page 1
EBAY_US: page 2
EBAY_US: page 3
EBAY_US: page 4
EBAY_US: page 5
EBAY_US: fetched 1000 items
EBAY_AU: page 1
EBAY_AU: page 2
EBAY_AU: page 3
EBAY_AU: page 4
EBAY_AU: page 5
EBAY_AU: fetched 1000 items
EBAY_GB: page 1
EBAY_GB: page 2
EBAY_GB: page 3
EBAY_GB: page 4
EBAY_GB: page 5
EBAY_GB: fetched 1000 items
EBAY_DE: page 1
EBAY_DE: page 2
EBAY_DE: page 3
EBAY_DE: page 4
EBAY_DE: page 5
EBAY_DE: fetched 1000 items
Inserted 3981 into temp db.
Fetched and saved 3981 summaries
History rows inserted: 894
Marked 0 listings as sold.
Marked 641 listings as ended.
Finished main_fetch.py job
2026-07-22 16:30:04 - Starting main_fetch.py job
EBAY_US: page 1
EBAY_US: page 2
EBAY_US: page 3
EBAY_US: page 4
EBAY_US: page 5
EBAY_US: fetched 1000 items
EBAY_AU: page 1
EBAY_AU: page 2
EBAY_AU: page 3
EBAY_AU: page 4
EBAY_AU: page 5
EBAY_AU: fetched 1000 items
EBAY_GB: page 1
EBAY_GB: page 2
EBAY_GB: page 3
EBAY_GB: page 4
EBAY_GB: page 5
EBAY_GB: fetched 1000 items
EBAY_DE: page 1
EBAY_DE: page 2
EBAY_DE: page 3
EBAY_DE: page 4
EBAY_DE: page 5
EBAY_DE: fetched 1000 items
Inserted 3975 into temp db.
Fetched and saved 3975 summaries
History rows inserted: 950
Marked 0 listings as sold.
Marked 1269 listings as ended.
Finished main_fetch.py job
2026-07-22 20:30:04 - Starting main_fetch.py job
EBAY_US: page 1
EBAY_US: page 2
EBAY_US: page 3
EBAY_US: page 4
EBAY_US: page 5
EBAY_US: fetched 1000 items
EBAY_AU: page 1
EBAY_AU: page 2
EBAY_AU: page 3
EBAY_AU: page 4
EBAY_AU: page 5
EBAY_AU: fetched 1000 items
EBAY_GB: page 1
EBAY_GB: page 2
EBAY_GB: page 3
EBAY_GB: page 4
EBAY_GB: page 5
EBAY_GB: fetched 1000 items
EBAY_DE: page 1
EBAY_DE: page 2
EBAY_DE: page 3
EBAY_DE: page 4
EBAY_DE: page 5
EBAY_DE: fetched 1000 items
Inserted 3982 into temp db.
Fetched and saved 3982 summaries
History rows inserted: 1001
Marked 0 listings as sold.
Marked 787 listings as ended.
Finished main_fetch.py job
2026-07-23 00:30:04 - Starting main_fetch.py job
EBAY_US: page 1
EBAY_US: page 2
EBAY_US: page 3
EBAY_US: page 4
EBAY_US: page 5
EBAY_US: fetched 1000 items
EBAY_AU: page 1
EBAY_AU: page 2
EBAY_AU: page 3
EBAY_AU: page 4
EBAY_AU: page 5
EBAY_AU: fetched 1000 items
EBAY_GB: page 1
EBAY_GB: page 2
EBAY_GB: page 3
EBAY_GB: page 4
EBAY_GB: page 5
EBAY_GB: fetched 1000 items
EBAY_DE: page 1
EBAY_DE: page 2
EBAY_DE: page 3
EBAY_DE: page 4
EBAY_DE: page 5
EBAY_DE: fetched 1000 items
Inserted 3977 into temp db.
Fetched and saved 3977 summaries
History rows inserted: 681
Marked 0 listings as sold.
Marked 1113 listings as ended.
Finished main_fetch.py job
2026-07-23 04:30:04 - Starting main_fetch.py job
EBAY_US: page 1
EBAY_US: page 2
EBAY_US: page 3
EBAY_US: page 4
EBAY_US: page 5
EBAY_US: fetched 1000 items
EBAY_AU: page 1
EBAY_AU: page 2
EBAY_AU: page 3
EBAY_AU: page 4
EBAY_AU: page 5
EBAY_AU: fetched 1000 items
EBAY_GB: page 1
EBAY_GB: page 2
EBAY_GB: page 3
EBAY_GB: page 4
EBAY_GB: page 5
EBAY_GB: fetched 1000 items
EBAY_DE: page 1
EBAY_DE: page 2
EBAY_DE: page 3
EBAY_DE: page 4
EBAY_DE: page 5
EBAY_DE: fetched 1000 items
Inserted 3917 into temp db.
Fetched and saved 3917 summaries
History rows inserted: 512
Marked 0 listings as sold.
Marked 518 listings as ended.
Finished main_fetch.py job
2026-07-23 08:30:04 - Starting main_fetch.py job
EBAY_US: page 1
EBAY_US: page 2
EBAY_US: page 3
EBAY_US: page 4
EBAY_US: page 5
EBAY_US: fetched 1000 items
EBAY_AU: page 1
EBAY_AU: page 2
EBAY_AU: page 3
EBAY_AU: page 4
EBAY_AU: page 5
EBAY_AU: fetched 1000 items
EBAY_GB: page 1
EBAY_GB: page 2
EBAY_GB: page 3
EBAY_GB: page 4
EBAY_GB: page 5
EBAY_GB: fetched 1000 items
EBAY_DE: page 1
EBAY_DE: page 2
EBAY_DE: page 3
EBAY_DE: page 4
EBAY_DE: page 5
EBAY_DE: fetched 1000 items
Inserted 3869 into temp db.
Fetched and saved 3869 summaries
History rows inserted: 457
Marked 0 listings as sold.
Marked 716 listings as ended.
Finished main_fetch.py job
2026-07-23 12:30:04 - Starting main_fetch.py job
EBAY_US: page 1
EBAY_US: page 2
EBAY_US: page 3
EBAY_US: page 4
EBAY_US: page 5
EBAY_US: fetched 1000 items
EBAY_AU: page 1
EBAY_AU: page 2
EBAY_AU: page 3
EBAY_AU: page 4
EBAY_AU: page 5
EBAY_AU: fetched 1000 items
EBAY_GB: page 1
EBAY_GB: page 2
EBAY_GB: page 3
EBAY_GB: page 4
EBAY_GB: page 5
EBAY_GB: fetched 1000 items
EBAY_DE: page 1
EBAY_DE: page 2
EBAY_DE: page 3
EBAY_DE: page 4
EBAY_DE: page 5
EBAY_DE: fetched 1000 items
Inserted 3988 into temp db.
Fetched and saved 3988 summaries
History rows inserted: 1023
Marked 0 listings as sold.
Marked 655 listings as ended.
Finished main_fetch.py job
2026-07-23 16:30:04 - Starting main_fetch.py job
EBAY_US: page 1
EBAY_US: page 2
EBAY_US: page 3
EBAY_US: page 4
EBAY_US: page 5
EBAY_US: fetched 1000 items
EBAY_AU: page 1
EBAY_AU: page 2
EBAY_AU: page 3
EBAY_AU: page 4
EBAY_AU: page 5
EBAY_AU: fetched 1000 items
EBAY_GB: page 1
EBAY_GB: page 2
EBAY_GB: page 3
EBAY_GB: page 4
EBAY_GB: page 5
EBAY_GB: fetched 1000 items
EBAY_DE: page 1
EBAY_DE: page 2
EBAY_DE: page 3
EBAY_DE: page 4
EBAY_DE: page 5
EBAY_DE: fetched 1000 items
Inserted 3978 into temp db.
Fetched and saved 3978 summaries
History rows inserted: 1009
Marked 0 listings as sold.
Marked 1216 listings as ended.
Finished main_fetch.py job
2026-07-23 20:30:04 - Starting main_fetch.py job
EBAY_US: page 1
EBAY_US: page 2
EBAY_US: page 3
EBAY_US: page 4
EBAY_US: page 5
EBAY_US: fetched 1000 items
EBAY_AU: page 1
EBAY_AU: page 2
EBAY_AU: page 3
EBAY_AU: page 4
EBAY_AU: page 5
EBAY_AU: fetched 1000 items
EBAY_GB: page 1
EBAY_GB: page 2
EBAY_GB: page 3
EBAY_GB: page 4
EBAY_GB: page 5
EBAY_GB: fetched 1000 items
EBAY_DE: page 1
EBAY_DE: page 2
EBAY_DE: page 3
EBAY_DE: page 4
EBAY_DE: page 5
EBAY_DE: fetched 1000 items
Inserted 3987 into temp db.
Fetched and saved 3987 summaries
History rows inserted: 1022
Marked 0 listings as sold.
Marked 722 listings as ended.
Finished main_fetch.py job
2026-07-24 00:30:04 - Starting main_fetch.py job
EBAY_US: page 1
EBAY_US: page 2
EBAY_US: page 3
EBAY_US: page 4
EBAY_US: page 5
EBAY_US: fetched 1000 items
EBAY_AU: page 1
EBAY_AU: page 2
EBAY_AU: page 3
EBAY_AU: page 4
EBAY_AU: page 5
EBAY_AU: fetched 1000 items
EBAY_GB: page 1
EBAY_GB: page 2
EBAY_GB: page 3
EBAY_GB: page 4
EBAY_GB: page 5
EBAY_GB: fetched 1000 items
EBAY_DE: page 1
EBAY_DE: page 2
EBAY_DE: page 3
EBAY_DE: page 4
EBAY_DE: page 5
EBAY_DE: fetched 1000 items
Inserted 3978 into temp db.
Fetched and saved 3978 summaries
History rows inserted: 707
Marked 0 listings as sold.
Marked 1112 listings as ended.
Finished main_fetch.py job
2026-07-24 04:30:04 - Starting main_fetch.py job
EBAY_US: page 1
EBAY_US: page 2
EBAY_US: page 3
EBAY_US: page 4
EBAY_US: page 5
EBAY_US: fetched 1000 items
EBAY_AU: page 1
EBAY_AU: page 2
EBAY_AU: page 3
EBAY_AU: page 4
EBAY_AU: page 5
EBAY_AU: fetched 1000 items
EBAY_GB: page 1
EBAY_GB: page 2
EBAY_GB: page 3
EBAY_GB: page 4
EBAY_GB: page 5
EBAY_GB: fetched 1000 items
EBAY_DE: page 1
EBAY_DE: page 2
EBAY_DE: page 3
EBAY_DE: page 4
EBAY_DE: page 5
EBAY_DE: fetched 1000 items
Inserted 3986 into temp db.
Fetched and saved 3986 summaries
History rows inserted: 642
Marked 0 listings as sold.
Marked 496 listings as ended.
Finished main_fetch.py job
2026-07-24 08:30:04 - Starting main_fetch.py job
EBAY_US: page 1
EBAY_US: page 2
EBAY_US: page 3
EBAY_US: page 4
EBAY_US: page 5
EBAY_US: fetched 1000 items
EBAY_AU: page 1
EBAY_AU: page 2
EBAY_AU: page 3
EBAY_AU: page 4
EBAY_AU: page 5
EBAY_AU: fetched 1000 items
EBAY_GB: page 1
EBAY_GB: page 2
EBAY_GB: page 3
EBAY_GB: page 4
EBAY_GB: page 5
EBAY_GB: fetched 1000 items
EBAY_DE: page 1
EBAY_DE: page 2
EBAY_DE: page 3
EBAY_DE: page 4
EBAY_DE: page 5
EBAY_DE: fetched 1000 items
Inserted 3985 into temp db.
Fetched and saved 3985 summaries
History rows inserted: 503
Marked 0 listings as sold.
Marked 741 listings as ended.
Finished main_fetch.py job
2026-07-24 12:30:04 - Starting main_fetch.py job
EBAY_US: page 1
EBAY_US: page 2
EBAY_US: page 3
EBAY_US: page 4
EBAY_US: page 5
EBAY_US: fetched 1000 items
EBAY_AU: page 1
EBAY_AU: page 2
EBAY_AU: page 3
EBAY_AU: page 4
EBAY_AU: page 5
EBAY_AU: fetched 1000 items
EBAY_GB: page 1
EBAY_GB: page 2
EBAY_GB: page 3
EBAY_GB: page 4
EBAY_GB: page 5
EBAY_GB: fetched 1000 items
EBAY_DE: page 1
EBAY_DE: page 2
EBAY_DE: page 3
EBAY_DE: page 4
EBAY_DE: page 5
EBAY_DE: fetched 1000 items
Inserted 3969 into temp db.
Fetched and saved 3969 summaries
History rows inserted: 890
Marked 0 listings as sold.
Marked 668 listings as ended.
Finished main_fetch.py job
2026-07-24 16:30:04 - Starting main_fetch.py job
EBAY_US: page 1
EBAY_US: page 2
EBAY_US: page 3
EBAY_US: page 4
EBAY_US: page 5
EBAY_US: fetched 1000 items
EBAY_AU: page 1
EBAY_AU: page 2
EBAY_AU: page 3
EBAY_AU: page 4
EBAY_AU: page 5
EBAY_AU: fetched 1000 items
EBAY_GB: page 1
EBAY_GB: page 2
EBAY_GB: page 3
EBAY_GB: page 4
EBAY_GB: page 5
EBAY_GB: fetched 1000 items
EBAY_DE: page 1
EBAY_DE: page 2
EBAY_DE: page 3
EBAY_DE: page 4
EBAY_DE: page 5
EBAY_DE: fetched 1000 items
Inserted 3981 into temp db.
Fetched and saved 3981 summaries
History rows inserted: 947
Marked 0 listings as sold.
Marked 1165 listings as ended.
Finished main_fetch.py job
2026-07-24 20:30:04 - Starting main_fetch.py job
EBAY_US: page 1
EBAY_US: page 2
EBAY_US: page 3
EBAY_US: page 4
EBAY_US: page 5
EBAY_US: fetched 1000 items
EBAY_AU: page 1
EBAY_AU: page 2
EBAY_AU: page 3
EBAY_AU: page 4
EBAY_AU: page 5
EBAY_AU: fetched 1000 items
EBAY_GB: page 1
EBAY_GB: page 2
EBAY_GB: page 3
EBAY_GB: page 4
EBAY_GB: page 5
EBAY_GB: fetched 1000 items
EBAY_DE: page 1
EBAY_DE: page 2
EBAY_DE: page 3
EBAY_DE: page 4
EBAY_DE: page 5
EBAY_DE: fetched 1000 items
Inserted 3855 into temp db.
Fetched and saved 3855 summaries
History rows inserted: 940
Marked 0 listings as sold.
Marked 672 listings as ended.
Finished main_fetch.py job
2026-07-25 00:30:04 - Starting main_fetch.py job
EBAY_US: page 1
EBAY_US: page 2
EBAY_US: page 3
EBAY_US: page 4
EBAY_US: page 5
EBAY_US: fetched 1000 items
EBAY_AU: page 1
EBAY_AU: page 2
EBAY_AU: page 3
EBAY_AU: page 4
EBAY_AU: page 5
EBAY_AU: fetched 1000 items
EBAY_GB: page 1
EBAY_GB: page 2
EBAY_GB: page 3
EBAY_GB: page 4
EBAY_GB: page 5
EBAY_GB: fetched 1000 items
EBAY_DE: page 1
EBAY_DE: page 2
EBAY_DE: page 3
EBAY_DE: page 4
EBAY_DE: page 5
EBAY_DE: fetched 1000 items
Inserted 3832 into temp db.
Fetched and saved 3832 summaries
History rows inserted: 579
Marked 0 listings as sold.
Marked 991 listings as ended.
Finished main_fetch.py job
2026-07-25 04:30:04 - Starting main_fetch.py job
EBAY_US: page 1
EBAY_US: page 2
EBAY_US: page 3
EBAY_US: page 4
EBAY_US: page 5
EBAY_US: fetched 1000 items
EBAY_AU: page 1
EBAY_AU: page 2
EBAY_AU: page 3
EBAY_AU: page 4
EBAY_AU: page 5
EBAY_AU: fetched 1000 items
EBAY_GB: page 1
EBAY_GB: page 2
EBAY_GB: page 3
EBAY_GB: page 4
EBAY_GB: page 5
EBAY_GB: fetched 1000 items
EBAY_DE: page 1
EBAY_DE: page 2
EBAY_DE: page 3
EBAY_DE: page 4
EBAY_DE: page 5
EBAY_DE: fetched 1000 items
Inserted 3966 into temp db.
Fetched and saved 3966 summaries
History rows inserted: 594
Marked 0 listings as sold.
Marked 514 listings as ended.
Finished main_fetch.py job
2026-07-25 08:30:04 - Starting main_fetch.py job
EBAY_US: page 1
EBAY_US: page 2
EBAY_US: page 3
EBAY_US: page 4
EBAY_US: page 5
EBAY_US: fetched 1000 items
EBAY_AU: page 1
EBAY_AU: page 2
EBAY_AU: page 3
EBAY_AU: page 4
EBAY_AU: page 5
EBAY_AU: fetched 1000 items
EBAY_GB: page 1
EBAY_GB: page 2
EBAY_GB: page 3
EBAY_GB: page 4
EBAY_GB: page 5
EBAY_GB: fetched 1000 items
EBAY_DE: page 1
EBAY_DE: page 2
EBAY_DE: page 3
EBAY_DE: page 4
EBAY_DE: page 5
EBAY_DE: fetched 1000 items
Inserted 3989 into temp db.
Fetched and saved 3989 summaries
History rows inserted: 482
Marked 0 listings as sold.
Marked 794 listings as ended.
Finished main_fetch.py job
2026-07-25 12:30:04 - Starting main_fetch.py job
EBAY_US: page 1
EBAY_US: page 2
EBAY_US: page 3
EBAY_US: page 4
EBAY_US: page 5
EBAY_US: fetched 1000 items
EBAY_AU: page 1
EBAY_AU: page 2
EBAY_AU: page 3
EBAY_AU: page 4
EBAY_AU: page 5
EBAY_AU: fetched 1000 items
EBAY_GB: page 1
EBAY_GB: page 2
EBAY_GB: page 3
EBAY_GB: page 4
EBAY_GB: page 5
EBAY_GB: fetched 1000 items
EBAY_DE: page 1
EBAY_DE: page 2
EBAY_DE: page 3
EBAY_DE: page 4
EBAY_DE: page 5
EBAY_DE: fetched 1000 items
Inserted 3990 into temp db.
Fetched and saved 3990 summaries
History rows inserted: 977
Marked 0 listings as sold.
Marked 784 listings as ended.
Finished main_fetch.py job
2026-07-25 16:30:03 - Starting main_fetch.py job
EBAY_US: page 1
EBAY_US: page 2
EBAY_US: page 3
EBAY_US: page 4
EBAY_US: page 5
EBAY_US: fetched 1000 items
EBAY_AU: page 1
EBAY_AU: page 2
EBAY_AU: page 3
EBAY_AU: page 4
EBAY_AU: page 5
EBAY_AU: fetched 1000 items
EBAY_GB: page 1
EBAY_GB: page 2
EBAY_GB: page 3
EBAY_GB: page 4
EBAY_GB: page 5
EBAY_GB: fetched 1000 items
EBAY_DE: page 1
EBAY_DE: page 2
EBAY_DE: page 3
EBAY_DE: page 4
EBAY_DE: page 5
EBAY_DE: fetched 1000 items
Inserted 3985 into temp db.
Fetched and saved 3985 summaries
History rows inserted: 1099
Marked 0 listings as sold.
Marked 1424 listings as ended.
Finished main_fetch.py job
2026-07-25 20:30:04 - Starting main_fetch.py job
EBAY_US: page 1
EBAY_US: page 2
EBAY_US: page 3
EBAY_US: page 4
EBAY_US: page 5
EBAY_US: fetched 1000 items
EBAY_AU: page 1
EBAY_AU: page 2
EBAY_AU: page 3
EBAY_AU: page 4
EBAY_AU: page 5
EBAY_AU: fetched 1000 items
EBAY_GB: page 1
EBAY_GB: page 2
EBAY_GB: page 3
EBAY_GB: page 4
EBAY_GB: page 5
EBAY_GB: fetched 1000 items
EBAY_DE: page 1
EBAY_DE: page 2
EBAY_DE: page 3
EBAY_DE: page 4
EBAY_DE: page 5
EBAY_DE: fetched 1000 items
Inserted 3975 into temp db.
Fetched and saved 3975 summaries
History rows inserted: 1041
Marked 0 listings as sold.
Marked 622 listings as ended.
Finished main_fetch.py job
2026-07-26 00:30:04 - Starting main_fetch.py job
EBAY_US: page 1
EBAY_US: page 2
EBAY_US: page 3
EBAY_US: page 4
EBAY_US: page 5
EBAY_US: fetched 1000 items
EBAY_AU: page 1
EBAY_AU: page 2
EBAY_AU: page 3
EBAY_AU: page 4
EBAY_AU: page 5
EBAY_AU: fetched 1000 items
EBAY_GB: page 1
EBAY_GB: page 2
EBAY_GB: page 3
EBAY_GB: page 4
EBAY_GB: page 5
EBAY_GB: fetched 1000 items
EBAY_DE: page 1
EBAY_DE: page 2
EBAY_DE: page 3
EBAY_DE: page 4
EBAY_DE: page 5
EBAY_DE: fetched 1000 items
Inserted 3980 into temp db.
Fetched and saved 3980 summaries
History rows inserted: 640
Marked 0 listings as sold.
Marked 1046 listings as ended.
Finished main_fetch.py job
2026-07-26 04:30:04 - Starting main_fetch.py job
EBAY_US: page 1
EBAY_US: page 2
EBAY_US: page 3
EBAY_US: page 4
EBAY_US: page 5
EBAY_US: fetched 1000 items
EBAY_AU: page 1
EBAY_AU: page 2
EBAY_AU: page 3
EBAY_AU: page 4
EBAY_AU: page 5
EBAY_AU: fetched 1000 items
EBAY_GB: page 1
EBAY_GB: page 2
EBAY_GB: page 3
EBAY_GB: page 4
EBAY_GB: page 5
EBAY_GB: fetched 1000 items
EBAY_DE: page 1
EBAY_DE: page 2
EBAY_DE: page 3
EBAY_DE: page 4
EBAY_DE: page 5
EBAY_DE: fetched 1000 items
Inserted 3988 into temp db.
Fetched and saved 3988 summaries
History rows inserted: 555
Marked 0 listings as sold.
Marked 477 listings as ended.
Finished main_fetch.py job
2026-07-26 08:30:04 - Starting main_fetch.py job
EBAY_US: page 1
EBAY_US: page 2
EBAY_US: page 3
EBAY_US: page 4
EBAY_US: page 5
EBAY_US: fetched 1000 items
EBAY_AU: page 1
EBAY_AU: page 2
EBAY_AU: page 3
EBAY_AU: page 4
EBAY_AU: page 5
EBAY_AU: fetched 1000 items
EBAY_GB: page 1
EBAY_GB: page 2
EBAY_GB: page 3
EBAY_GB: page 4
EBAY_GB: page 5
EBAY_GB: fetched 1000 items
EBAY_DE: page 1
EBAY_DE: page 2
EBAY_DE: page 3
EBAY_DE: page 4
EBAY_DE: page 5
EBAY_DE: fetched 1000 items
Inserted 3975 into temp db.
Fetched and saved 3975 summaries
History rows inserted: 498
Marked 0 listings as sold.
Marked 769 listings as ended.
Finished main_fetch.py job
2026-07-26 12:30:04 - Starting main_fetch.py job
EBAY_US: page 1
EBAY_US: page 2
EBAY_US: page 3
EBAY_US: page 4
EBAY_US: page 5
EBAY_US: fetched 1000 items
EBAY_AU: page 1
EBAY_AU: page 2
EBAY_AU: page 3
EBAY_AU: page 4
EBAY_AU: page 5
EBAY_AU: fetched 1000 items
EBAY_GB: page 1
EBAY_GB: page 2
EBAY_GB: page 3
EBAY_GB: page 4
EBAY_GB: page 5
EBAY_GB: fetched 1000 items
EBAY_DE: page 1
EBAY_DE: page 2
EBAY_DE: page 3
EBAY_DE: page 4
EBAY_DE: page 5
EBAY_DE: fetched 1000 items
Inserted 3983 into temp db.
Fetched and saved 3983 summaries
History rows inserted: 1031
Marked 0 listings as sold.
Marked 646 listings as ended.
Finished main_fetch.py job
2026-07-26 16:30:04 - Starting main_fetch.py job
EBAY_US: page 1
EBAY_US: page 2
EBAY_US: page 3
EBAY_US: page 4
EBAY_US: page 5
EBAY_US: fetched 1000 items
EBAY_AU: page 1
EBAY_AU: page 2
EBAY_AU: page 3
EBAY_AU: page 4
EBAY_AU: page 5
EBAY_AU: fetched 1000 items
EBAY_GB: page 1
EBAY_GB: page 2
EBAY_GB: page 3
EBAY_GB: page 4
EBAY_GB: page 5
EBAY_GB: fetched 1000 items
EBAY_DE: page 1
EBAY_DE: page 2
EBAY_DE: page 3
EBAY_DE: page 4
EBAY_DE: page 5
EBAY_DE: fetched 1000 items
Inserted 3983 into temp db.
Fetched and saved 3983 summaries
History rows inserted: 1298
Marked 0 listings as sold.
Marked 987 listings as ended.
Finished main_fetch.py job
2026-07-26 20:30:04 - Starting main_fetch.py job
EBAY_US: page 1
EBAY_US: page 2
EBAY_US: page 3
EBAY_US: page 4
EBAY_US: page 5
EBAY_US: fetched 1000 items
EBAY_AU: page 1
EBAY_AU: page 2
EBAY_AU: page 3
EBAY_AU: page 4
EBAY_AU: page 5
EBAY_AU: fetched 1000 items
EBAY_GB: page 1
EBAY_GB: page 2
EBAY_GB: page 3
EBAY_GB: page 4
EBAY_GB: page 5
EBAY_GB: fetched 1000 items
EBAY_DE: page 1
EBAY_DE: page 2
EBAY_DE: page 3
EBAY_DE: page 4
EBAY_DE: page 5
EBAY_DE: fetched 1000 items
Inserted 3938 into temp db.
Fetched and saved 3938 summaries
History rows inserted: 1288
Marked 0 listings as sold.
Marked 719 listings as ended.
Finished main_fetch.py job
2026-07-27 00:30:04 - Starting main_fetch.py job
EBAY_US: page 1
EBAY_US: page 2
EBAY_US: page 3
EBAY_US: page 4
EBAY_US: page 5
EBAY_US: fetched 1000 items
EBAY_AU: page 1
EBAY_AU: page 2
EBAY_AU: page 3
EBAY_AU: page 4
EBAY_AU: page 5
EBAY_AU: fetched 1000 items
EBAY_GB: page 1
EBAY_GB: page 2
EBAY_GB: page 3
EBAY_GB: page 4
EBAY_GB: page 5
EBAY_GB: fetched 1000 items
EBAY_DE: page 1
EBAY_DE: page 2
EBAY_DE: page 3
EBAY_DE: page 4
EBAY_DE: page 5
EBAY_DE: fetched 1000 items
Inserted 3954 into temp db.
Fetched and saved 3954 summaries
History rows inserted: 711
Marked 0 listings as sold.
Marked 1090 listings as ended.
Finished main_fetch.py job
2026-07-27 04:30:04 - Starting main_fetch.py job
EBAY_US: page 1
EBAY_US: page 2
EBAY_US: page 3
EBAY_US: page 4
EBAY_US: page 5
EBAY_US: fetched 1000 items
EBAY_AU: page 1
EBAY_AU: page 2
EBAY_AU: page 3
EBAY_AU: page 4
EBAY_AU: page 5
EBAY_AU: fetched 1000 items
EBAY_GB: page 1
EBAY_GB: page 2
EBAY_GB: page 3
EBAY_GB: page 4
EBAY_GB: page 5
EBAY_GB: fetched 1000 items
EBAY_DE: page 1
EBAY_DE: page 2
EBAY_DE: page 3
EBAY_DE: page 4
EBAY_DE: page 5
EBAY_DE: fetched 1000 items
Inserted 3744 into temp db.
Fetched and saved 3744 summaries
History rows inserted: 603
Marked 0 listings as sold.
Marked 450 listings as ended.
Finished main_fetch.py job
2026-07-27 08:30:04 - Starting main_fetch.py job
EBAY_US: page 1
EBAY_US: page 2
EBAY_US: page 3
EBAY_US: page 4
EBAY_US: page 5
EBAY_US: fetched 1000 items
EBAY_AU: page 1
EBAY_AU: page 2
EBAY_AU: page 3
EBAY_AU: page 4
EBAY_AU: page 5
EBAY_AU: fetched 1000 items
EBAY_GB: page 1
EBAY_GB: page 2
EBAY_GB: page 3
EBAY_GB: page 4
EBAY_GB: page 5
EBAY_GB: fetched 1000 items
EBAY_DE: page 1
EBAY_DE: page 2
EBAY_DE: page 3
EBAY_DE: page 4
EBAY_DE: page 5
EBAY_DE: fetched 1000 items
Inserted 3991 into temp db.
Fetched and saved 3991 summaries
History rows inserted: 540
Marked 0 listings as sold.
Marked 704 listings as ended.
Finished main_fetch.py job
2026-07-27 12:30:04 - Starting main_fetch.py job
EBAY_US: page 1
EBAY_US: page 2
EBAY_US: page 3
EBAY_US: page 4
EBAY_US: page 5
EBAY_US: fetched 1000 items
EBAY_AU: page 1
EBAY_AU: page 2
EBAY_AU: page 3
EBAY_AU: page 4
EBAY_AU: page 5
EBAY_AU: fetched 1000 items
EBAY_GB: page 1
EBAY_GB: page 2
EBAY_GB: page 3
EBAY_GB: page 4
EBAY_GB: page 5
EBAY_GB: fetched 1000 items
EBAY_DE: page 1
EBAY_DE: page 2
EBAY_DE: page 3
EBAY_DE: page 4
EBAY_DE: page 5
EBAY_DE: fetched 1000 items
Inserted 3977 into temp db.
Fetched and saved 3977 summaries
History rows inserted: 1023
Marked 0 listings as sold.
Marked 740 listings as ended.
Finished main_fetch.py job
2026-07-27 16:30:04 - Starting main_fetch.py job
EBAY_US: page 1
EBAY_US: page 2
EBAY_US: page 3
EBAY_US: page 4
EBAY_US: page 5
EBAY_US: fetched 1000 items
EBAY_AU: page 1
EBAY_AU: page 2
EBAY_AU: page 3
EBAY_AU: page 4
EBAY_AU: page 5
EBAY_AU: fetched 1000 items
EBAY_GB: page 1
EBAY_GB: page 2
EBAY_GB: page 3
EBAY_GB: page 4
EBAY_GB: page 5
EBAY_GB: fetched 1000 items
EBAY_DE: page 1
EBAY_DE: page 2
EBAY_DE: page 3
EBAY_DE: page 4
EBAY_DE: page 5
EBAY_DE: fetched 1000 items
Inserted 3912 into temp db.
Fetched and saved 3912 summaries
History rows inserted: 984
Marked 0 listings as sold.
Marked 1302 listings as ended.
Finished main_fetch.py job
2026-07-27 20:30:04 - Starting main_fetch.py job
EBAY_US: page 1
EBAY_US: page 2
EBAY_US: page 3
EBAY_US: page 4
EBAY_US: page 5
EBAY_US: fetched 1000 items
EBAY_AU: page 1
EBAY_AU: page 2
EBAY_AU: page 3
EBAY_AU: page 4
EBAY_AU: page 5
EBAY_AU: fetched 1000 items
EBAY_GB: page 1
EBAY_GB: page 2
EBAY_GB: page 3
EBAY_GB: page 4
EBAY_GB: page 5
EBAY_GB: fetched 1000 items
EBAY_DE: page 1
EBAY_DE: page 2
EBAY_DE: page 3
EBAY_DE: page 4
EBAY_DE: page 5
EBAY_DE: fetched 1000 items
Inserted 3814 into temp db.
Fetched and saved 3814 summaries
History rows inserted: 1089
Marked 0 listings as sold.
Marked 789 listings as ended.
Finished main_fetch.py job
2026-07-28 00:30:03 - Starting main_fetch.py job
EBAY_US: page 1
EBAY_US: page 2
EBAY_US: page 3
EBAY_US: page 4
EBAY_US: page 5
EBAY_US: fetched 1000 items
EBAY_AU: page 1
EBAY_AU: page 2
EBAY_AU: page 3
EBAY_AU: page 4
EBAY_AU: page 5
EBAY_AU: fetched 1000 items
EBAY_GB: page 1
EBAY_GB: page 2
EBAY_GB: page 3
EBAY_GB: page 4
EBAY_GB: page 5
EBAY_GB: fetched 1000 items
EBAY_DE: page 1
EBAY_DE: page 2
EBAY_DE: page 3
EBAY_DE: page 4
EBAY_DE: page 5
EBAY_DE: fetched 1000 items
Inserted 3930 into temp db.
Fetched and saved 3930 summaries
History rows inserted: 777
Marked 0 listings as sold.
Marked 1096 listings as ended.
Finished main_fetch.py job
2026-07-28 04:30:04 - Starting main_fetch.py job
EBAY_US: page 1
EBAY_US: page 2
EBAY_US: page 3
EBAY_US: page 4
EBAY_US: page 5
EBAY_US: fetched 1000 items
EBAY_AU: page 1
EBAY_AU: page 2
EBAY_AU: page 3
EBAY_AU: page 4
EBAY_AU: page 5
EBAY_AU: fetched 1000 items
EBAY_GB: page 1
EBAY_GB: page 2
EBAY_GB: page 3
EBAY_GB: page 4
EBAY_GB: page 5
EBAY_GB: fetched 1000 items
EBAY_DE: page 1
EBAY_DE: page 2
EBAY_DE: page 3
EBAY_DE: page 4
EBAY_DE: page 5
EBAY_DE: fetched 1000 items
Inserted 3870 into temp db.
Fetched and saved 3870 summaries
History rows inserted: 547
Marked 0 listings as sold.
Marked 455 listings as ended.
Finished main_fetch.py job
2026-07-28 08:30:03 - Starting main_fetch.py job
EBAY_US: page 1
EBAY_US: page 2
EBAY_US: page 3
EBAY_US: page 4
EBAY_US: page 5
EBAY_US: fetched 1000 items
EBAY_AU: page 1
EBAY_AU: page 2
EBAY_AU: page 3
EBAY_AU: page 4
EBAY_AU: page 5
EBAY_AU: fetched 1000 items
EBAY_GB: page 1
EBAY_GB: page 2
EBAY_GB: page 3
EBAY_GB: page 4
EBAY_GB: page 5
EBAY_GB: fetched 1000 items
EBAY_DE: page 1
EBAY_DE: page 2
EBAY_DE: page 3
EBAY_DE: page 4
EBAY_DE: page 5
EBAY_DE: fetched 1000 items
Inserted 3989 into temp db.
Fetched and saved 3989 summaries
History rows inserted: 570
Marked 0 listings as sold.
Marked 761 listings as ended.
Finished main_fetch.py job
2026-07-28 12:30:04 - Starting main_fetch.py job
EBAY_US: page 1
EBAY_US: page 2
EBAY_US: page 3
EBAY_US: page 4
EBAY_US: page 5
EBAY_US: fetched 1000 items
EBAY_AU: page 1
EBAY_AU: page 2
EBAY_AU: page 3
EBAY_AU: page 4
EBAY_AU: page 5
EBAY_AU: fetched 1000 items
EBAY_GB: page 1
EBAY_GB: page 2
EBAY_GB: page 3
EBAY_GB: page 4
EBAY_GB: page 5
EBAY_GB: fetched 1000 items
EBAY_DE: page 1
EBAY_DE: page 2
EBAY_DE: page 3
EBAY_DE: page 4
EBAY_DE: page 5
EBAY_DE: fetched 1000 items
Inserted 3987 into temp db.
Fetched and saved 3987 summaries
History rows inserted: 934
Marked 0 listings as sold.
Marked 917 listings as ended.
Finished main_fetch.py job
2026-07-28 16:30:04 - Starting main_fetch.py job
EBAY_US: page 1
EBAY_US: page 2
EBAY_US: page 3
EBAY_US: page 4
EBAY_US: page 5
EBAY_US: fetched 1000 items
EBAY_AU: page 1
EBAY_AU: page 2
EBAY_AU: page 3
EBAY_AU: page 4
EBAY_AU: page 5
EBAY_AU: fetched 1000 items
EBAY_GB: page 1
EBAY_GB: page 2
EBAY_GB: page 3
EBAY_GB: page 4
EBAY_GB: page 5
EBAY_GB: fetched 1000 items
EBAY_DE: page 1
EBAY_DE: page 2
EBAY_DE: page 3
EBAY_DE: page 4
EBAY_DE: page 5
EBAY_DE: fetched 1000 items
Inserted 3982 into temp db.
Fetched and saved 3982 summaries
History rows inserted: 1066
Marked 0 listings as sold.
Marked 1347 listings as ended.
Finished main_fetch.py job
2026-07-28 20:30:04 - Starting main_fetch.py job
EBAY_US: page 1
EBAY_US: page 2
EBAY_US: page 3
EBAY_US: fetched 599 items
EBAY_AU: page 1
EBAY_AU: page 2
EBAY_AU: page 3
EBAY_AU: page 4
EBAY_AU: page 5
EBAY_AU: fetched 1000 items
EBAY_GB: page 1
EBAY_GB: page 2
EBAY_GB: page 3
EBAY_GB: page 4
EBAY_GB: page 5
EBAY_GB: fetched 1000 items
EBAY_DE: page 1
EBAY_DE: page 2
EBAY_DE: page 3
EBAY_DE: page 4
EBAY_DE: page 5
EBAY_DE: fetched 1000 items
Inserted 3570 into temp db.
Fetched and saved 3570 summaries
History rows inserted: 836
Marked 0 listings as sold.
Marked 917 listings as ended.
Finished main_fetch.py job
2026-07-29 00:30:04 - Starting main_fetch.py job
EBAY_US: page 1
EBAY_US: page 2
EBAY_US: page 3
EBAY_US: page 4
EBAY_US: page 5
EBAY_US: fetched 1000 items
EBAY_AU: page 1
EBAY_AU: page 2
EBAY_AU: page 3
EBAY_AU: page 4
EBAY_AU: page 5
EBAY_AU: fetched 1000 items
EBAY_GB: page 1
EBAY_GB: page 2
EBAY_GB: page 3
EBAY_GB: page 4
EBAY_GB: page 5
EBAY_GB: fetched 1000 items
EBAY_DE: page 1
EBAY_DE: page 2
EBAY_DE: page 3
EBAY_DE: page 4
EBAY_DE: page 5
EBAY_DE: fetched 1000 items
Inserted 3977 into temp db.
Fetched and saved 3977 summaries
History rows inserted: 717
Marked 0 listings as sold.
Marked 1117 listings as ended.
Finished main_fetch.py job
2026-07-29 04:30:04 - Starting main_fetch.py job
EBAY_US: page 1
EBAY_US: page 2
EBAY_US: page 3
EBAY_US: page 4
EBAY_US: page 5
EBAY_US: fetched 1000 items
EBAY_AU: page 1
EBAY_AU: page 2
EBAY_AU: page 3
EBAY_AU: page 4
EBAY_AU: page 5
EBAY_AU: fetched 1000 items
EBAY_GB: page 1
EBAY_GB: page 2
EBAY_GB: page 3
EBAY_GB: page 4
EBAY_GB: page 5
EBAY_GB: fetched 1000 items
EBAY_DE: page 1
EBAY_DE: page 2
EBAY_DE: page 3
EBAY_DE: page 4
EBAY_DE: page 5
EBAY_DE: fetched 1000 items
Inserted 3987 into temp db.
Fetched and saved 3987 summaries
History rows inserted: 614
Marked 0 listings as sold.
Marked 669 listings as ended.
Finished main_fetch.py job
2026-07-29 08:30:04 - Starting main_fetch.py job
EBAY_US: page 1
EBAY_US: page 2
EBAY_US: page 3
EBAY_US: page 4
EBAY_US: page 5
EBAY_US: fetched 1000 items
EBAY_AU: page 1
EBAY_AU: page 2
EBAY_AU: page 3
EBAY_AU: page 4
EBAY_AU: page 5
EBAY_AU: fetched 1000 items
EBAY_GB: page 1
EBAY_GB: page 2
EBAY_GB: page 3
EBAY_GB: page 4
EBAY_GB: page 5
EBAY_GB: fetched 1000 items
EBAY_DE: page 1
EBAY_DE: page 2
EBAY_DE: page 3
EBAY_DE: page 4
EBAY_DE: page 5
EBAY_DE: fetched 1000 items
Inserted 3978 into temp db.
Fetched and saved 3978 summaries
History rows inserted: 502
Marked 0 listings as sold.
Marked 788 listings as ended.
Finished main_fetch.py job
2026-07-29 12:30:04 - Starting main_fetch.py job
EBAY_US: page 1
EBAY_US: page 2
EBAY_US: page 3
EBAY_US: page 4
EBAY_US: page 5
EBAY_US: fetched 1000 items
EBAY_AU: page 1
EBAY_AU: page 2
EBAY_AU: page 3
EBAY_AU: page 4
EBAY_AU: page 5
EBAY_AU: fetched 1000 items
EBAY_GB: page 1
EBAY_GB: page 2
EBAY_GB: page 3
EBAY_GB: page 4
EBAY_GB: page 5
EBAY_GB: fetched 1000 items
EBAY_DE: page 1
EBAY_DE: page 2
EBAY_DE: page 3
EBAY_DE: page 4
EBAY_DE: page 5
EBAY_DE: fetched 1000 items
Inserted 3926 into temp db.
Fetched and saved 3926 summaries
History rows inserted: 888
Marked 0 listings as sold.
Marked 750 listings as ended.
Finished main_fetch.py job
2026-07-29 16:30:04 - Starting main_fetch.py job
EBAY_US: page 1
EBAY_US: page 2
EBAY_US: page 3
EBAY_US: page 4
EBAY_US: page 5
EBAY_US: fetched 1000 items
EBAY_AU: page 1
EBAY_AU: page 2
EBAY_AU: page 3
EBAY_AU: page 4
EBAY_AU: page 5
EBAY_AU: fetched 1000 items
EBAY_GB: page 1
EBAY_GB: page 2
EBAY_GB: page 3
EBAY_GB: page 4
EBAY_GB: page 5
EBAY_GB: fetched 1000 items
EBAY_DE: page 1
EBAY_DE: page 2
EBAY_DE: page 3
EBAY_DE: page 4
EBAY_DE: page 5
EBAY_DE: fetched 1000 items
Inserted 3984 into temp db.
Fetched and saved 3984 summaries
History rows inserted: 981
Marked 0 listings as sold.
Marked 1046 listings as ended.
Finished main_fetch.py job
2026-07-29 20:30:03 - Starting main_fetch.py job
EBAY_US: page 1
EBAY_US: page 2
EBAY_US: page 3
EBAY_US: page 4
EBAY_US: page 5
EBAY_US: fetched 1000 items
EBAY_AU: page 1
EBAY_AU: page 2
EBAY_AU: page 3
EBAY_AU: page 4
EBAY_AU: page 5
EBAY_AU: fetched 1000 items
EBAY_GB: page 1
EBAY_GB: page 2
EBAY_GB: page 3
EBAY_GB: page 4
EBAY_GB: page 5
EBAY_GB: fetched 1000 items
EBAY_DE: page 1
EBAY_DE: page 2
EBAY_DE: page 3
EBAY_DE: page 4
EBAY_DE: page 5
EBAY_DE: fetched 1000 items
Inserted 3914 into temp db.
Fetched and saved 3914 summaries
History rows inserted: 1069
Marked 0 listings as sold.
Marked 943 listings as ended.
Finished main_fetch.py job
2026-07-30 00:30:04 - Starting main_fetch.py job
EBAY_US: page 1
EBAY_US: page 2
EBAY_US: page 3
EBAY_US: page 4
EBAY_US: page 5
EBAY_US: fetched 1000 items
EBAY_AU: page 1
EBAY_AU: page 2
EBAY_AU: page 3
EBAY_AU: page 4
EBAY_AU: page 5
EBAY_AU: fetched 1000 items
EBAY_GB: page 1
EBAY_GB: page 2
EBAY_GB: page 3
EBAY_GB: page 4
EBAY_GB: page 5
EBAY_GB: fetched 1000 items
EBAY_DE: page 1
EBAY_DE: page 2
EBAY_DE: page 3
EBAY_DE: page 4
EBAY_DE: page 5
EBAY_DE: fetched 1000 items
Inserted 3984 into temp db.
Fetched and saved 3984 summaries
History rows inserted: 676
Marked 0 listings as sold.
Marked 999 listings as ended.
Finished main_fetch.py job
2026-07-30 04:30:04 - Starting main_fetch.py job
EBAY_US: page 1
EBAY_US: page 2
EBAY_US: page 3
EBAY_US: page 4
EBAY_US: page 5
EBAY_US: fetched 1000 items
EBAY_AU: page 1
EBAY_AU: page 2
EBAY_AU: page 3
EBAY_AU: page 4
EBAY_AU: page 5
EBAY_AU: fetched 1000 items
EBAY_GB: page 1
EBAY_GB: page 2
EBAY_GB: page 3
EBAY_GB: page 4
EBAY_GB: page 5
EBAY_GB: fetched 1000 items
EBAY_DE: page 1
EBAY_DE: page 2
EBAY_DE: page 3
EBAY_DE: page 4
EBAY_DE: page 5
EBAY_DE: fetched 1000 items
Inserted 3815 into temp db.
Fetched and saved 3815 summaries
History rows inserted: 508
Marked 0 listings as sold.
Marked 645 listings as ended.
Finished main_fetch.py job
2026-07-30 08:30:04 - Starting main_fetch.py job
EBAY_US: page 1
EBAY_US: page 2
EBAY_US: page 3
EBAY_US: page 4
EBAY_US: page 5
EBAY_US: fetched 1000 items
EBAY_AU: page 1
EBAY_AU: page 2
EBAY_AU: page 3
EBAY_AU: page 4
EBAY_AU: page 5
EBAY_AU: fetched 1000 items
EBAY_GB: page 1
EBAY_GB: page 2
EBAY_GB: page 3
EBAY_GB: page 4
EBAY_GB: page 5
EBAY_GB: fetched 1000 items
EBAY_DE: page 1
EBAY_DE: page 2
EBAY_DE: page 3
EBAY_DE: page 4
EBAY_DE: page 5
EBAY_DE: fetched 1000 items
Inserted 3876 into temp db.
Fetched and saved 3876 summaries
History rows inserted: 502
Marked 0 listings as sold.
Marked 765 listings as ended.
Finished main_fetch.py job
2026-07-30 12:30:03 - Starting main_fetch.py job
EBAY_US: page 1
EBAY_US: page 2
EBAY_US: page 3
EBAY_US: page 4
EBAY_US: page 5
EBAY_US: fetched 1000 items
EBAY_AU: page 1
EBAY_AU: page 2
EBAY_AU: page 3
EBAY_AU: page 4
EBAY_AU: page 5
EBAY_AU: fetched 1000 items
EBAY_GB: page 1
EBAY_GB: page 2
EBAY_GB: page 3
EBAY_GB: page 4
EBAY_GB: page 5
EBAY_GB: fetched 1000 items
EBAY_DE: page 1
EBAY_DE: page 2
EBAY_DE: page 3
EBAY_DE: page 4
EBAY_DE: page 5
EBAY_DE: fetched 1000 items
Inserted 3886 into temp db.
Fetched and saved 3886 summaries
History rows inserted: 762
Marked 0 listings as sold.
Marked 732 listings as ended.
Finished main_fetch.py job
2026-07-30 16:30:04 - Starting main_fetch.py job
EBAY_US: page 1
EBAY_US: page 2
EBAY_US: page 3
EBAY_US: page 4
EBAY_US: page 5
EBAY_US: fetched 1000 items
EBAY_AU: page 1
EBAY_AU: page 2
EBAY_AU: page 3
EBAY_AU: page 4
EBAY_AU: page 5
EBAY_AU: fetched 1000 items
EBAY_GB: page 1
EBAY_GB: page 2
EBAY_GB: page 3
EBAY_GB: page 4
EBAY_GB: page 5
EBAY_GB: fetched 1000 items
EBAY_DE: page 1
EBAY_DE: page 2
EBAY_DE: page 3
EBAY_DE: page 4
EBAY_DE: page 5
EBAY_DE: fetched 1000 items
Inserted 3971 into temp db.
Fetched and saved 3971 summaries
History rows inserted: 886
Marked 0 listings as sold.
Marked 1186 listings as ended.
Finished main_fetch.py job
2026-07-30 20:30:04 - Starting main_fetch.py job
EBAY_US: page 1
EBAY_US: page 2
EBAY_US: page 3
EBAY_US: page 4
EBAY_US: page 5
EBAY_US: fetched 1000 items
EBAY_AU: page 1
EBAY_AU: page 2
EBAY_AU: page 3
EBAY_AU: page 4
EBAY_AU: page 5
EBAY_AU: fetched 1000 items
EBAY_GB: page 1
EBAY_GB: page 2
EBAY_GB: page 3
EBAY_GB: page 4
EBAY_GB: page 5
EBAY_GB: fetched 1000 items
EBAY_DE: page 1
EBAY_DE: page 2
EBAY_DE: page 3
EBAY_DE: page 4
EBAY_DE: page 5
EBAY_DE: fetched 1000 items
Inserted 3979 into temp db.
Fetched and saved 3979 summaries
History rows inserted: 1045
Marked 0 listings as sold.
Marked 663 listings as ended.
Finished main_fetch.py job
2026-07-31 00:30:04 - Starting main_fetch.py job
EBAY_US: page 1
EBAY_US: page 2
EBAY_US: page 3
EBAY_US: page 4
EBAY_US: page 5
EBAY_US: fetched 1000 items
EBAY_AU: page 1
EBAY_AU: page 2
EBAY_AU: page 3
EBAY_AU: page 4
EBAY_AU: page 5
EBAY_AU: fetched 1000 items
EBAY_GB: page 1
EBAY_GB: page 2
EBAY_GB: page 3
EBAY_GB: page 4
EBAY_GB: page 5
EBAY_GB: fetched 1000 items
EBAY_DE: page 1
EBAY_DE: page 2
EBAY_DE: page 3
EBAY_DE: page 4
EBAY_DE: page 5
EBAY_DE: fetched 1000 items
Inserted 3978 into temp db.
Fetched and saved 3978 summaries
History rows inserted: 684
Marked 0 listings as sold.
Marked 1079 listings as ended.
Finished main_fetch.py job
2026-07-31 04:30:04 - Starting main_fetch.py job
EBAY_US: page 1
EBAY_US: page 2
EBAY_US: page 3
EBAY_US: page 4
EBAY_US: page 5
EBAY_US: fetched 1000 items
EBAY_AU: page 1
EBAY_AU: page 2
EBAY_AU: page 3
EBAY_AU: page 4
EBAY_AU: page 5
EBAY_AU: fetched 1000 items
EBAY_GB: page 1
EBAY_GB: page 2
EBAY_GB: page 3
EBAY_GB: page 4
EBAY_GB: page 5
EBAY_GB: fetched 1000 items
EBAY_DE: page 1
EBAY_DE: page 2
EBAY_DE: page 3
EBAY_DE: page 4
EBAY_DE: page 5
EBAY_DE: fetched 1000 items
Inserted 3768 into temp db.
Fetched and saved 3768 summaries
History rows inserted: 572
Marked 0 listings as sold.
Marked 498 listings as ended.
Finished main_fetch.py job
2026-07-31 08:30:04 - Starting main_fetch.py job
EBAY_US: page 1
EBAY_US: page 2
EBAY_US: page 3
EBAY_US: page 4
EBAY_US: page 5
EBAY_US: fetched 1000 items
EBAY_AU: page 1
EBAY_AU: page 2
EBAY_AU: page 3
EBAY_AU: page 4
EBAY_AU: page 5
EBAY_AU: fetched 1000 items
EBAY_GB: page 1
EBAY_GB: page 2
EBAY_GB: page 3
EBAY_GB: page 4
EBAY_GB: page 5
EBAY_GB: fetched 1000 items
EBAY_DE: page 1
EBAY_DE: page 2
EBAY_DE: page 3
EBAY_DE: page 4
EBAY_DE: page 5
EBAY_DE: fetched 1000 items
Inserted 3846 into temp db.
Fetched and saved 3846 summaries
History rows inserted: 448
Marked 0 listings as sold.
Marked 688 listings as ended.
Finished main_fetch.py job
2026-07-31 12:30:04 - Starting main_fetch.py job
EBAY_US: page 1
EBAY_US: page 2
EBAY_US: page 3
EBAY_US: page 4
EBAY_US: page 5
EBAY_US: fetched 1000 items
EBAY_AU: page 1
EBAY_AU: page 2
EBAY_AU: page 3
EBAY_AU: page 4
EBAY_AU: page 5
EBAY_AU: fetched 1000 items
EBAY_GB: page 1
EBAY_GB: page 2
EBAY_GB: page 3
EBAY_GB: page 4
EBAY_GB: page 5
EBAY_GB: fetched 1000 items
EBAY_DE: page 1
EBAY_DE: page 2
EBAY_DE: page 3
EBAY_DE: page 4
EBAY_DE: page 5
EBAY_DE: fetched 1000 items
Inserted 3985 into temp db.
Fetched and saved 3985 summaries
History rows inserted: 843
Marked 0 listings as sold.
Marked 696 listings as ended.
Finished main_fetch.py job
2026-07-31 16:30:04 - Starting main_fetch.py job
EBAY_US: page 1
EBAY_US: page 2
EBAY_US: page 3
EBAY_US: page 4
EBAY_US: page 5
EBAY_US: fetched 1000 items
EBAY_AU: page 1
EBAY_AU: page 2
EBAY_AU: page 3
EBAY_AU: page 4
EBAY_AU: page 5
EBAY_AU: fetched 1000 items
EBAY_GB: page 1
EBAY_GB: page 2
EBAY_GB: page 3
EBAY_GB: page 4
EBAY_GB: page 5
EBAY_GB: fetched 1000 items
EBAY_DE: page 1
EBAY_DE: page 2
EBAY_DE: page 3
EBAY_DE: page 4
EBAY_DE: page 5
EBAY_DE: fetched 1000 items
Inserted 3980 into temp db.
Fetched and saved 3980 summaries
History rows inserted: 1097
Marked 0 listings as sold.
Marked 1094 listings as ended.
Finished main_fetch.py job
2026-07-31 20:30:04 - Starting main_fetch.py job
EBAY_US: page 1
EBAY_US: page 2
EBAY_US: page 3
EBAY_US: page 4
EBAY_US: page 5
EBAY_US: fetched 1000 items
EBAY_AU: page 1
EBAY_AU: page 2
EBAY_AU: page 3
EBAY_AU: page 4
EBAY_AU: page 5
EBAY_AU: fetched 1000 items
EBAY_GB: page 1
EBAY_GB: page 2
EBAY_GB: page 3
EBAY_GB: page 4
EBAY_GB: page 5
EBAY_GB: fetched 1000 items
EBAY_DE: page 1
EBAY_DE: page 2
EBAY_DE: page 3
EBAY_DE: page 4
EBAY_DE: page 5
EBAY_DE: fetched 1000 items
Inserted 3925 into temp db.
Fetched and saved 3925 summaries
History rows inserted: 920
Marked 0 listings as sold.
Marked 812 listings as ended.
Finished main_fetch.py job
2026-08-01 00:30:04 - Starting main_fetch.py job
EBAY_US: page 1
EBAY_US: page 2
EBAY_US: page 3
EBAY_US: page 4
EBAY_US: page 5
EBAY_US: fetched 1000 items
EBAY_AU: page 1
EBAY_AU: page 2
EBAY_AU: page 3
EBAY_AU: page 4
EBAY_AU: page 5
EBAY_AU: fetched 1000 items
EBAY_GB: page 1
EBAY_GB: page 2
EBAY_GB: page 3
EBAY_GB: page 4
EBAY_GB: page 5
EBAY_GB: fetched 1000 items
EBAY_DE: page 1
EBAY_DE: page 2
EBAY_DE: page 3
EBAY_DE: page 4
EBAY_DE: page 5
EBAY_DE: fetched 1000 items
Inserted 3810 into temp db.
Fetched and saved 3810 summaries
History rows inserted: 1159
Marked 0 listings as sold.
Marked 888 listings as ended.
Finished main_fetch.py job
2026-08-01 04:30:04 - Starting main_fetch.py job
EBAY_US: page 1
EBAY_US: page 2
EBAY_US: page 3
EBAY_US: page 4
EBAY_US: page 5
EBAY_US: fetched 1000 items
EBAY_AU: page 1
EBAY_AU: page 2
EBAY_AU: page 3
EBAY_AU: page 4
EBAY_AU: page 5
EBAY_AU: fetched 1000 items
EBAY_GB: page 1
EBAY_GB: page 2
EBAY_GB: page 3
EBAY_GB: page 4
EBAY_GB: page 5
EBAY_GB: fetched 1000 items
EBAY_DE: page 1
EBAY_DE: page 2
EBAY_DE: page 3
EBAY_DE: page 4
EBAY_DE: page 5
EBAY_DE: fetched 1000 items
Inserted 3770 into temp db.
Fetched and saved 3770 summaries
History rows inserted: 1439
Marked 0 listings as sold.
Marked 554 listings as ended.
Finished main_fetch.py job
2026-08-01 08:30:03 - Starting main_fetch.py job
EBAY_US: page 1
EBAY_US: page 2
EBAY_US: page 3
EBAY_US: page 4
EBAY_US: page 5
EBAY_US: fetched 1000 items
EBAY_AU: page 1
EBAY_AU: page 2
EBAY_AU: page 3
EBAY_AU: page 4
EBAY_AU: page 5
EBAY_AU: fetched 1000 items
EBAY_GB: page 1
EBAY_GB: page 2
EBAY_GB: page 3
EBAY_GB: page 4
EBAY_GB: page 5
EBAY_GB: fetched 1000 items
EBAY_DE: page 1
EBAY_DE: page 2
EBAY_DE: page 3
EBAY_DE: page 4
EBAY_DE: page 5
EBAY_DE: fetched 1000 items
Inserted 3986 into temp db.
Fetched and saved 3986 summaries
History rows inserted: 410
Marked 0 listings as sold.
Marked 704 listings as ended.
Finished main_fetch.py job
2026-08-01 12:30:04 - Starting main_fetch.py job
EBAY_US: page 1
EBAY_US: page 2
EBAY_US: page 3
EBAY_US: page 4
EBAY_US: page 5
EBAY_US: fetched 1000 items
EBAY_AU: page 1
EBAY_AU: page 2
EBAY_AU: page 3
EBAY_AU: page 4
EBAY_AU: page 5
EBAY_AU: fetched 1000 items
EBAY_GB: page 1
EBAY_GB: page 2
EBAY_GB: page 3
EBAY_GB: page 4
EBAY_GB: page 5
EBAY_GB: fetched 1000 items
EBAY_DE: page 1
EBAY_DE: page 2
EBAY_DE: page 3
EBAY_DE: page 4
EBAY_DE: page 5
EBAY_DE: fetched 1000 items
Inserted 3918 into temp db.
Fetched and saved 3918 summaries
History rows inserted: 378
Marked 0 listings as sold.
Marked 720 listings as ended.
Finished main_fetch.py job
2026-08-01 16:30:03 - Starting main_fetch.py job
EBAY_US: page 1
EBAY_US: page 2
EBAY_US: page 3
EBAY_US: page 4
EBAY_US: page 5
EBAY_US: fetched 1000 items
EBAY_AU: page 1
EBAY_AU: page 2
EBAY_AU: page 3
EBAY_AU: page 4
EBAY_AU: page 5
EBAY_AU: fetched 1000 items
EBAY_GB: page 1
EBAY_GB: page 2
EBAY_GB: page 3
EBAY_GB: page 4
EBAY_GB: page 5
EBAY_GB: fetched 1000 items
EBAY_DE: page 1
EBAY_DE: page 2
EBAY_DE: page 3
EBAY_DE: page 4
EBAY_DE: page 5
EBAY_DE: fetched 1000 items
Inserted 3982 into temp db.
Fetched and saved 3982 summaries
History rows inserted: 218
Marked 0 listings as sold.
Marked 1062 listings as ended.
Finished main_fetch.py job
2026-08-01 20:30:04 - Starting main_fetch.py job
EBAY_US: page 1
EBAY_US: page 2
EBAY_US: page 3
EBAY_US: page 4
EBAY_US: page 5
EBAY_US: fetched 1000 items
EBAY_AU: page 1
EBAY_AU: page 2
EBAY_AU: page 3
EBAY_AU: page 4
EBAY_AU: page 5
EBAY_AU: fetched 1000 items
EBAY_GB: page 1
EBAY_GB: page 2
EBAY_GB: page 3
EBAY_GB: page 4
EBAY_GB: page 5
EBAY_GB: fetched 1000 items
EBAY_DE: page 1
EBAY_DE: page 2
EBAY_DE: page 3
EBAY_DE: page 4
EBAY_DE: page 5
EBAY_DE: fetched 1000 items
Inserted 3970 into temp db.
Fetched and saved 3970 summaries
History rows inserted: 417
Marked 0 listings as sold.
Marked 740 listings as ended.
Finished main_fetch.py job
2026-08-02 00:30:04 - Starting main_fetch.py job
EBAY_US: page 1
EBAY_US: page 2
EBAY_US: page 3
EBAY_US: page 4
EBAY_US: page 5
EBAY_US: fetched 1000 items
EBAY_AU: page 1
EBAY_AU: page 2
EBAY_AU: page 3
EBAY_AU: page 4
EBAY_AU: page 5
EBAY_AU: fetched 1000 items
EBAY_GB: page 1
EBAY_GB: page 2
EBAY_GB: page 3
EBAY_GB: page 4
EBAY_GB: page 5
EBAY_GB: fetched 1000 items
EBAY_DE: page 1
EBAY_DE: page 2
EBAY_DE: page 3
EBAY_DE: page 4
EBAY_DE: page 5
EBAY_DE: fetched 1000 items
Inserted 3972 into temp db.
Fetched and saved 3972 summaries
History rows inserted: 199
Marked 0 listings as sold.
Marked 874 listings as ended.
Finished main_fetch.py job
2026-08-02 04:30:04 - Starting main_fetch.py job
EBAY_US: page 1
EBAY_US: page 2
EBAY_US: page 3
EBAY_US: page 4
EBAY_US: page 5
EBAY_US: fetched 1000 items
EBAY_AU: page 1
EBAY_AU: page 2
EBAY_AU: page 3
EBAY_AU: page 4
EBAY_AU: page 5
EBAY_AU: fetched 1000 items
EBAY_GB: page 1
EBAY_GB: page 2
EBAY_GB: page 3
EBAY_GB: page 4
EBAY_GB: page 5
EBAY_GB: fetched 1000 items
EBAY_DE: page 1
EBAY_DE: page 2
EBAY_DE: page 3
EBAY_DE: page 4
EBAY_DE: page 5
EBAY_DE: fetched 1000 items
Inserted 3858 into temp db.
Fetched and saved 3858 summaries
History rows inserted: 454
Marked 0 listings as sold.
Marked 657 listings as ended.
Finished main_fetch.py job
2026-08-02 08:30:04 - Starting main_fetch.py job
EBAY_US: page 1
EBAY_US: page 2
EBAY_US: page 3
EBAY_US: page 4
EBAY_US: page 5
EBAY_US: fetched 1000 items
EBAY_AU: page 1
EBAY_AU: page 2
EBAY_AU: page 3
EBAY_AU: page 4
EBAY_AU: page 5
EBAY_AU: fetched 1000 items
EBAY_GB: page 1
EBAY_GB: page 2
EBAY_GB: page 3
EBAY_GB: page 4
EBAY_GB: page 5
EBAY_GB: fetched 1000 items
EBAY_DE: page 1
EBAY_DE: page 2
EBAY_DE: page 3
EBAY_DE: page 4
EBAY_DE: page 5
EBAY_DE: fetched 1000 items
Inserted 3971 into temp db.
Fetched and saved 3971 summaries
History rows inserted: 250
Marked 0 listings as sold.
Marked 906 listings as ended.
Finished main_fetch.py job
2026-08-02 12:30:04 - Starting main_fetch.py job
EBAY_US: page 1
EBAY_US: page 2
EBAY_US: page 3
EBAY_US: page 4
EBAY_US: page 5
EBAY_US: fetched 1000 items
EBAY_AU: page 1
EBAY_AU: page 2
EBAY_AU: page 3
EBAY_AU: page 4
EBAY_AU: page 5
EBAY_AU: fetched 1000 items
EBAY_GB: page 1
EBAY_GB: page 2
EBAY_GB: page 3
EBAY_GB: page 4
EBAY_GB: page 5
EBAY_GB: fetched 1000 items
EBAY_DE: page 1
EBAY_DE: page 2
EBAY_DE: page 3
EBAY_DE: page 4
EBAY_DE: page 5
EBAY_DE: fetched 1000 items
Inserted 3979 into temp db.
Fetched and saved 3979 summaries
History rows inserted: 396
Marked 0 listings as sold.
Marked 800 listings as ended.
Finished main_fetch.py job
2026-08-02 16:30:04 - Starting main_fetch.py job
EBAY_US: page 1
EBAY_US: page 2
EBAY_US: page 3
EBAY_US: page 4
EBAY_US: page 5
EBAY_US: fetched 1000 items
EBAY_AU: page 1
EBAY_AU: page 2
EBAY_AU: page 3
EBAY_AU: page 4
EBAY_AU: page 5
EBAY_AU: fetched 1000 items
EBAY_GB: page 1
EBAY_GB: page 2
EBAY_GB: page 3
EBAY_GB: page 4
EBAY_GB: page 5
EBAY_GB: fetched 1000 items
EBAY_DE: page 1
EBAY_DE: page 2
EBAY_DE: page 3
EBAY_DE: page 4
EBAY_DE: page 5
EBAY_DE: fetched 1000 items
Inserted 3979 into temp db.
Fetched and saved 3979 summaries
History rows inserted: 176
Marked 0 listings as sold.
Marked 1216 listings as ended.
Finished main_fetch.py job
2026-08-02 20:30:04 - Starting main_fetch.py job
EBAY_US: page 1
EBAY_US: page 2
EBAY_US: page 3
EBAY_US: page 4
EBAY_US: page 5
EBAY_US: fetched 1000 items
EBAY_AU: page 1
EBAY_AU: page 2
EBAY_AU: page 3
EBAY_AU: page 4
EBAY_AU: page 5
EBAY_AU: fetched 1000 items
EBAY_GB: page 1
EBAY_GB: page 2
EBAY_GB: page 3
EBAY_GB: page 4
EBAY_GB: page 5
EBAY_GB: fetched 1000 items
EBAY_DE: page 1
EBAY_DE: page 2
EBAY_DE: page 3
EBAY_DE: page 4
EBAY_DE: page 5
EBAY_DE: fetched 1000 items
Inserted 3979 into temp db.
Fetched and saved 3979 summaries
History rows inserted: 433
Marked 0 listings as sold.
Marked 1287 listings as ended.
Finished main_fetch.py job
2026-08-03 00:30:04 - Starting main_fetch.py job
EBAY_US: page 1
EBAY_US: page 2
EBAY_US: page 3
EBAY_US: page 4
EBAY_US: page 5
EBAY_US: fetched 1000 items
EBAY_AU: page 1
EBAY_AU: page 2
EBAY_AU: page 3
EBAY_AU: page 4
EBAY_AU: page 5
EBAY_AU: fetched 1000 items
EBAY_GB: page 1
EBAY_GB: page 2
EBAY_GB: page 3
EBAY_GB: page 4
EBAY_GB: page 5
EBAY_GB: fetched 1000 items
EBAY_DE: page 1
EBAY_DE: page 2
EBAY_DE: page 3
EBAY_DE: page 4
EBAY_DE: page 5
EBAY_DE: fetched 1000 items
Inserted 3984 into temp db.
Fetched and saved 3984 summaries
History rows inserted: 177
Marked 0 listings as sold.
Marked 1673 listings as ended.
Finished main_fetch.py job
2026-08-03 04:30:04 - Starting main_fetch.py job
EBAY_US: page 1
EBAY_US: page 2
EBAY_US: page 3
EBAY_US: page 4
EBAY_US: page 5
EBAY_US: fetched 1000 items
EBAY_AU: page 1
EBAY_AU: page 2
EBAY_AU: page 3
EBAY_AU: page 4
EBAY_AU: page 5
EBAY_AU: fetched 1000 items
EBAY_GB: page 1
EBAY_GB: page 2
EBAY_GB: page 3
EBAY_GB: page 4
EBAY_GB: page 5
EBAY_GB: fetched 1000 items
EBAY_DE: page 1
EBAY_DE: page 2
EBAY_DE: page 3
EBAY_DE: page 4
EBAY_DE: page 5
EBAY_DE: fetched 1000 items
Inserted 3880 into temp db.
Fetched and saved 3880 summaries
History rows inserted: 421
Marked 0 listings as sold.
Marked 325 listings as ended.
Finished main_fetch.py job
2026-08-03 08:30:04 - Starting main_fetch.py job
EBAY_US: page 1
EBAY_US: page 2
EBAY_US: page 3
EBAY_US: page 4
EBAY_US: page 5
EBAY_US: fetched 1000 items
EBAY_AU: page 1
EBAY_AU: page 2
EBAY_AU: page 3
EBAY_AU: page 4
EBAY_AU: page 5
EBAY_AU: fetched 1000 items
EBAY_GB: page 1
EBAY_GB: page 2
EBAY_GB: page 3
EBAY_GB: page 4
EBAY_GB: page 5
EBAY_GB: fetched 1000 items
EBAY_DE: page 1
EBAY_DE: page 2
EBAY_DE: page 3
EBAY_DE: page 4
EBAY_DE: page 5
EBAY_DE: fetched 1000 items
Inserted 3985 into temp db.
Fetched and saved 3985 summaries
History rows inserted: 249
Marked 0 listings as sold.
Marked 355 listings as ended.
Finished main_fetch.py job
2026-08-03 12:30:04 - Starting main_fetch.py job
EBAY_US: page 1
EBAY_US: page 2
EBAY_US: page 3
EBAY_US: page 4
EBAY_US: page 5
EBAY_US: fetched 1000 items
EBAY_AU: page 1
EBAY_AU: page 2
EBAY_AU: page 3
EBAY_AU: page 4
EBAY_AU: page 5
EBAY_AU: fetched 1000 items
EBAY_GB: page 1
EBAY_GB: page 2
EBAY_GB: page 3
EBAY_GB: page 4
EBAY_GB: page 5
EBAY_GB: fetched 1000 items
EBAY_DE: page 1
EBAY_DE: page 2
EBAY_DE: page 3
EBAY_DE: page 4
EBAY_DE: page 5
EBAY_DE: fetched 1000 items
Inserted 3982 into temp db.
Fetched and saved 3982 summaries
History rows inserted: 334
Marked 0 listings as sold.
Marked 211 listings as ended.
Finished main_fetch.py job
2026-08-03 16:30:04 - Starting main_fetch.py job
EBAY_US: page 1
EBAY_US: page 2
EBAY_US: page 3
EBAY_US: page 4
EBAY_US: page 5
EBAY_US: fetched 1000 items
EBAY_AU: page 1
EBAY_AU: page 2
EBAY_AU: page 3
EBAY_AU: page 4
EBAY_AU: page 5
EBAY_AU: fetched 1000 items
EBAY_GB: page 1
EBAY_GB: page 2
EBAY_GB: page 3
EBAY_GB: page 4
EBAY_GB: page 5
EBAY_GB: fetched 1000 items
EBAY_DE: page 1
EBAY_DE: page 2
EBAY_DE: page 3
EBAY_DE: page 4
EBAY_DE: page 5
EBAY_DE: fetched 1000 items
Inserted 3983 into temp db.
Fetched and saved 3983 summaries
History rows inserted: 169
Marked 0 listings as sold.
Marked 491 listings as ended.
Finished main_fetch.py job
2026-08-03 20:30:03 - Starting main_fetch.py job
EBAY_US: page 1
EBAY_US: page 2
EBAY_US: page 3
EBAY_US: page 4
EBAY_US: page 5
EBAY_US: fetched 1000 items
EBAY_AU: page 1
EBAY_AU: page 2
EBAY_AU: page 3
EBAY_AU: page 4
EBAY_AU: page 5
EBAY_AU: fetched 1000 items
EBAY_GB: page 1
EBAY_GB: page 2
EBAY_GB: page 3
EBAY_GB: page 4
EBAY_GB: page 5
EBAY_GB: fetched 1000 items
EBAY_DE: page 1
EBAY_DE: page 2
EBAY_DE: page 3
EBAY_DE: page 4
EBAY_DE: page 5
EBAY_DE: fetched 1000 items
Inserted 3981 into temp db.
Fetched and saved 3981 summaries
History rows inserted: 389
Marked 0 listings as sold.
Marked 183 listings as ended.
Finished main_fetch.py job
2026-08-04 00:30:04 - Starting main_fetch.py job
EBAY_US: page 1
EBAY_US: page 2
EBAY_US: page 3
EBAY_US: page 4
EBAY_US: page 5
EBAY_US: fetched 1000 items
EBAY_AU: page 1
EBAY_AU: page 2
EBAY_AU: page 3
EBAY_AU: page 4
EBAY_AU: page 5
EBAY_AU: fetched 1000 items
EBAY_GB: page 1
EBAY_GB: page 2
EBAY_GB: page 3
EBAY_GB: page 4
EBAY_GB: page 5
EBAY_GB: fetched 1000 items
EBAY_DE: page 1
EBAY_DE: page 2
EBAY_DE: page 3
EBAY_DE: page 4
EBAY_DE: page 5
EBAY_DE: fetched 1000 items
Inserted 3981 into temp db.
Fetched and saved 3981 summaries
History rows inserted: 130
Marked 0 listings as sold.
Marked 417 listings as ended.
Finished main_fetch.py job
2026-08-04 04:30:04 - Starting main_fetch.py job
EBAY_US: page 1
EBAY_US: page 2
EBAY_US: page 3
EBAY_US: page 4
EBAY_US: page 5
EBAY_US: fetched 1000 items
EBAY_AU: page 1
EBAY_AU: page 2
EBAY_AU: page 3
EBAY_AU: page 4
EBAY_AU: page 5
EBAY_AU: fetched 1000 items
EBAY_GB: page 1
EBAY_GB: page 2
EBAY_GB: page 3
EBAY_GB: page 4
EBAY_GB: page 5
EBAY_GB: fetched 1000 items
EBAY_DE: page 1
EBAY_DE: page 2
EBAY_DE: page 3
EBAY_DE: page 4
EBAY_DE: page 5
EBAY_DE: fetched 1000 items
Inserted 3981 into temp db.
Fetched and saved 3981 summaries
History rows inserted: 455
Marked 0 listings as sold.
Marked 258 listings as ended.
Finished main_fetch.py job
2026-08-04 08:30:04 - Starting main_fetch.py job
EBAY_US: page 1
EBAY_US: page 2
EBAY_US: page 3
EBAY_US: page 4
EBAY_US: page 5
EBAY_US: fetched 1000 items
EBAY_AU: page 1
EBAY_AU: page 2
EBAY_AU: page 3
EBAY_AU: page 4
EBAY_AU: page 5
EBAY_AU: fetched 1000 items
EBAY_GB: page 1
EBAY_GB: page 2
EBAY_GB: page 3
EBAY_GB: page 4
EBAY_GB: page 5
EBAY_GB: fetched 1000 items
EBAY_DE: page 1
EBAY_DE: page 2
EBAY_DE: page 3
EBAY_DE: page 4
EBAY_DE: page 5
EBAY_DE: fetched 1000 items
Inserted 3977 into temp db.
Fetched and saved 3977 summaries
History rows inserted: 233
Marked 0 listings as sold.
Marked 409 listings as ended.
Finished main_fetch.py job
2026-08-04 12:30:04 - Starting main_fetch.py job
EBAY_US: page 1
EBAY_US: page 2
EBAY_US: page 3
EBAY_US: page 4
EBAY_US: page 5
EBAY_US: fetched 1000 items
EBAY_AU: page 1
EBAY_AU: page 2
EBAY_AU: page 3
EBAY_AU: page 4
EBAY_AU: page 5
EBAY_AU: fetched 1000 items
EBAY_GB: page 1
EBAY_GB: page 2
EBAY_GB: page 3
EBAY_GB: page 4
EBAY_GB: page 5
EBAY_GB: fetched 1000 items
EBAY_DE: page 1
EBAY_DE: page 2
EBAY_DE: page 3
EBAY_DE: page 4
EBAY_DE: page 5
EBAY_DE: fetched 1000 items
Inserted 3976 into temp db.
Fetched and saved 3976 summaries
History rows inserted: 322
Marked 0 listings as sold.
Marked 204 listings as ended.
Finished main_fetch.py job
2026-08-04 16:30:03 - Starting main_fetch.py job
EBAY_US: page 1
EBAY_US: page 2
EBAY_US: page 3
EBAY_US: page 4
EBAY_US: page 5
EBAY_US: fetched 1000 items
EBAY_AU: page 1
EBAY_AU: page 2
EBAY_AU: page 3
EBAY_AU: page 4
EBAY_AU: page 5
EBAY_AU: fetched 1000 items
EBAY_GB: page 1
EBAY_GB: page 2
EBAY_GB: page 3
EBAY_GB: page 4
EBAY_GB: page 5
EBAY_GB: fetched 1000 items
EBAY_DE: page 1
EBAY_DE: page 2
EBAY_DE: page 3
EBAY_DE: page 4
EBAY_DE: page 5
EBAY_DE: fetched 1000 items
Inserted 3972 into temp db.
Fetched and saved 3972 summaries
History rows inserted: 178
Marked 0 listings as sold.
Marked 560 listings as ended.
Finished main_fetch.py job
2026-08-04 20:30:04 - Starting main_fetch.py job
EBAY_US: page 1
EBAY_US: page 2
EBAY_US: page 3
EBAY_US: page 4
EBAY_US: page 5
EBAY_US: fetched 1000 items
EBAY_AU: page 1
EBAY_AU: page 2
EBAY_AU: page 3
EBAY_AU: page 4
EBAY_AU: page 5
EBAY_AU: fetched 1000 items
EBAY_GB: page 1
EBAY_GB: page 2
EBAY_GB: page 3
EBAY_GB: page 4
EBAY_GB: page 5
EBAY_GB: fetched 1000 items
EBAY_DE: page 1
EBAY_DE: page 2
EBAY_DE: page 3
EBAY_DE: page 4
EBAY_DE: page 5
EBAY_DE: fetched 1000 items
Inserted 3852 into temp db.
Fetched and saved 3852 summaries
History rows inserted: 320
Marked 0 listings as sold.
Marked 150 listings as ended.
Finished main_fetch.py job
2026-08-05 00:30:04 - Starting main_fetch.py job
EBAY_US: page 1
EBAY_US: page 2
EBAY_US: page 3
EBAY_US: page 4
EBAY_US: page 5
EBAY_US: fetched 1000 items
EBAY_AU: page 1
EBAY_AU: page 2
EBAY_AU: page 3
EBAY_AU: page 4
EBAY_AU: page 5
EBAY_AU: fetched 1000 items
EBAY_GB: page 1
EBAY_GB: page 2
EBAY_GB: page 3
EBAY_GB: page 4
EBAY_GB: page 5
EBAY_GB: fetched 1000 items
EBAY_DE: page 1
EBAY_DE: page 2
EBAY_DE: page 3
EBAY_DE: page 4
EBAY_DE: page 5
EBAY_DE: fetched 1000 items
Inserted 3986 into temp db.
Fetched and saved 3986 summaries
History rows inserted: 190
Marked 0 listings as sold.
Marked 464 listings as ended.
Finished main_fetch.py job
2026-08-05 04:30:04 - Starting main_fetch.py job
EBAY_US: page 1
EBAY_US: page 2
EBAY_US: page 3
EBAY_US: page 4
EBAY_US: page 5
EBAY_US: fetched 1000 items
EBAY_AU: page 1
EBAY_AU: page 2
EBAY_AU: page 3
EBAY_AU: page 4
EBAY_AU: page 5
EBAY_AU: fetched 1000 items
EBAY_GB: page 1
EBAY_GB: page 2
EBAY_GB: page 3
EBAY_GB: page 4
EBAY_GB: page 5
EBAY_GB: fetched 1000 items
EBAY_DE: page 1
EBAY_DE: page 2
EBAY_DE: page 3
EBAY_DE: page 4
EBAY_DE: page 5
EBAY_DE: fetched 1000 items
Inserted 3705 into temp db.
Fetched and saved 3705 summaries
History rows inserted: 280
Marked 0 listings as sold.
Marked 254 listings as ended.
Finished main_fetch.py job
2026-08-05 08:30:04 - Starting main_fetch.py job
EBAY_US: page 1
EBAY_US: page 2
EBAY_US: page 3
EBAY_US: page 4
EBAY_US: page 5
EBAY_US: fetched 1000 items
EBAY_AU: page 1
EBAY_AU: page 2
EBAY_AU: page 3
EBAY_AU: page 4
EBAY_AU: page 5
EBAY_AU: fetched 1000 items
EBAY_GB: page 1
EBAY_GB: page 2
EBAY_GB: page 3
EBAY_GB: page 4
EBAY_GB: page 5
EBAY_GB: fetched 1000 items
EBAY_DE: page 1
EBAY_DE: page 2
EBAY_DE: page 3
EBAY_DE: page 4
EBAY_DE: page 5
EBAY_DE: fetched 1000 items
Inserted 3871 into temp db.
Fetched and saved 3871 summaries
History rows inserted: 282
Marked 0 listings as sold.
Marked 354 listings as ended.
Finished main_fetch.py job
2026-08-05 12:30:04 - Starting main_fetch.py job
EBAY_US: page 1
EBAY_US: page 2
EBAY_US: page 3
EBAY_US: page 4
EBAY_US: page 5
EBAY_US: fetched 1000 items
EBAY_AU: page 1
EBAY_AU: page 2
EBAY_AU: page 3
EBAY_AU: page 4
EBAY_AU: page 5
EBAY_AU: fetched 1000 items
EBAY_GB: page 1
EBAY_GB: page 2
EBAY_GB: page 3
EBAY_GB: page 4
EBAY_GB: page 5
EBAY_GB: fetched 1000 items
EBAY_DE: page 1
EBAY_DE: page 2
EBAY_DE: page 3
EBAY_DE: page 4
EBAY_DE: page 5
EBAY_DE: fetched 1000 items
Inserted 3727 into temp db.
Fetched and saved 3727 summaries
History rows inserted: 270
Marked 0 listings as sold.
Marked 173 listings as ended.
Finished main_fetch.py job
2026-08-05 16:30:04 - Starting main_fetch.py job
EBAY_US: page 1
EBAY_US: page 2
EBAY_US: page 3
EBAY_US: page 4
EBAY_US: page 5
EBAY_US: fetched 1000 items
EBAY_AU: page 1
EBAY_AU: page 2
EBAY_AU: page 3
EBAY_AU: page 4
EBAY_AU: page 5
EBAY_AU: fetched 1000 items
EBAY_GB: page 1
EBAY_GB: page 2
EBAY_GB: page 3
EBAY_GB: page 4
EBAY_GB: page 5
EBAY_GB: fetched 1000 items
EBAY_DE: page 1
EBAY_DE: page 2
EBAY_DE: page 3
EBAY_DE: page 4
EBAY_DE: page 5
EBAY_DE: fetched 1000 items
Inserted 3766 into temp db.
Fetched and saved 3766 summaries
History rows inserted: 163
Marked 0 listings as sold.
Marked 482 listings as ended.
Finished main_fetch.py job
2026-08-05 20:30:04 - Starting main_fetch.py job
EBAY_US: page 1
EBAY_US: page 2
EBAY_US: page 3
EBAY_US: page 4
EBAY_US: page 5
EBAY_US: fetched 1000 items
EBAY_AU: page 1
EBAY_AU: page 2
EBAY_AU: page 3
EBAY_AU: page 4
EBAY_AU: page 5
EBAY_AU: fetched 1000 items
EBAY_GB: page 1
EBAY_GB: page 2
EBAY_GB: page 3
EBAY_GB: page 4
EBAY_GB: page 5
EBAY_GB: fetched 1000 items
EBAY_DE: page 1
EBAY_DE: page 2
EBAY_DE: page 3
EBAY_DE: page 4
EBAY_DE: page 5
EBAY_DE: fetched 1000 items
Inserted 3737 into temp db.
Fetched and saved 3737 summaries
History rows inserted: 298
Marked 0 listings as sold.
Marked 187 listings as ended.
Finished main_fetch.py job
2026-08-06 00:30:04 - Starting main_fetch.py job
EBAY_US: page 1
EBAY_US: page 2
EBAY_US: page 3
EBAY_US: page 4
EBAY_US: page 5
EBAY_US: fetched 1000 items
EBAY_AU: page 1
EBAY_AU: page 2
EBAY_AU: page 3
EBAY_AU: page 4
EBAY_AU: page 5
EBAY_AU: fetched 1000 items
EBAY_GB: page 1
EBAY_GB: page 2
EBAY_GB: page 3
EBAY_GB: page 4
EBAY_GB: page 5
EBAY_GB: fetched 1000 items
EBAY_DE: page 1
EBAY_DE: page 2
EBAY_DE: page 3
EBAY_DE: page 4
EBAY_DE: page 5
EBAY_DE: fetched 1000 items
Inserted 3747 into temp db.
Fetched and saved 3747 summaries
History rows inserted: 243
Marked 0 listings as sold.
Marked 506 listings as ended.
Finished main_fetch.py job
2026-08-06 04:30:04 - Starting main_fetch.py job
EBAY_US: page 1
EBAY_US: page 2
EBAY_US: page 3
EBAY_US: page 4
EBAY_US: page 5
EBAY_US: fetched 1000 items
EBAY_AU: page 1
EBAY_AU: page 2
EBAY_AU: page 3
EBAY_AU: page 4
EBAY_AU: page 5
EBAY_AU: fetched 1000 items
EBAY_GB: page 1
EBAY_GB: page 2
EBAY_GB: page 3
EBAY_GB: page 4
EBAY_GB: page 5
EBAY_GB: fetched 1000 items
EBAY_DE: page 1
EBAY_DE: page 2
EBAY_DE: page 3
EBAY_DE: page 4
EBAY_DE: page 5
EBAY_DE: fetched 1000 items
Inserted 3916 into temp db.
Fetched and saved 3916 summaries
History rows inserted: 354
Marked 0 listings as sold.
Marked 184 listings as ended.
Finished main_fetch.py job
2026-08-06 08:30:04 - Starting main_fetch.py job
EBAY_US: page 1
EBAY_US: page 2
EBAY_US: page 3
EBAY_US: page 4
EBAY_US: page 5
EBAY_US: fetched 1000 items
EBAY_AU: page 1
EBAY_AU: page 2
EBAY_AU: page 3
EBAY_AU: page 4
EBAY_AU: page 5
EBAY_AU: fetched 1000 items
EBAY_GB: page 1
EBAY_GB: page 2
EBAY_GB: page 3
EBAY_GB: page 4
EBAY_GB: page 5
EBAY_GB: fetched 1000 items
EBAY_DE: page 1
EBAY_DE: page 2
EBAY_DE: page 3
EBAY_DE: page 4
EBAY_DE: page 5
EBAY_DE: fetched 1000 items
Inserted 3935 into temp db.
Fetched and saved 3935 summaries
History rows inserted: 206
Marked 0 listings as sold.
Marked 348 listings as ended.
Finished main_fetch.py job
2026-08-06 12:30:04 - Starting main_fetch.py job
EBAY_US: page 1
EBAY_US: page 2
EBAY_US: page 3
EBAY_US: page 4
EBAY_US: page 5
EBAY_US: fetched 1000 items
EBAY_AU: page 1
EBAY_AU: page 2
EBAY_AU: page 3
EBAY_AU: page 4
EBAY_AU: page 5
EBAY_AU: fetched 1000 items
EBAY_GB: page 1
EBAY_GB: page 2
EBAY_GB: page 3
EBAY_GB: page 4
EBAY_GB: page 5
EBAY_GB: fetched 1000 items
EBAY_DE: page 1
EBAY_DE: page 2
EBAY_DE: page 3
EBAY_DE: page 4
EBAY_DE: page 5
EBAY_DE: fetched 1000 items
Inserted 3906 into temp db.
Fetched and saved 3906 summaries
History rows inserted: 324
Marked 0 listings as sold.
Marked 186 listings as ended.
Finished main_fetch.py job
2026-08-06 16:30:04 - Starting main_fetch.py job
EBAY_US: page 1
EBAY_US: page 2
EBAY_US: page 3
EBAY_US: page 4
EBAY_US: page 5
EBAY_US: fetched 1000 items
EBAY_AU: page 1
EBAY_AU: page 2
EBAY_AU: page 3
EBAY_AU: page 4
EBAY_AU: page 5
EBAY_AU: fetched 1000 items
EBAY_GB: page 1
EBAY_GB: page 2
EBAY_GB: page 3
EBAY_GB: page 4
EBAY_GB: page 5
EBAY_GB: fetched 1000 items
EBAY_DE: page 1
EBAY_DE: page 2
EBAY_DE: page 3
EBAY_DE: page 4
EBAY_DE: page 5
EBAY_DE: fetched 1000 items
Inserted 3976 into temp db.
Fetched and saved 3976 summaries
History rows inserted: 204
Marked 0 listings as sold.
Marked 441 listings as ended.
Finished main_fetch.py job
2026-08-06 20:30:04 - Starting main_fetch.py job
EBAY_US: page 1
EBAY_US: page 2
EBAY_US: page 3
EBAY_US: page 4
EBAY_US: page 5
EBAY_US: fetched 1000 items
EBAY_AU: page 1
EBAY_AU: page 2
EBAY_AU: page 3
EBAY_AU: page 4
EBAY_AU: page 5
EBAY_AU: fetched 1000 items
EBAY_GB: page 1
EBAY_GB: page 2
EBAY_GB: page 3
EBAY_GB: page 4
EBAY_GB: page 5
EBAY_GB: fetched 1000 items
EBAY_DE: page 1
EBAY_DE: page 2
EBAY_DE: page 3
EBAY_DE: page 4
EBAY_DE: page 5
EBAY_DE: fetched 1000 items
Inserted 3888 into temp db.
Fetched and saved 3888 summaries
History rows inserted: 263
Marked 0 listings as sold.
Marked 239 listings as ended.
Finished main_fetch.py job
2026-08-07 00:30:04 - Starting main_fetch.py job
EBAY_US: page 1
EBAY_US: page 2
EBAY_US: page 3
EBAY_US: page 4
EBAY_US: page 5
EBAY_US: fetched 1000 items
EBAY_AU: page 1
EBAY_AU: page 2
EBAY_AU: page 3
EBAY_AU: page 4
EBAY_AU: page 5
EBAY_AU: fetched 1000 items
EBAY_GB: page 1
EBAY_GB: page 2
EBAY_GB: page 3
EBAY_GB: page 4
EBAY_GB: page 5
EBAY_GB: fetched 1000 items
EBAY_DE: page 1
EBAY_DE: page 2
EBAY_DE: page 3
EBAY_DE: page 4
EBAY_DE: page 5
EBAY_DE: fetched 1000 items
Inserted 3981 into temp db.
Fetched and saved 3981 summaries
History rows inserted: 146
Marked 0 listings as sold.
Marked 268 listings as ended.
Finished main_fetch.py job
2026-08-07 04:30:04 - Starting main_fetch.py job
EBAY_US: page 1
EBAY_US: page 2
EBAY_US: page 3
EBAY_US: page 4
EBAY_US: page 5
EBAY_US: fetched 1000 items
EBAY_AU: page 1
EBAY_AU: page 2
EBAY_AU: page 3
EBAY_AU: page 4
EBAY_AU: page 5
EBAY_AU: fetched 1000 items
EBAY_GB: page 1
EBAY_GB: page 2
EBAY_GB: page 3
EBAY_GB: page 4
EBAY_GB: page 5
EBAY_GB: fetched 1000 items
EBAY_DE: page 1
EBAY_DE: page 2
EBAY_DE: page 3
EBAY_DE: page 4
EBAY_DE: page 5
EBAY_DE: fetched 1000 items
Inserted 3836 into temp db.
Fetched and saved 3836 summaries
History rows inserted: 407
Marked 0 listings as sold.
Marked 221 listings as ended.
Finished main_fetch.py job
2026-08-07 08:30:04 - Starting main_fetch.py job
EBAY_US: page 1
EBAY_US: page 2
EBAY_US: page 3
EBAY_US: page 4
EBAY_US: page 5
EBAY_US: fetched 1000 items
EBAY_AU: page 1
EBAY_AU: page 2
EBAY_AU: page 3
EBAY_AU: page 4
EBAY_AU: page 5
EBAY_AU: fetched 1000 items
EBAY_GB: page 1
EBAY_GB: page 2
EBAY_GB: page 3
EBAY_GB: page 4
EBAY_GB: page 5
EBAY_GB: fetched 1000 items
EBAY_DE: page 1
EBAY_DE: page 2
EBAY_DE: page 3
EBAY_DE: page 4
EBAY_DE: page 5
EBAY_DE: fetched 1000 items
Inserted 3974 into temp db.
Fetched and saved 3974 summaries
History rows inserted: 241
Marked 0 listings as sold.
Marked 248 listings as ended.
Finished main_fetch.py job
Traceback (most recent call last):
  File "/home/ubuntu/lego/venv/lib/python3.12/site-packages/sqlalchemy/engine/base.py", line 2125, in _exec_insertmany_context
    dialect.do_execute(
  File "/home/ubuntu/lego/venv/lib/python3.12/site-packages/sqlalchemy/engine/default.py", line 952, in do_execute
    cursor.execute(statement, parameters)
psycopg2.errors.DiskFull: could not extend file "base/25710/36218": No space left on device
HINT:  Check free disk space.


The above exception was the direct cause of the following exception:

Traceback (most recent call last):
  File "/home/ubuntu/lego/app/services/main_fetch.py", line 51, in main
    save_temp_summaries(items)
  File "/home/ubuntu/lego/app/services/save_temp.py", line 108, in save_temp_summaries
    db.session.commit()
  File "/home/ubuntu/lego/venv/lib/python3.12/site-packages/sqlalchemy/orm/scoping.py", line 597, in commit
    return self._proxied.commit()
           ^^^^^^^^^^^^^^^^^^^^^^
  File "/home/ubuntu/lego/venv/lib/python3.12/site-packages/sqlalchemy/orm/session.py", line 2030, in commit
    trans.commit(_to_root=True)
  File "<string>", line 2, in commit
  File "/home/ubuntu/lego/venv/lib/python3.12/site-packages/sqlalchemy/orm/state_changes.py", line 137, in _go
    ret_value = fn(self, *arg, **kw)
                ^^^^^^^^^^^^^^^^^^^^
  File "/home/ubuntu/lego/venv/lib/python3.12/site-packages/sqlalchemy/orm/session.py", line 1311, in commit
    self._prepare_impl()
  File "<string>", line 2, in _prepare_impl
  File "/home/ubuntu/lego/venv/lib/python3.12/site-packages/sqlalchemy/orm/state_changes.py", line 137, in _go
    ret_value = fn(self, *arg, **kw)
                ^^^^^^^^^^^^^^^^^^^^
  File "/home/ubuntu/lego/venv/lib/python3.12/site-packages/sqlalchemy/orm/session.py", line 1286, in _prepare_impl
    self.session.flush()
  File "/home/ubuntu/lego/venv/lib/python3.12/site-packages/sqlalchemy/orm/session.py", line 4331, in flush
    self._flush(objects)
  File "/home/ubuntu/lego/venv/lib/python3.12/site-packages/sqlalchemy/orm/session.py", line 4466, in _flush
    with util.safe_reraise():
  File "/home/ubuntu/lego/venv/lib/python3.12/site-packages/sqlalchemy/util/langhelpers.py", line 121, in __exit__
    raise exc_value.with_traceback(exc_tb)
  File "/home/ubuntu/lego/venv/lib/python3.12/site-packages/sqlalchemy/orm/session.py", line 4427, in _flush
    flush_context.execute()
  File "/home/ubuntu/lego/venv/lib/python3.12/site-packages/sqlalchemy/orm/unitofwork.py", line 466, in execute
    rec.execute(self)
  File "/home/ubuntu/lego/venv/lib/python3.12/site-packages/sqlalchemy/orm/unitofwork.py", line 642, in execute
    util.preloaded.orm_persistence.save_obj(
  File "/home/ubuntu/lego/venv/lib/python3.12/site-packages/sqlalchemy/orm/persistence.py", line 93, in save_obj
    _emit_insert_statements(
  File "/home/ubuntu/lego/venv/lib/python3.12/site-packages/sqlalchemy/orm/persistence.py", line 1143, in _emit_insert_statements
    result = connection.execute(
             ^^^^^^^^^^^^^^^^^^^
  File "/home/ubuntu/lego/venv/lib/python3.12/site-packages/sqlalchemy/engine/base.py", line 1419, in execute
    return meth(
           ^^^^^
  File "/home/ubuntu/lego/venv/lib/python3.12/site-packages/sqlalchemy/sql/elements.py", line 527, in _execute_on_connection
    return connection._execute_clauseelement(
           ^^^^^^^^^^^^^^^^^^^^^^^^^^^^^^^^^^
  File "/home/ubuntu/lego/venv/lib/python3.12/site-packages/sqlalchemy/engine/base.py", line 1641, in _execute_clauseelement
    ret = self._execute_context(
          ^^^^^^^^^^^^^^^^^^^^^^
  File "/home/ubuntu/lego/venv/lib/python3.12/site-packages/sqlalchemy/engine/base.py", line 1844, in _execute_context
    return self._exec_insertmany_context(dialect, context)
           ^^^^^^^^^^^^^^^^^^^^^^^^^^^^^^^^^^^^^^^^^^^^^^^
  File "/home/ubuntu/lego/venv/lib/python3.12/site-packages/sqlalchemy/engine/base.py", line 2133, in _exec_insertmany_context
    self._handle_dbapi_exception(
  File "/home/ubuntu/lego/venv/lib/python3.12/site-packages/sqlalchemy/engine/base.py", line 2363, in _handle_dbapi_exception
    raise sqlalchemy_exception.with_traceback(exc_info[2]) from e
  File "/home/ubuntu/lego/venv/lib/python3.12/site-packages/sqlalchemy/engine/base.py", line 2125, in _exec_insertmany_context
    dialect.do_execute(
  File "/home/ubuntu/lego/venv/lib/python3.12/site-packages/sqlalchemy/engine/default.py", line 952, in do_execute
    cursor.execute(statement, parameters)
sqlalchemy.exc.OperationalError: (psycopg2.errors.DiskFull) could not extend file "base/25710/36218": No space left on device
HINT:  Check free disk space.

[SQL: INSERT INTO temp_summaries (ebay_item_id, title, price, currency, condition, buying_options, image_urls, item_url, affiliate_url, seller_username, seller_feedback_score, seller_feedback_percent, categories, marketplace, item_country, item_city, posta ... 514030 characters truncated ...  p20, p21, sen_counter) ORDER BY sen_counter RETURNING temp_summaries.id, temp_summaries.id AS id__1]
[parameters: {'condition__0': 'New', 'seller_username__0': 'pfootballpete4dhx', 'seller_feedback_score__0': 721560, 'buying_options__0': '["FIXED_PRICE"]', 'currency__0': 'USD', 'price__0': Decimal('699.99'), 'sold_at__0': None, 'last_updated__0': datetime.datetime(2026, 8, 7, 12, 30, 43, 530542, tzinfo=datetime.timezone.utc), 'ebay_item_id__0': 'v1|366590588356|0', 'item_created_at__0': datetime.datetime(2026, 8, 6, 15, 19, 11, tzinfo=datetime.timezone.utc), 'first_seen__0': datetime.datetime(2026, 8, 7, 12, 30, 43, 530533, tzinfo=datetime.timezone.utc), 'image_urls__0': '["https://i.ebayimg.com/images/g/edcAAeSwdSZqdKao/s-l225.jpg", "https://i.ebayimg.com/images/g/edcAAeSwdSZqdKao/s-l1600.jpg"]', 'categories__0': '[{"categoryId": "19006", "categoryName": "LEGO (R) Complete Sets & Packs"}, {"categoryId": "220", "categoryName": "Toys & Hobbies"}, {"categoryId": "183446", "categoryName": "Building Toys"}, {"categoryId": "183447", "categoryName": "LEGO (R) Building Toys"}]', 'seller_feedback_percent__0': 99.5, 'item_country__0': 'US', 'affiliate_url__0': 'https://www.ebay.com/itm/366590588356?_skw=lego&hash=item555a8075c4%3Ag%3AedcAAeSwdSZqdKao&mkevt=1&mkcid=1&mkrid=711-53200-19255-0&campid=5339151267&customid=&toolid=10049', 'postal_code__0': '245**', 'last_seen__0': datetime.datetime(2026, 8, 7, 12, 30, 43, 530540, tzinfo=datetime.timezone.utc), 'item_url__0': 'https://www.ebay.com/itm/366590588356?_skw=lego&hash=item555a8075c4:g:edcAAeSwdSZqdKao', 'item_city__0': 'Danville', 'marketplace__0': 'EBAY_US', 'title__0': 'LEGO Star Wars Death Star 75419 - 8/6 Drop', 'condition__1': 'Used', 'seller_username__1': 'authentic*lego*shop', 'seller_feedback_score__1': 21087, 'buying_options__1': '["FIXED_PRICE"]', 'currency__1': 'USD', 'price__1': Decimal('39.94'), 'sold_at__1': None, 'last_updated__1': datetime.datetime(2026, 8, 7, 12, 30, 43, 530546, tzinfo=datetime.timezone.utc), 'ebay_item_id__1': 'v1|285090601008|0', 'item_created_at__1': datetime.datetime(2022, 12, 28, 18, 18, 39, tzinfo=datetime.timezone.utc), 'first_seen__1': datetime.datetime(2026, 8, 7, 12, 30, 43, 530544, tzinfo=datetime.timezone.utc), 'image_urls__1': '["https://i.ebayimg.com/images/g/10cAAOSwB6BjrIgl/s-l225.jpg", "https://i.ebayimg.com/images/g/9KwAAOSw1fdbs9yM/s-l225.jpg", "https://i.ebayimg.com/i ... (137 characters truncated) ... OSwR8pbs9yZ/s-l225.jpg", "https://i.ebayimg.com/images/g/h8wAAOSwv6Fbs9yc/s-l225.jpg", "https://i.ebayimg.com/images/g/10cAAOSwB6BjrIgl/s-l1600.jpg"]', 'categories__1': '[{"categoryId": "183448", "categoryName": "LEGO (R) Bricks, Pieces & Parts"}, {"categoryId": "220", "categoryName": "Toys & Hobbies"}, {"categoryId": "183446", "categoryName": "Building Toys"}, {"categoryId": "183447", "categoryName": "LEGO (R) Building Toys"}]', 'seller_feedback_percent__1': 99.9, 'item_country__1': 'US', 'affiliate_url__1': 'https://www.ebay.com/itm/285090601008?_skw=lego&hash=item4260b95830%3Ag%3A10cAAOSwB6BjrIgl&mkevt=1&mkcid=1&mkrid=711-53200-19255-0&campid=5339151267&customid=&toolid=10049', 'postal_code__1': '307**', 'last_seen__1': datetime.datetime(2026, 8, 7, 12, 30, 43, 530545, tzinfo=datetime.timezone.utc), 'item_url__1': 'https://www.ebay.com/itm/285090601008?_skw=lego&hash=item4260b95830:g:10cAAOSwB6BjrIgl', 'item_city__1': 'Rossville', 'marketplace__1': 'EBAY_US', 'title__1': 'Bulk LEGO LOT 5 pound box of Bricks, parts, Pieces, Tires accessories five pound', 'condition__2': 'New', 'seller_username__2': 'pfootballpete4dhx', 'seller_feedback_score__2': 721560, 'buying_options__2': '["FIXED_PRICE"]', 'currency__2': 'USD', 'price__2': Decimal('20.00') ... 21900 parameters truncated ... 'postal_code__997': '3***', 'last_seen__997': datetime.datetime(2026, 8, 7, 12, 30, 43, 532562, tzinfo=datetime.timezone.utc), 'item_url__997': 'https://www.ebay.com.au/itm/267592609480?_skw=lego&hash=item3e4dc32ec8:g:S2sAAeSwkyxppnDa', 'item_city__997': 'Berwick', 'marketplace__997': 'EBAY_AU', 'title__997': 'Lego Super Heroes 30726 Bruce Wayne & Batsuit Paper Bag New/Sealed/2 MiniFigures', 'condition__998': 'New', 'seller_username__998': 'chanbl_24', 'seller_feedback_score__998': 4328, 'buying_options__998': '["FIXED_PRICE"]', 'currency__998': 'AUD', 'price__998': Decimal('191.99'), 'sold_at__998': None, 'last_updated__998': datetime.datetime(2026, 8, 7, 12, 30, 43, 532565, tzinfo=datetime.timezone.utc), 'ebay_item_id__998': 'v1|227464163482|0', 'item_created_at__998': datetime.datetime(2026, 8, 6, 2, 43, 43, tzinfo=datetime.timezone.utc), 'first_seen__998': datetime.datetime(2026, 8, 7, 12, 30, 43, 532563, tzinfo=datetime.timezone.utc), 'image_urls__998': '["https://i.ebayimg.com/images/g/ygEAAeSw87xqc~Su/s-l225.jpg", "https://i.ebayimg.com/images/g/T-0AAeSwgvZqc~St/s-l225.jpg", "https://i.ebayimg.com/i ... (447 characters truncated) ... eSwrBNqc~Sx/s-l225.jpg", "https://i.ebayimg.com/images/g/aA4AAeSw86Vqc~Ss/s-l225.jpg", "https://i.ebayimg.com/images/g/ygEAAeSw87xqc~Su/s-l1600.jpg"]', 'categories__998': '[{"categoryId": "19006", "categoryName": "LEGO (R) Complete Sets & Packs"}, {"categoryId": "220", "categoryName": "Toys & Hobbies"}, {"categoryId": "183446", "categoryName": "Building Toys"}, {"categoryId": "183447", "categoryName": "LEGO (R) Building Toys"}]', 'seller_feedback_percent__998': 99.2, 'item_country__998': 'AU', 'affiliate_url__998': 'https://www.ebay.com.au/itm/227464163482?_skw=lego&hash=item34f5ebb09a%3Ag%3AygEAAeSw87xqc%7ESu&mkevt=1&mkcid=1&mkrid=705-53470-19255-0&campid=5339151267&customid=&toolid=10049', 'postal_code__998': '3***', 'last_seen__998': datetime.datetime(2026, 8, 7, 12, 30, 43, 532564, tzinfo=datetime.timezone.utc), 'item_url__998': 'https://www.ebay.com.au/itm/227464163482?_skw=lego&hash=item34f5ebb09a:g:ygEAAeSw87xqc~Su', 'item_city__998': 'Albert Park', 'marketplace__998': 'EBAY_AU', 'title__998': 'LEGO® Ideas E.T. the Extra-Terrestrial 21370 Building Set for Adults - Posable F', 'condition__999': 'New', 'seller_username__999': 'pnoytcg', 'seller_feedback_score__999': 299, 'buying_options__999': '["FIXED_PRICE"]', 'currency__999': 'AUD', 'price__999': Decimal('449.69'), 'sold_at__999': None, 'last_updated__999': datetime.datetime(2026, 8, 7, 12, 30, 43, 532566, tzinfo=datetime.timezone.utc), 'ebay_item_id__999': 'v1|267750333426|0', 'item_created_at__999': datetime.datetime(2026, 8, 7, 11, 18, 45, tzinfo=datetime.timezone.utc), 'first_seen__999': datetime.datetime(2026, 8, 7, 12, 30, 43, 532565, tzinfo=datetime.timezone.utc), 'image_urls__999': '["https://i.ebayimg.com/images/g/LJkAAeSw2SRqdb30/s-l225.jpg", "https://i.ebayimg.com/images/g/LT0AAeSwHiJqdb3u/s-l225.jpg", "https://i.ebayimg.com/i ... (199 characters truncated) ... eSwQQxqdb30/s-l225.jpg", "https://i.ebayimg.com/images/g/Ax4AAeSwjgRqdb30/s-l225.jpg", "https://i.ebayimg.com/images/g/LJkAAeSw2SRqdb30/s-l1600.jpg"]', 'categories__999': '[{"categoryId": "19006", "categoryName": "LEGO (R) Complete Sets & Packs"}, {"categoryId": "220", "categoryName": "Toys & Hobbies"}, {"categoryId": "183446", "categoryName": "Building Toys"}, {"categoryId": "183447", "categoryName": "LEGO (R) Building Toys"}]', 'seller_feedback_percent__999': 100.0, 'item_country__999': 'AU', 'affiliate_url__999': 'https://www.ebay.com.au/itm/267750333426?_skw=lego&hash=item3e5729dbf2%3Ag%3ALJkAAeSw2SRqdb30&amdata=enc%3AAQALAAAA4ACCtXRWQnOEpyOqnQQ8KGYidAm0vfgFBg ... (212 characters truncated) ... 4%2BAtnxARaxvH1tmsSWfzk4LFrjt1wxSUvx1jvup9cVnUlYXwTyikPiEFw8UvXmd%2F&mkevt=1&mkcid=1&mkrid=705-53470-19255-0&campid=5339151267&customid=&toolid=10049', 'postal_code__999': '3***', 'last_seen__999': datetime.datetime(2026, 8, 7, 12, 30, 43, 532566, tzinfo=datetime.timezone.utc), 'item_url__999': 'https://www.ebay.com.au/itm/267750333426?_skw=lego&hash=item3e5729dbf2:g:LJkAAeSw2SRqdb30&amdata=enc%3AAQALAAAA4ACCtXRWQnOEpyOqnQQ8KGYidAm0vfgFBgGt%2 ... (127 characters truncated) ... 9qpKIYkmLGchwxwMPdOwiz34VJ6ZTTajVrhtupyvyuEVO1RJzLPETeHDTfWk507HSKk221uQD5Eo037Cl4%2BAtnxARaxvH1tmsSWfzk4LFrjt1wxSUvx1jvup9cVnUlYXwTyikPiEFw8UvXmd%2F', 'item_city__999': 'Cannons Creek', 'marketplace__999': 'EBAY_AU', 'title__999': 'LEGO Pokémon Rayquaza (72168)  + Pokémon Arcanine (72160) New Sealed'}]
(Background on this error at: https://sqlalche.me/e/20/e3q8)
2026-08-07 12:30:04 - Starting main_fetch.py job
EBAY_US: page 1
EBAY_US: page 2
EBAY_US: page 3
EBAY_US: page 4
EBAY_US: page 5
EBAY_US: fetched 1000 items
EBAY_AU: page 1
EBAY_AU: page 2
EBAY_AU: page 3
EBAY_AU: page 4
EBAY_AU: page 5
EBAY_AU: fetched 1000 items
EBAY_GB: page 1
EBAY_GB: page 2
EBAY_GB: page 3
EBAY_GB: page 4
EBAY_GB: page 5
EBAY_GB: fetched 1000 items
EBAY_DE: page 1
EBAY_DE: page 2
EBAY_DE: page 3
EBAY_DE: page 4
EBAY_DE: page 5
EBAY_DE: fetched 1000 items
Error occurred in main_fetch.py:
Finished main_fetch.py job
Traceback (most recent call last):
  File "/home/ubuntu/lego/venv/lib/python3.12/site-packages/sqlalchemy/engine/base.py", line 2125, in _exec_insertmany_context
    dialect.do_execute(
  File "/home/ubuntu/lego/venv/lib/python3.12/site-packages/sqlalchemy/engine/default.py", line 952, in do_execute
    cursor.execute(statement, parameters)
psycopg2.errors.DiskFull: could not extend file "base/25710/36235": No space left on device
HINT:  Check free disk space.


The above exception was the direct cause of the following exception:

Traceback (most recent call last):
  File "/home/ubuntu/lego/app/services/main_fetch.py", line 51, in main
    save_temp_summaries(items)
  File "/home/ubuntu/lego/app/services/save_temp.py", line 108, in save_temp_summaries
    db.session.commit()
  File "/home/ubuntu/lego/venv/lib/python3.12/site-packages/sqlalchemy/orm/scoping.py", line 597, in commit
    return self._proxied.commit()
           ^^^^^^^^^^^^^^^^^^^^^^
  File "/home/ubuntu/lego/venv/lib/python3.12/site-packages/sqlalchemy/orm/session.py", line 2030, in commit
    trans.commit(_to_root=True)
  File "<string>", line 2, in commit
  File "/home/ubuntu/lego/venv/lib/python3.12/site-packages/sqlalchemy/orm/state_changes.py", line 137, in _go
    ret_value = fn(self, *arg, **kw)
                ^^^^^^^^^^^^^^^^^^^^
  File "/home/ubuntu/lego/venv/lib/python3.12/site-packages/sqlalchemy/orm/session.py", line 1311, in commit
    self._prepare_impl()
  File "<string>", line 2, in _prepare_impl
  File "/home/ubuntu/lego/venv/lib/python3.12/site-packages/sqlalchemy/orm/state_changes.py", line 137, in _go
    ret_value = fn(self, *arg, **kw)
                ^^^^^^^^^^^^^^^^^^^^
  File "/home/ubuntu/lego/venv/lib/python3.12/site-packages/sqlalchemy/orm/session.py", line 1286, in _prepare_impl
    self.session.flush()
  File "/home/ubuntu/lego/venv/lib/python3.12/site-packages/sqlalchemy/orm/session.py", line 4331, in flush
    self._flush(objects)
  File "/home/ubuntu/lego/venv/lib/python3.12/site-packages/sqlalchemy/orm/session.py", line 4466, in _flush
    with util.safe_reraise():
  File "/home/ubuntu/lego/venv/lib/python3.12/site-packages/sqlalchemy/util/langhelpers.py", line 121, in __exit__
    raise exc_value.with_traceback(exc_tb)
  File "/home/ubuntu/lego/venv/lib/python3.12/site-packages/sqlalchemy/orm/session.py", line 4427, in _flush
    flush_context.execute()
  File "/home/ubuntu/lego/venv/lib/python3.12/site-packages/sqlalchemy/orm/unitofwork.py", line 466, in execute
    rec.execute(self)
  File "/home/ubuntu/lego/venv/lib/python3.12/site-packages/sqlalchemy/orm/unitofwork.py", line 642, in execute
    util.preloaded.orm_persistence.save_obj(
  File "/home/ubuntu/lego/venv/lib/python3.12/site-packages/sqlalchemy/orm/persistence.py", line 93, in save_obj
    _emit_insert_statements(
  File "/home/ubuntu/lego/venv/lib/python3.12/site-packages/sqlalchemy/orm/persistence.py", line 1143, in _emit_insert_statements
    result = connection.execute(
             ^^^^^^^^^^^^^^^^^^^
  File "/home/ubuntu/lego/venv/lib/python3.12/site-packages/sqlalchemy/engine/base.py", line 1419, in execute
    return meth(
           ^^^^^
  File "/home/ubuntu/lego/venv/lib/python3.12/site-packages/sqlalchemy/sql/elements.py", line 527, in _execute_on_connection
    return connection._execute_clauseelement(
           ^^^^^^^^^^^^^^^^^^^^^^^^^^^^^^^^^^
  File "/home/ubuntu/lego/venv/lib/python3.12/site-packages/sqlalchemy/engine/base.py", line 1641, in _execute_clauseelement
    ret = self._execute_context(
          ^^^^^^^^^^^^^^^^^^^^^^
  File "/home/ubuntu/lego/venv/lib/python3.12/site-packages/sqlalchemy/engine/base.py", line 1844, in _execute_context
    return self._exec_insertmany_context(dialect, context)
           ^^^^^^^^^^^^^^^^^^^^^^^^^^^^^^^^^^^^^^^^^^^^^^^
  File "/home/ubuntu/lego/venv/lib/python3.12/site-packages/sqlalchemy/engine/base.py", line 2133, in _exec_insertmany_context
    self._handle_dbapi_exception(
  File "/home/ubuntu/lego/venv/lib/python3.12/site-packages/sqlalchemy/engine/base.py", line 2363, in _handle_dbapi_exception
    raise sqlalchemy_exception.with_traceback(exc_info[2]) from e
  File "/home/ubuntu/lego/venv/lib/python3.12/site-packages/sqlalchemy/engine/base.py", line 2125, in _exec_insertmany_context
    dialect.do_execute(
  File "/home/ubuntu/lego/venv/lib/python3.12/site-packages/sqlalchemy/engine/default.py", line 952, in do_execute
    cursor.execute(statement, parameters)
sqlalchemy.exc.OperationalError: (psycopg2.errors.DiskFull) could not extend file "base/25710/36235": No space left on device
HINT:  Check free disk space.

[SQL: INSERT INTO temp_summaries (ebay_item_id, title, price, currency, condition, buying_options, image_urls, item_url, affiliate_url, seller_username, seller_feedback_score, seller_feedback_percent, categories, marketplace, item_country, item_city, posta ... 514030 characters truncated ...  p20, p21, sen_counter) ORDER BY sen_counter RETURNING temp_summaries.id, temp_summaries.id AS id__1]
[parameters: {'first_seen__0': datetime.datetime(2026, 8, 7, 16, 30, 45, 131696, tzinfo=datetime.timezone.utc), 'seller_username__0': 'legodirect', 'ebay_item_id__0': 'v1|327256112646|0', 'item_url__0': 'https://www.ebay.com.au/itm/327256112646?_skw=lego&hash=item4c31fbfe06:g:ByEAAeSwiUBpKlYi', 'price__0': Decimal('699.00'), 'affiliate_url__0': 'https://www.ebay.com.au/itm/327256112646?_skw=lego&hash=item4c31fbfe06%3Ag%3AByEAAeSwiUBpKlYi&mkevt=1&mkcid=1&mkrid=705-53470-19255-0&campid=5339151267&customid=&toolid=10049', 'item_created_at__0': datetime.datetime(2026, 7, 10, 13, 38, 26, tzinfo=datetime.timezone.utc), 'categories__0': '[{"categoryId": "19006", "categoryName": "LEGO (R) Complete Sets & Packs"}, {"categoryId": "220", "categoryName": "Toys & Hobbies"}, {"categoryId": "183446", "categoryName": "Building Toys"}, {"categoryId": "183447", "categoryName": "LEGO (R) Building Toys"}]', 'item_city__0': 'Melbourne', 'last_updated__0': datetime.datetime(2026, 8, 7, 16, 30, 45, 131697, tzinfo=datetime.timezone.utc), 'postal_code__0': '3***', 'seller_feedback_score__0': 5930, 'item_country__0': 'AU', 'marketplace__0': 'EBAY_AU', 'seller_feedback_percent__0': 100.0, 'condition__0': 'New', 'buying_options__0': '["FIXED_PRICE"]', 'title__0': '[Use BAGANDSAVE $50 OFF] LEGO 76271 DC Batman The Animated Series Gotham City', 'image_urls__0': '["https://i.ebayimg.com/images/g/ByEAAeSwiUBpKlYi/s-l225.jpg", "https://i.ebayimg.com/images/g/J24AAeSwskhpKlYd/s-l225.jpg", "https://i.ebayimg.com/i ... (13 characters truncated) ... eSw6qtpKlYe/s-l225.jpg", "https://i.ebayimg.com/images/g/NtgAAeSw~mxpKlYf/s-l225.jpg", "https://i.ebayimg.com/images/g/ByEAAeSwiUBpKlYi/s-l1600.jpg"]', 'currency__0': 'AUD', 'last_seen__0': datetime.datetime(2026, 8, 7, 16, 30, 45, 131697, tzinfo=datetime.timezone.utc), 'sold_at__0': None, 'first_seen__1': datetime.datetime(2026, 8, 7, 16, 30, 45, 131699, tzinfo=datetime.timezone.utc), 'seller_username__1': 'mwcdisplaycase', 'ebay_item_id__1': 'v1|178377949743|0', 'item_url__1': 'https://www.ebay.com.au/itm/178377949743?_skw=lego&hash=item298827822f:g:Ng0AAeSw3Qtqc8a1', 'price__1': Decimal('52.00'), 'affiliate_url__1': 'https://www.ebay.com.au/itm/178377949743?_skw=lego&hash=item298827822f%3Ag%3ANg0AAeSw3Qtqc8a1&mkevt=1&mkcid=1&mkrid=705-53470-19255-0&campid=5339151267&customid=&toolid=10049', 'item_created_at__1': datetime.datetime(2026, 8, 5, 23, 27, 52, tzinfo=datetime.timezone.utc), 'categories__1': '[{"categoryId": "258041", "categoryName": "Building Toy Pieces & Parts"}, {"categoryId": "220", "categoryName": "Toys & Hobbies"}, {"categoryId": "183446", "categoryName": "Building Toys"}, {"categoryId": "263016", "categoryName": "Building Toys & Blocks"}]', 'item_city__1': 'St Ives', 'last_updated__1': datetime.datetime(2026, 8, 7, 16, 30, 45, 131700, tzinfo=datetime.timezone.utc), 'postal_code__1': '2***', 'seller_feedback_score__1': 1437, 'item_country__1': 'AU', 'marketplace__1': 'EBAY_AU', 'seller_feedback_percent__1': 98.3, 'condition__1': 'New', 'buying_options__1': '["FIXED_PRICE"]', 'title__1': 'Display Case Storage Case Acrylic Case for Lego The X-Files 21369', 'image_urls__1': '["https://i.ebayimg.com/images/g/Ng0AAeSw3Qtqc8a1/s-l225.jpg", "https://i.ebayimg.com/images/g/l64AAOSwvoxf98tM/s-l225.jpg", "https://i.ebayimg.com/i ... (447 characters truncated) ... OSwi1Zm8ARs/s-l225.jpg", "https://i.ebayimg.com/images/g/yJ0AAOSwJiZm8ARm/s-l225.jpg", "https://i.ebayimg.com/images/g/Ng0AAeSw3Qtqc8a1/s-l1200.jpg"]', 'currency__1': 'AUD', 'last_seen__1': datetime.datetime(2026, 8, 7, 16, 30, 45, 131699, tzinfo=datetime.timezone.utc), 'sold_at__1': None, 'first_seen__2': datetime.datetime(2026, 8, 7, 16, 30, 45, 131700, tzinfo=datetime.timezone.utc), 'seller_username__2': 'achernar1', 'ebay_item_id__2': 'v1|178382518713|0', 'item_url__2': 'https://www.ebay.com.au/itm/178382518713?_skw=lego&hash=item29886d39b9:g:UskAAeSwT4dqdb2u&amdata=enc%3AAQALAAAA4ACCtXRWQnOEpyOqnQQ8KGYkaBXLVWgXl1a1L9 ... (135 characters truncated) ... b%2BWXVeX8jpW7E89D8U8sFAKljvh%2F%2BFEWsu6N6LA%2F9HqjqCRk2%2FMSG52lgBAmpoHpyVU3oyPcbEsYJ4our%2FBYx0QkZKfSprLp8t5ywvtDu5wednGOha2l9xNVTZz6QCJ5Zp8IVXZO1', 'price__2': Decimal('400.00'), 'affiliate_url__2': 'https://www.ebay.com.au/itm/178382518713?_skw=lego&hash=item29886d39b9%3Ag%3AUskAAeSwT4dqdb2u&amdata=enc%3AAQALAAAA4ACCtXRWQnOEpyOqnQQ8KGYkaBXLVWgXl1 ... (220 characters truncated) ... cbEsYJ4our%2FBYx0QkZKfSprLp8t5ywvtDu5wednGOha2l9xNVTZz6QCJ5Zp8IVXZO1&mkevt=1&mkcid=1&mkrid=705-53470-19255-0&campid=5339151267&customid=&toolid=10049' ... 21900 parameters truncated ... 'buying_options__997': '["FIXED_PRICE"]', 'title__997': 'LEGO Ideas Grand Piano 21323 Brand New Unopened set 3662 pieces', 'image_urls__997': '["https://i.ebayimg.com/images/g/M9MAAeSwrURqANOu/s-l225.jpg", "https://i.ebayimg.com/images/g/NAEAAeSwrURqANO2/s-l225.jpg", "https://i.ebayimg.com/i ... (137 characters truncated) ... eSwK5hqANPC/s-l225.jpg", "https://i.ebayimg.com/images/g/EGYAAeSwvPRqANPF/s-l225.jpg", "https://i.ebayimg.com/images/g/M9MAAeSwrURqANOu/s-l1600.jpg"]', 'currency__997': 'GBP', 'last_seen__997': datetime.datetime(2026, 8, 7, 16, 30, 45, 133667, tzinfo=datetime.timezone.utc), 'sold_at__997': None, 'first_seen__998': datetime.datetime(2026, 8, 7, 16, 30, 45, 133668, tzinfo=datetime.timezone.utc), 'seller_username__998': 'tombar26', 'ebay_item_id__998': 'v1|398226918204|0', 'item_url__998': 'https://www.ebay.co.uk/itm/398226918204?_skw=lego&hash=item5cb82c8b3c:g:3AcAAeSwBsFqPXmb&amdata=enc%3AAQALAAAA4ACCtXRWQnOEpyOqnQQ8KGagwr5PUu3gRGuiwIz ... (124 characters truncated) ... 5MO4beKwLlYF5KP5%2BHZ8%2Bp6XAIXI2VBrv%2BRJWjvaaLkOS5w1ecJuoB0RjoBnKh1AKT8odYsCJTC%2F2mbh0XEuoGNxUAs67sAxFBZT6yKAqSL2oWW0EauJMiWJWIpRElOIEkRl1E70lqVrJ', 'price__998': Decimal('115.10'), 'affiliate_url__998': 'https://www.ebay.co.uk/itm/398226918204?_skw=lego&hash=item5cb82c8b3c%3Ag%3A3AcAAeSwBsFqPXmb&amdata=enc%3AAQALAAAA4ACCtXRWQnOEpyOqnQQ8KGagwr5PUu3gRGu ... (209 characters truncated) ... %2F2mbh0XEuoGNxUAs67sAxFBZT6yKAqSL2oWW0EauJMiWJWIpRElOIEkRl1E70lqVrJ&mkevt=1&mkcid=1&mkrid=710-53481-19255-0&campid=5339151267&customid=&toolid=10049', 'item_created_at__998': datetime.datetime(2026, 7, 29, 10, 20, 28, tzinfo=datetime.timezone.utc), 'categories__998': '[{"categoryId": "19006", "categoryName": "LEGO (R) Complete Sets & Packs"}, {"categoryId": "220", "categoryName": "Toys & Games"}, {"categoryId": "183446", "categoryName": "Construction & Building Toys"}, {"categoryId": "183447", "categoryName": "LEGO (R) Building Toys"}]', 'item_city__998': 'CAMBRIDGE', 'last_updated__998': datetime.datetime(2026, 8, 7, 16, 30, 45, 133670, tzinfo=datetime.timezone.utc), 'postal_code__998': 'CB4***', 'seller_feedback_score__998': 186, 'item_country__998': 'GB', 'marketplace__998': 'EBAY_GB', 'seller_feedback_percent__998': 100.0, 'condition__998': 'New', 'buying_options__998': '["FIXED_PRICE", "BEST_OFFER"]', 'title__998': 'LEGO Technic: Fast and Furious Dodge Charger R/T Car (42231) New Unopened', 'image_urls__998': '["https://i.ebayimg.com/images/g/3AcAAeSwBsFqPXmb/s-l225.jpg", "https://i.ebayimg.com/images/g/R44AAeSwSX9qPXmb/s-l225.jpg", "https://i.ebayimg.com/images/g/3AcAAeSwBsFqPXmb/s-l1200.jpg"]', 'currency__998': 'GBP', 'last_seen__998': datetime.datetime(2026, 8, 7, 16, 30, 45, 133669, tzinfo=datetime.timezone.utc), 'sold_at__998': None, 'first_seen__999': datetime.datetime(2026, 8, 7, 16, 30, 45, 133670, tzinfo=datetime.timezone.utc), 'seller_username__999': 'bricksnbits2026', 'ebay_item_id__999': 'v1|358844753903|0', 'item_url__999': 'https://www.ebay.co.uk/itm/358844753903?_skw=lego&hash=item538cd067ef:g:yfkAAeSw86VqZMpG', 'price__999': Decimal('42.25'), 'affiliate_url__999': 'https://www.ebay.co.uk/itm/358844753903?_skw=lego&hash=item538cd067ef%3Ag%3AyfkAAeSw86VqZMpG&mkevt=1&mkcid=1&mkrid=710-53481-19255-0&campid=5339151267&customid=&toolid=10049', 'item_created_at__999': datetime.datetime(2026, 7, 26, 8, 17, 30, tzinfo=datetime.timezone.utc), 'categories__999': '[{"categoryId": "263012", "categoryName": "LEGO (R) Minifigures"}, {"categoryId": "220", "categoryName": "Toys & Games"}, {"categoryId": "183446", "categoryName": "Construction & Building Toys"}, {"categoryId": "183447", "categoryName": "LEGO (R) Building Toys"}]', 'item_city__999': 'PETERBOROUGH', 'last_updated__999': datetime.datetime(2026, 8, 7, 16, 30, 45, 133671, tzinfo=datetime.timezone.utc), 'postal_code__999': 'PE2***', 'seller_feedback_score__999': 946, 'item_country__999': 'GB', 'marketplace__999': 'EBAY_GB', 'seller_feedback_percent__999': 100.0, 'condition__999': 'New', 'buying_options__999': '["FIXED_PRICE", "BEST_OFFER"]', 'title__999': 'Lego 71053 Shrek Series Minifigures, Full Set of 12 PRE ORDER', 'image_urls__999': '["https://i.ebayimg.com/images/g/yfkAAeSw86VqZMpG/s-l225.jpg", "https://i.ebayimg.com/images/g/DcQAAeSwNKlqZMZC/s-l225.jpg", "https://i.ebayimg.com/images/g/yfkAAeSw86VqZMpG/s-l640.jpg"]', 'currency__999': 'GBP', 'last_seen__999': datetime.datetime(2026, 8, 7, 16, 30, 45, 133671, tzinfo=datetime.timezone.utc), 'sold_at__999': None}]
(Background on this error at: https://sqlalche.me/e/20/e3q8)
2026-08-07 16:30:03 - Starting main_fetch.py job
EBAY_US: page 1
EBAY_US: page 2
EBAY_US: page 3
EBAY_US: page 4
EBAY_US: page 5
EBAY_US: fetched 1000 items
EBAY_AU: page 1
EBAY_AU: page 2
EBAY_AU: page 3
EBAY_AU: page 4
EBAY_AU: page 5
EBAY_AU: fetched 1000 items
EBAY_GB: page 1
EBAY_GB: page 2
EBAY_GB: page 3
EBAY_GB: page 4
EBAY_GB: page 5
EBAY_GB: fetched 1000 items
EBAY_DE: page 1
EBAY_DE: page 2
EBAY_DE: page 3
EBAY_DE: page 4
EBAY_DE: page 5
EBAY_DE: fetched 1000 items
Error occurred in main_fetch.py:
Finished main_fetch.py job
Traceback (most recent call last):
  File "/home/ubuntu/lego/venv/lib/python3.12/site-packages/sqlalchemy/engine/base.py", line 2125, in _exec_insertmany_context
    dialect.do_execute(
  File "/home/ubuntu/lego/venv/lib/python3.12/site-packages/sqlalchemy/engine/default.py", line 952, in do_execute
    cursor.execute(statement, parameters)
psycopg2.errors.DiskFull: could not extend file "base/25710/36250": No space left on device
HINT:  Check free disk space.


The above exception was the direct cause of the following exception:

Traceback (most recent call last):
  File "/home/ubuntu/lego/app/services/main_fetch.py", line 51, in main
    save_temp_summaries(items)
  File "/home/ubuntu/lego/app/services/save_temp.py", line 108, in save_temp_summaries
    db.session.commit()
  File "/home/ubuntu/lego/venv/lib/python3.12/site-packages/sqlalchemy/orm/scoping.py", line 597, in commit
    return self._proxied.commit()
           ^^^^^^^^^^^^^^^^^^^^^^
  File "/home/ubuntu/lego/venv/lib/python3.12/site-packages/sqlalchemy/orm/session.py", line 2030, in commit
    trans.commit(_to_root=True)
  File "<string>", line 2, in commit
  File "/home/ubuntu/lego/venv/lib/python3.12/site-packages/sqlalchemy/orm/state_changes.py", line 137, in _go
    ret_value = fn(self, *arg, **kw)
                ^^^^^^^^^^^^^^^^^^^^
  File "/home/ubuntu/lego/venv/lib/python3.12/site-packages/sqlalchemy/orm/session.py", line 1311, in commit
    self._prepare_impl()
  File "<string>", line 2, in _prepare_impl
  File "/home/ubuntu/lego/venv/lib/python3.12/site-packages/sqlalchemy/orm/state_changes.py", line 137, in _go
    ret_value = fn(self, *arg, **kw)
                ^^^^^^^^^^^^^^^^^^^^
  File "/home/ubuntu/lego/venv/lib/python3.12/site-packages/sqlalchemy/orm/session.py", line 1286, in _prepare_impl
    self.session.flush()
  File "/home/ubuntu/lego/venv/lib/python3.12/site-packages/sqlalchemy/orm/session.py", line 4331, in flush
    self._flush(objects)
  File "/home/ubuntu/lego/venv/lib/python3.12/site-packages/sqlalchemy/orm/session.py", line 4466, in _flush
    with util.safe_reraise():
  File "/home/ubuntu/lego/venv/lib/python3.12/site-packages/sqlalchemy/util/langhelpers.py", line 121, in __exit__
    raise exc_value.with_traceback(exc_tb)
  File "/home/ubuntu/lego/venv/lib/python3.12/site-packages/sqlalchemy/orm/session.py", line 4427, in _flush
    flush_context.execute()
  File "/home/ubuntu/lego/venv/lib/python3.12/site-packages/sqlalchemy/orm/unitofwork.py", line 466, in execute
    rec.execute(self)
  File "/home/ubuntu/lego/venv/lib/python3.12/site-packages/sqlalchemy/orm/unitofwork.py", line 642, in execute
    util.preloaded.orm_persistence.save_obj(
  File "/home/ubuntu/lego/venv/lib/python3.12/site-packages/sqlalchemy/orm/persistence.py", line 93, in save_obj
    _emit_insert_statements(
  File "/home/ubuntu/lego/venv/lib/python3.12/site-packages/sqlalchemy/orm/persistence.py", line 1143, in _emit_insert_statements
    result = connection.execute(
             ^^^^^^^^^^^^^^^^^^^
  File "/home/ubuntu/lego/venv/lib/python3.12/site-packages/sqlalchemy/engine/base.py", line 1419, in execute
    return meth(
           ^^^^^
  File "/home/ubuntu/lego/venv/lib/python3.12/site-packages/sqlalchemy/sql/elements.py", line 527, in _execute_on_connection
    return connection._execute_clauseelement(
           ^^^^^^^^^^^^^^^^^^^^^^^^^^^^^^^^^^
  File "/home/ubuntu/lego/venv/lib/python3.12/site-packages/sqlalchemy/engine/base.py", line 1641, in _execute_clauseelement
    ret = self._execute_context(
          ^^^^^^^^^^^^^^^^^^^^^^
  File "/home/ubuntu/lego/venv/lib/python3.12/site-packages/sqlalchemy/engine/base.py", line 1844, in _execute_context
    return self._exec_insertmany_context(dialect, context)
           ^^^^^^^^^^^^^^^^^^^^^^^^^^^^^^^^^^^^^^^^^^^^^^^
  File "/home/ubuntu/lego/venv/lib/python3.12/site-packages/sqlalchemy/engine/base.py", line 2133, in _exec_insertmany_context
    self._handle_dbapi_exception(
  File "/home/ubuntu/lego/venv/lib/python3.12/site-packages/sqlalchemy/engine/base.py", line 2363, in _handle_dbapi_exception
    raise sqlalchemy_exception.with_traceback(exc_info[2]) from e
  File "/home/ubuntu/lego/venv/lib/python3.12/site-packages/sqlalchemy/engine/base.py", line 2125, in _exec_insertmany_context
    dialect.do_execute(
  File "/home/ubuntu/lego/venv/lib/python3.12/site-packages/sqlalchemy/engine/default.py", line 952, in do_execute
    cursor.execute(statement, parameters)
sqlalchemy.exc.OperationalError: (psycopg2.errors.DiskFull) could not extend file "base/25710/36250": No space left on device
HINT:  Check free disk space.

[SQL: INSERT INTO temp_summaries (ebay_item_id, title, price, currency, condition, buying_options, image_urls, item_url, affiliate_url, seller_username, seller_feedback_score, seller_feedback_percent, categories, marketplace, item_country, item_city, posta ... 514030 characters truncated ...  p20, p21, sen_counter) ORDER BY sen_counter RETURNING temp_summaries.id, temp_summaries.id AS id__1]
[parameters: {'ebay_item_id__0': 'v1|285090601008|0', 'last_updated__0': datetime.datetime(2026, 8, 7, 20, 30, 45, 409337, tzinfo=datetime.timezone.utc), 'first_seen__0': datetime.datetime(2026, 8, 7, 20, 30, 45, 409329, tzinfo=datetime.timezone.utc), 'categories__0': '[{"categoryId": "183448", "categoryName": "LEGO (R) Bricks, Pieces & Parts"}, {"categoryId": "220", "categoryName": "Toys & Hobbies"}, {"categoryId": "183446", "categoryName": "Building Toys"}, {"categoryId": "183447", "categoryName": "LEGO (R) Building Toys"}]', 'image_urls__0': '["https://i.ebayimg.com/images/g/10cAAOSwB6BjrIgl/s-l225.jpg", "https://i.ebayimg.com/images/g/9KwAAOSw1fdbs9yM/s-l225.jpg", "https://i.ebayimg.com/i ... (137 characters truncated) ... OSwR8pbs9yZ/s-l225.jpg", "https://i.ebayimg.com/images/g/h8wAAOSwv6Fbs9yc/s-l225.jpg", "https://i.ebayimg.com/images/g/10cAAOSwB6BjrIgl/s-l1600.jpg"]', 'price__0': Decimal('39.94'), 'item_country__0': 'US', 'last_seen__0': datetime.datetime(2026, 8, 7, 20, 30, 45, 409336, tzinfo=datetime.timezone.utc), 'currency__0': 'USD', 'buying_options__0': '["FIXED_PRICE"]', 'seller_feedback_percent__0': 99.9, 'marketplace__0': 'EBAY_US', 'item_city__0': 'Rossville', 'sold_at__0': None, 'item_url__0': 'https://www.ebay.com/itm/285090601008?_skw=lego&hash=item4260b95830:g:10cAAOSwB6BjrIgl', 'condition__0': 'Used', 'title__0': 'Bulk LEGO LOT 5 pound box of Bricks, parts, Pieces, Tires accessories five pound', 'seller_username__0': 'authentic*lego*shop', 'affiliate_url__0': 'https://www.ebay.com/itm/285090601008?_skw=lego&hash=item4260b95830%3Ag%3A10cAAOSwB6BjrIgl&mkevt=1&mkcid=1&mkrid=711-53200-19255-0&campid=5339151267&customid=&toolid=10049', 'item_created_at__0': datetime.datetime(2022, 12, 28, 18, 18, 39, tzinfo=datetime.timezone.utc), 'seller_feedback_score__0': 21094, 'postal_code__0': '307**', 'ebay_item_id__1': 'v1|366590588356|0', 'last_updated__1': datetime.datetime(2026, 8, 7, 20, 30, 45, 409341, tzinfo=datetime.timezone.utc), 'first_seen__1': datetime.datetime(2026, 8, 7, 20, 30, 45, 409339, tzinfo=datetime.timezone.utc), 'categories__1': '[{"categoryId": "19006", "categoryName": "LEGO (R) Complete Sets & Packs"}, {"categoryId": "220", "categoryName": "Toys & Hobbies"}, {"categoryId": "183446", "categoryName": "Building Toys"}, {"categoryId": "183447", "categoryName": "LEGO (R) Building Toys"}]', 'image_urls__1': '["https://i.ebayimg.com/images/g/edcAAeSwdSZqdKao/s-l225.jpg", "https://i.ebayimg.com/images/g/edcAAeSwdSZqdKao/s-l1600.jpg"]', 'price__1': Decimal('699.99'), 'item_country__1': 'US', 'last_seen__1': datetime.datetime(2026, 8, 7, 20, 30, 45, 409340, tzinfo=datetime.timezone.utc), 'currency__1': 'USD', 'buying_options__1': '["FIXED_PRICE"]', 'seller_feedback_percent__1': 99.5, 'marketplace__1': 'EBAY_US', 'item_city__1': 'Danville', 'sold_at__1': None, 'item_url__1': 'https://www.ebay.com/itm/366590588356?_skw=lego&hash=item555a8075c4:g:edcAAeSwdSZqdKao', 'condition__1': 'New', 'title__1': 'LEGO Star Wars Death Star 75419 - 8/6 Drop', 'seller_username__1': 'pfootballpete4dhx', 'affiliate_url__1': 'https://www.ebay.com/itm/366590588356?_skw=lego&hash=item555a8075c4%3Ag%3AedcAAeSwdSZqdKao&mkevt=1&mkcid=1&mkrid=711-53200-19255-0&campid=5339151267&customid=&toolid=10049', 'item_created_at__1': datetime.datetime(2026, 8, 6, 15, 19, 11, tzinfo=datetime.timezone.utc), 'seller_feedback_score__1': 721916, 'postal_code__1': '245**', 'ebay_item_id__2': 'v1|168593566699|0', 'last_updated__2': datetime.datetime(2026, 8, 7, 20, 30, 45, 409343, tzinfo=datetime.timezone.utc), 'first_seen__2': datetime.datetime(2026, 8, 7, 20, 30, 45, 409342, tzinfo=datetime.timezone.utc), 'categories__2': '[{"categoryId": "19006", "categoryName": "LEGO (R) Complete Sets & Packs"}, {"categoryId": "220", "categoryName": "Toys & Hobbies"}, {"categoryId": "183446", "categoryName": "Building Toys"}, {"categoryId": "183447", "categoryName": "LEGO (R) Building Toys"}]', 'image_urls__2': '["https://i.ebayimg.com/images/g/G1wAAeSwF~xqdKaj/s-l225.jpg", "https://i.ebayimg.com/images/g/G1wAAeSwF~xqdKaj/s-l960.jpg"]', 'price__2': Decimal('20.00') ... 21900 parameters truncated ... 'title__997': 'LEGO® Icons Road Bike 11380 Building Set for Adult Cycling Enthusiasts - Racing', 'seller_username__997': 'chanbl_24', 'affiliate_url__997': 'https://www.ebay.com.au/itm/227362876680?_skw=lego&hash=item34efe22d08%3Ag%3ABVEAAeSwIiFqGQuD&mkevt=1&mkcid=1&mkrid=705-53470-19255-0&campid=5339151267&customid=&toolid=10049', 'item_created_at__997': datetime.datetime(2026, 5, 29, 3, 44, 37, tzinfo=datetime.timezone.utc), 'seller_feedback_score__997': 4331, 'postal_code__997': '3***', 'ebay_item_id__998': 'v1|267592609480|0', 'last_updated__998': datetime.datetime(2026, 8, 7, 20, 30, 45, 411457, tzinfo=datetime.timezone.utc), 'first_seen__998': datetime.datetime(2026, 8, 7, 20, 30, 45, 411456, tzinfo=datetime.timezone.utc), 'categories__998': '[{"categoryId": "19006", "categoryName": "LEGO (R) Complete Sets & Packs"}, {"categoryId": "220", "categoryName": "Toys & Hobbies"}, {"categoryId": "183446", "categoryName": "Building Toys"}, {"categoryId": "183447", "categoryName": "LEGO (R) Building Toys"}]', 'image_urls__998': '["https://i.ebayimg.com/images/g/S2sAAeSwkyxppnDa/s-l225.jpg", "https://i.ebayimg.com/images/g/FBIAAeSw7ZxppnDb/s-l225.jpg", "https://i.ebayimg.com/images/g/S2sAAeSwkyxppnDa/s-l1600.jpg"]', 'price__998': Decimal('10.00'), 'item_country__998': 'AU', 'last_seen__998': datetime.datetime(2026, 8, 7, 20, 30, 45, 411457, tzinfo=datetime.timezone.utc), 'currency__998': 'AUD', 'buying_options__998': '["FIXED_PRICE"]', 'seller_feedback_percent__998': 100.0, 'marketplace__998': 'EBAY_AU', 'item_city__998': 'Berwick', 'sold_at__998': None, 'item_url__998': 'https://www.ebay.com.au/itm/267592609480?_skw=lego&hash=item3e4dc32ec8:g:S2sAAeSwkyxppnDa', 'condition__998': 'New', 'title__998': 'Lego Super Heroes 30726 Bruce Wayne & Batsuit Paper Bag New/Sealed/2 MiniFigures', 'seller_username__998': 'setthebricksfree', 'affiliate_url__998': 'https://www.ebay.com.au/itm/267592609480?_skw=lego&hash=item3e4dc32ec8%3Ag%3AS2sAAeSwkyxppnDa&mkevt=1&mkcid=1&mkrid=705-53470-19255-0&campid=5339151267&customid=&toolid=10049', 'item_created_at__998': datetime.datetime(2026, 3, 3, 5, 25, 49, tzinfo=datetime.timezone.utc), 'seller_feedback_score__998': 27205, 'postal_code__998': '3***', 'ebay_item_id__999': 'v1|306835484928|0', 'last_updated__999': datetime.datetime(2026, 8, 7, 20, 30, 45, 411459, tzinfo=datetime.timezone.utc), 'first_seen__999': datetime.datetime(2026, 8, 7, 20, 30, 45, 411458, tzinfo=datetime.timezone.utc), 'categories__999': '[{"categoryId": "183448", "categoryName": "LEGO (R) Bricks, Pieces & Parts"}, {"categoryId": "220", "categoryName": "Toys & Hobbies"}, {"categoryId": "183446", "categoryName": "Building Toys"}, {"categoryId": "183447", "categoryName": "LEGO (R) Building Toys"}]', 'image_urls__999': '["https://i.ebayimg.com/images/g/LcAAAeSwgHhpvx8Q/s-l225.jpg", "https://i.ebayimg.com/images/g/PAsAAeSwNW5pvx8Q/s-l225.jpg", "https://i.ebayimg.com/i ... (13 characters truncated) ... eSw6PRpvx8R/s-l225.jpg", "https://i.ebayimg.com/images/g/SikAAeSwKeRpvx8S/s-l225.jpg", "https://i.ebayimg.com/images/g/LcAAAeSwgHhpvx8Q/s-l1600.jpg"]', 'price__999': Decimal('28.16'), 'item_country__999': 'AU', 'last_seen__999': datetime.datetime(2026, 8, 7, 20, 30, 45, 411459, tzinfo=datetime.timezone.utc), 'currency__999': 'AUD', 'buying_options__999': '["FIXED_PRICE"]', 'seller_feedback_percent__999': 100.0, 'marketplace__999': 'EBAY_AU', 'item_city__999': 'Girrawheen', 'sold_at__999': None, 'item_url__999': 'https://www.ebay.com.au/itm/306835484928?_skw=lego&hash=item4770d1f100:g:LcAAAeSwgHhpvx8Q', 'condition__999': 'Used', 'title__999': 'LEGO Bulk Lot 1kg Bag -Mixed Genuine Bricks, Plates & Accessories (Wheels/Tyres)', 'seller_username__999': 'leachysluckyloot', 'affiliate_url__999': 'https://www.ebay.com.au/itm/306835484928?_skw=lego&hash=item4770d1f100%3Ag%3ALcAAAeSwgHhpvx8Q&mkevt=1&mkcid=1&mkrid=705-53470-19255-0&campid=5339151267&customid=&toolid=10049', 'item_created_at__999': datetime.datetime(2026, 3, 21, 22, 49, 45, tzinfo=datetime.timezone.utc), 'seller_feedback_score__999': 159, 'postal_code__999': '6***'}]
(Background on this error at: https://sqlalche.me/e/20/e3q8)
2026-08-07 20:30:03 - Starting main_fetch.py job
EBAY_US: page 1
EBAY_US: page 2
EBAY_US: page 3
EBAY_US: page 4
EBAY_US: page 5
EBAY_US: fetched 1000 items
EBAY_AU: page 1
EBAY_AU: page 2
EBAY_AU: page 3
EBAY_AU: page 4
EBAY_AU: page 5
EBAY_AU: fetched 1000 items
EBAY_GB: page 1
EBAY_GB: page 2
EBAY_GB: page 3
EBAY_GB: page 4
EBAY_GB: page 5
EBAY_GB: fetched 1000 items
EBAY_DE: page 1
EBAY_DE: page 2
EBAY_DE: page 3
EBAY_DE: page 4
EBAY_DE: page 5
EBAY_DE: fetched 1000 items
Error occurred in main_fetch.py:
Finished main_fetch.py job
Traceback (most recent call last):
  File "/home/ubuntu/lego/venv/lib/python3.12/site-packages/sqlalchemy/engine/base.py", line 2125, in _exec_insertmany_context
    dialect.do_execute(
  File "/home/ubuntu/lego/venv/lib/python3.12/site-packages/sqlalchemy/engine/default.py", line 952, in do_execute
    cursor.execute(statement, parameters)
psycopg2.errors.DiskFull: could not extend file "base/25710/36265": No space left on device
HINT:  Check free disk space.


The above exception was the direct cause of the following exception:

Traceback (most recent call last):
  File "/home/ubuntu/lego/app/services/main_fetch.py", line 51, in main
    save_temp_summaries(items)
  File "/home/ubuntu/lego/app/services/save_temp.py", line 108, in save_temp_summaries
    db.session.commit()
  File "/home/ubuntu/lego/venv/lib/python3.12/site-packages/sqlalchemy/orm/scoping.py", line 597, in commit
    return self._proxied.commit()
           ^^^^^^^^^^^^^^^^^^^^^^
  File "/home/ubuntu/lego/venv/lib/python3.12/site-packages/sqlalchemy/orm/session.py", line 2030, in commit
    trans.commit(_to_root=True)
  File "<string>", line 2, in commit
  File "/home/ubuntu/lego/venv/lib/python3.12/site-packages/sqlalchemy/orm/state_changes.py", line 137, in _go
    ret_value = fn(self, *arg, **kw)
                ^^^^^^^^^^^^^^^^^^^^
  File "/home/ubuntu/lego/venv/lib/python3.12/site-packages/sqlalchemy/orm/session.py", line 1311, in commit
    self._prepare_impl()
  File "<string>", line 2, in _prepare_impl
  File "/home/ubuntu/lego/venv/lib/python3.12/site-packages/sqlalchemy/orm/state_changes.py", line 137, in _go
    ret_value = fn(self, *arg, **kw)
                ^^^^^^^^^^^^^^^^^^^^
  File "/home/ubuntu/lego/venv/lib/python3.12/site-packages/sqlalchemy/orm/session.py", line 1286, in _prepare_impl
    self.session.flush()
  File "/home/ubuntu/lego/venv/lib/python3.12/site-packages/sqlalchemy/orm/session.py", line 4331, in flush
    self._flush(objects)
  File "/home/ubuntu/lego/venv/lib/python3.12/site-packages/sqlalchemy/orm/session.py", line 4466, in _flush
    with util.safe_reraise():
  File "/home/ubuntu/lego/venv/lib/python3.12/site-packages/sqlalchemy/util/langhelpers.py", line 121, in __exit__
    raise exc_value.with_traceback(exc_tb)
  File "/home/ubuntu/lego/venv/lib/python3.12/site-packages/sqlalchemy/orm/session.py", line 4427, in _flush
    flush_context.execute()
  File "/home/ubuntu/lego/venv/lib/python3.12/site-packages/sqlalchemy/orm/unitofwork.py", line 466, in execute
    rec.execute(self)
  File "/home/ubuntu/lego/venv/lib/python3.12/site-packages/sqlalchemy/orm/unitofwork.py", line 642, in execute
    util.preloaded.orm_persistence.save_obj(
  File "/home/ubuntu/lego/venv/lib/python3.12/site-packages/sqlalchemy/orm/persistence.py", line 93, in save_obj
    _emit_insert_statements(
  File "/home/ubuntu/lego/venv/lib/python3.12/site-packages/sqlalchemy/orm/persistence.py", line 1143, in _emit_insert_statements
    result = connection.execute(
             ^^^^^^^^^^^^^^^^^^^
  File "/home/ubuntu/lego/venv/lib/python3.12/site-packages/sqlalchemy/engine/base.py", line 1419, in execute
    return meth(
           ^^^^^
  File "/home/ubuntu/lego/venv/lib/python3.12/site-packages/sqlalchemy/sql/elements.py", line 527, in _execute_on_connection
    return connection._execute_clauseelement(
           ^^^^^^^^^^^^^^^^^^^^^^^^^^^^^^^^^^
  File "/home/ubuntu/lego/venv/lib/python3.12/site-packages/sqlalchemy/engine/base.py", line 1641, in _execute_clauseelement
    ret = self._execute_context(
          ^^^^^^^^^^^^^^^^^^^^^^
  File "/home/ubuntu/lego/venv/lib/python3.12/site-packages/sqlalchemy/engine/base.py", line 1844, in _execute_context
    return self._exec_insertmany_context(dialect, context)
           ^^^^^^^^^^^^^^^^^^^^^^^^^^^^^^^^^^^^^^^^^^^^^^^
  File "/home/ubuntu/lego/venv/lib/python3.12/site-packages/sqlalchemy/engine/base.py", line 2133, in _exec_insertmany_context
    self._handle_dbapi_exception(
  File "/home/ubuntu/lego/venv/lib/python3.12/site-packages/sqlalchemy/engine/base.py", line 2363, in _handle_dbapi_exception
    raise sqlalchemy_exception.with_traceback(exc_info[2]) from e
  File "/home/ubuntu/lego/venv/lib/python3.12/site-packages/sqlalchemy/engine/base.py", line 2125, in _exec_insertmany_context
    dialect.do_execute(
  File "/home/ubuntu/lego/venv/lib/python3.12/site-packages/sqlalchemy/engine/default.py", line 952, in do_execute
    cursor.execute(statement, parameters)
sqlalchemy.exc.OperationalError: (psycopg2.errors.DiskFull) could not extend file "base/25710/36265": No space left on device
HINT:  Check free disk space.

[SQL: INSERT INTO temp_summaries (ebay_item_id, title, price, currency, condition, buying_options, image_urls, item_url, affiliate_url, seller_username, seller_feedback_score, seller_feedback_percent, categories, marketplace, item_country, item_city, posta ... 514030 characters truncated ...  p20, p21, sen_counter) ORDER BY sen_counter RETURNING temp_summaries.id, temp_summaries.id AS id__1]
[parameters: {'seller_feedback_percent__0': 99.9, 'buying_options__0': '["FIXED_PRICE"]', 'marketplace__0': 'EBAY_US', 'price__0': Decimal('39.94'), 'seller_username__0': 'authentic*lego*shop', 'item_city__0': 'Rossville', 'ebay_item_id__0': 'v1|285090601008|0', 'seller_feedback_score__0': 21098, 'first_seen__0': datetime.datetime(2026, 8, 8, 0, 30, 44, 861017, tzinfo=datetime.timezone.utc), 'condition__0': 'Used', 'categories__0': '[{"categoryId": "183448", "categoryName": "LEGO (R) Bricks, Pieces & Parts"}, {"categoryId": "220", "categoryName": "Toys & Hobbies"}, {"categoryId": "183446", "categoryName": "Building Toys"}, {"categoryId": "183447", "categoryName": "LEGO (R) Building Toys"}]', 'item_url__0': 'https://www.ebay.com/itm/285090601008?_skw=lego&hash=item4260b95830:g:10cAAOSwB6BjrIgl', 'currency__0': 'USD', 'last_updated__0': datetime.datetime(2026, 8, 8, 0, 30, 44, 861025, tzinfo=datetime.timezone.utc), 'affiliate_url__0': 'https://www.ebay.com/itm/285090601008?_skw=lego&hash=item4260b95830%3Ag%3A10cAAOSwB6BjrIgl&mkevt=1&mkcid=1&mkrid=711-53200-19255-0&campid=5339151267&customid=&toolid=10049', 'sold_at__0': None, 'title__0': 'Bulk LEGO LOT 5 pound box of Bricks, parts, Pieces, Tires accessories five pound', 'item_country__0': 'US', 'postal_code__0': '307**', 'item_created_at__0': datetime.datetime(2022, 12, 28, 18, 18, 39, tzinfo=datetime.timezone.utc), 'image_urls__0': '["https://i.ebayimg.com/images/g/10cAAOSwB6BjrIgl/s-l225.jpg", "https://i.ebayimg.com/images/g/9KwAAOSw1fdbs9yM/s-l225.jpg", "https://i.ebayimg.com/i ... (137 characters truncated) ... OSwR8pbs9yZ/s-l225.jpg", "https://i.ebayimg.com/images/g/h8wAAOSwv6Fbs9yc/s-l225.jpg", "https://i.ebayimg.com/images/g/10cAAOSwB6BjrIgl/s-l1600.jpg"]', 'last_seen__0': datetime.datetime(2026, 8, 8, 0, 30, 44, 861024, tzinfo=datetime.timezone.utc), 'seller_feedback_percent__1': 99.5, 'buying_options__1': '["FIXED_PRICE"]', 'marketplace__1': 'EBAY_US', 'price__1': Decimal('20.00'), 'seller_username__1': 'pfootballpete4dhx', 'item_city__1': 'Danville', 'ebay_item_id__1': 'v1|168593566699|0', 'seller_feedback_score__1': 722069, 'first_seen__1': datetime.datetime(2026, 8, 8, 0, 30, 44, 861027, tzinfo=datetime.timezone.utc), 'condition__1': 'New', 'categories__1': '[{"categoryId": "19006", "categoryName": "LEGO (R) Complete Sets & Packs"}, {"categoryId": "220", "categoryName": "Toys & Hobbies"}, {"categoryId": "183446", "categoryName": "Building Toys"}, {"categoryId": "183447", "categoryName": "LEGO (R) Building Toys"}]', 'item_url__1': 'https://www.ebay.com/itm/168593566699?_skw=lego&hash=item2740f5abeb:g:G1wAAeSwF~xqdKaj', 'currency__1': 'USD', 'last_updated__1': datetime.datetime(2026, 8, 8, 0, 30, 44, 861029, tzinfo=datetime.timezone.utc), 'affiliate_url__1': 'https://www.ebay.com/itm/168593566699?_skw=lego&hash=item2740f5abeb%3Ag%3AG1wAAeSwF%7ExqdKaj&mkevt=1&mkcid=1&mkrid=711-53200-19255-0&campid=5339151267&customid=&toolid=10049', 'sold_at__1': None, 'title__1': "LEGO Mini Disney Ariel's Castle 40708 - 8/6 Drop", 'item_country__1': 'US', 'postal_code__1': '245**', 'item_created_at__1': datetime.datetime(2026, 8, 6, 15, 19, 11, tzinfo=datetime.timezone.utc), 'image_urls__1': '["https://i.ebayimg.com/images/g/G1wAAeSwF~xqdKaj/s-l225.jpg", "https://i.ebayimg.com/images/g/G1wAAeSwF~xqdKaj/s-l960.jpg"]', 'last_seen__1': datetime.datetime(2026, 8, 8, 0, 30, 44, 861029, tzinfo=datetime.timezone.utc), 'seller_feedback_percent__2': 99.5, 'buying_options__2': '["FIXED_PRICE"]', 'marketplace__2': 'EBAY_US', 'price__2': Decimal('699.99'), 'seller_username__2': 'pfootballpete4dhx', 'item_city__2': 'Danville' ... 21900 parameters truncated ... 'title__997': 'Lego Bulk 3KG Great Mix Of Lego Pieces!!', 'item_country__997': 'AU', 'postal_code__997': '2***', 'item_created_at__997': datetime.datetime(2025, 5, 16, 9, 0, 6, tzinfo=datetime.timezone.utc), 'image_urls__997': '["https://i.ebayimg.com/images/g/FYYAAOSwtVNoJvqd/s-l225.jpg", "https://i.ebayimg.com/images/g/FYYAAOSwtVNoJvqd/s-l1600.jpg"]', 'last_seen__997': datetime.datetime(2026, 8, 8, 0, 30, 44, 863128, tzinfo=datetime.timezone.utc), 'seller_feedback_percent__998': 96.3, 'buying_options__998': '["FIXED_PRICE", "BEST_OFFER"]', 'marketplace__998': 'EBAY_AU', 'price__998': Decimal('108.82'), 'seller_username__998': 'chamcham96', 'item_city__998': 'Nowra', 'ebay_item_id__998': 'v1|327299991349|0', 'seller_feedback_score__998': 82, 'first_seen__998': datetime.datetime(2026, 8, 8, 0, 30, 44, 863129, tzinfo=datetime.timezone.utc), 'condition__998': 'Used', 'categories__998': '[{"categoryId": "19006", "categoryName": "LEGO (R) Complete Sets & Packs"}, {"categoryId": "220", "categoryName": "Toys & Hobbies"}, {"categoryId": "183446", "categoryName": "Building Toys"}, {"categoryId": "183447", "categoryName": "LEGO (R) Building Toys"}]', 'item_url__998': 'https://www.ebay.com.au/itm/327299991349?_skw=lego&hash=item4c34998735:g:JQoAAeSwC-FqdnPh', 'currency__998': 'AUD', 'last_updated__998': datetime.datetime(2026, 8, 8, 0, 30, 44, 863131, tzinfo=datetime.timezone.utc), 'affiliate_url__998': 'https://www.ebay.com.au/itm/327299991349?_skw=lego&hash=item4c34998735%3Ag%3AJQoAAeSwC-FqdnPh&mkevt=1&mkcid=1&mkrid=705-53470-19255-0&campid=5339151267&customid=&toolid=10049', 'sold_at__998': None, 'title__998': 'LEGO Star Wars 7259 ARC-170 w/ Box, Instructions & Minifigs', 'item_country__998': 'AU', 'postal_code__998': '2***', 'item_created_at__998': datetime.datetime(2026, 8, 8, 0, 11, 45, tzinfo=datetime.timezone.utc), 'image_urls__998': '["https://i.ebayimg.com/images/g/JQoAAeSwC-FqdnPh/s-l225.jpg", "https://i.ebayimg.com/images/g/JZIAAeSwHdJqdnPh/s-l225.jpg", "https://i.ebayimg.com/i ... (13 characters truncated) ... eSw5glqdnPi/s-l225.jpg", "https://i.ebayimg.com/images/g/QFEAAeSwFW1qdnPi/s-l225.jpg", "https://i.ebayimg.com/images/g/JQoAAeSwC-FqdnPh/s-l1600.jpg"]', 'last_seen__998': datetime.datetime(2026, 8, 8, 0, 30, 44, 863130, tzinfo=datetime.timezone.utc), 'seller_feedback_percent__999': 96.3, 'buying_options__999': '["FIXED_PRICE", "BEST_OFFER"]', 'marketplace__999': 'EBAY_AU', 'price__999': Decimal('19.74'), 'seller_username__999': 'chamcham96', 'item_city__999': 'Nowra', 'ebay_item_id__999': 'v1|327299994222|0', 'seller_feedback_score__999': 82, 'first_seen__999': datetime.datetime(2026, 8, 8, 0, 30, 44, 863131, tzinfo=datetime.timezone.utc), 'condition__999': 'New', 'categories__999': '[{"categoryId": "19006", "categoryName": "LEGO (R) Complete Sets & Packs"}, {"categoryId": "220", "categoryName": "Toys & Hobbies"}, {"categoryId": "183446", "categoryName": "Building Toys"}, {"categoryId": "183447", "categoryName": "LEGO (R) Building Toys"}]', 'item_url__999': 'https://www.ebay.com.au/itm/327299994222?_skw=lego&hash=item4c3499926e:g:hEQAAeSwls1qdnTF', 'currency__999': 'AUD', 'last_updated__999': datetime.datetime(2026, 8, 8, 0, 30, 44, 863133, tzinfo=datetime.timezone.utc), 'affiliate_url__999': 'https://www.ebay.com.au/itm/327299994222?_skw=lego&hash=item4c3499926e%3Ag%3AhEQAAeSwls1qdnTF&mkevt=1&mkcid=1&mkrid=705-53470-19255-0&campid=5339151267&customid=&toolid=10049', 'sold_at__999': None, 'title__999': 'LEGO Star Wars 30277 First Order Star Destroyer Polybag Unopened', 'item_country__999': 'AU', 'postal_code__999': '2***', 'item_created_at__999': datetime.datetime(2026, 8, 8, 0, 15, 31, tzinfo=datetime.timezone.utc), 'image_urls__999': '["https://i.ebayimg.com/images/g/hEQAAeSwls1qdnTF/s-l225.jpg", "https://i.ebayimg.com/images/g/JhgAAeSwqylqdnTF/s-l225.jpg", "https://i.ebayimg.com/images/g/hEQAAeSwls1qdnTF/s-l1600.jpg"]', 'last_seen__999': datetime.datetime(2026, 8, 8, 0, 30, 44, 863132, tzinfo=datetime.timezone.utc)}]
(Background on this error at: https://sqlalche.me/e/20/e3q8)
2026-08-08 00:30:03 - Starting main_fetch.py job
EBAY_US: page 1
EBAY_US: page 2
EBAY_US: page 3
EBAY_US: page 4
EBAY_US: page 5
EBAY_US: fetched 1000 items
EBAY_AU: page 1
EBAY_AU: page 2
EBAY_AU: page 3
EBAY_AU: page 4
EBAY_AU: page 5
EBAY_AU: fetched 1000 items
EBAY_GB: page 1
EBAY_GB: page 2
EBAY_GB: page 3
EBAY_GB: page 4
EBAY_GB: page 5
EBAY_GB: fetched 1000 items
EBAY_DE: page 1
EBAY_DE: page 2
EBAY_DE: page 3
EBAY_DE: page 4
EBAY_DE: page 5
EBAY_DE: fetched 1000 items
Error occurred in main_fetch.py:
Finished main_fetch.py job
Traceback (most recent call last):
  File "<frozen runpy>", line 198, in _run_module_as_main
  File "<frozen runpy>", line 88, in _run_code
  File "/home/ubuntu/lego/app/services/main_fetch.py", line 19, in <module>
    LOCK_FILE = os.path.join(tempfile.gettempdir(), "lego.lock")
                             ^^^^^^^^^^^^^^^^^^^^^
  File "/usr/lib/python3.12/tempfile.py", line 454, in gettempdir
    return _os.fsdecode(_gettempdir())
                        ^^^^^^^^^^^^^
  File "/usr/lib/python3.12/tempfile.py", line 447, in _gettempdir
    tempdir = _get_default_tempdir()
              ^^^^^^^^^^^^^^^^^^^^^^
  File "/usr/lib/python3.12/tempfile.py", line 362, in _get_default_tempdir
    raise FileNotFoundError(_errno.ENOENT,
FileNotFoundError: [Errno 2] No usable temporary directory found in ['/tmp', '/var/tmp', '/usr/tmp', '/home/ubuntu/lego']
Traceback (most recent call last):
  File "<frozen runpy>", line 198, in _run_module_as_main
  File "<frozen runpy>", line 88, in _run_code
  File "/home/ubuntu/lego/app/services/main_fetch.py", line 19, in <module>
    LOCK_FILE = os.path.join(tempfile.gettempdir(), "lego.lock")
                             ^^^^^^^^^^^^^^^^^^^^^
  File "/usr/lib/python3.12/tempfile.py", line 454, in gettempdir
    return _oTraceback (most recent call last):
  File "/home/ubuntu/lego/venv/lib/python3.12/site-packages/sqlalchemy/engine/base.py", line 2125, in _exec_insertmany_context
    dialect.do_execute(
  File "/home/ubuntu/lego/venv/lib/python3.12/site-packages/sqlalchemy/engine/default.py", line 952, in do_execute
    cursor.execute(statement, parameters)
psycopg2.errors.DiskFull: could not extend file "base/25710/36274": No space left on device
HINT:  Check free disk space.


The above exception was the direct cause of the following exception:

Traceback (most recent call last):
  File "/home/ubuntu/lego/app/services/main_fetch.py", line 51, in main
    save_temp_summaries(items)
  File "/home/ubuntu/lego/app/services/save_temp.py", line 108, in save_temp_summaries
    db.session.commit()
  File "/home/ubuntu/lego/venv/lib/python3.12/site-packages/sqlalchemy/orm/scoping.py", line 597, in commit
    return self._proxied.commit()
           ^^^^^^^^^^^^^^^^^^^^^^
  File "/home/ubuntu/lego/venv/lib/python3.12/site-packages/sqlalchemy/orm/session.py", line 2030, in commit
    trans.commit(_to_root=True)
  File "<string>", line 2, in commit
  File "/home/ubuntu/lego/venv/lib/python3.12/site-packages/sqlalchemy/orm/state_changes.py", line 137, in _go
    ret_value = fn(self, *arg, **kw)
                ^^^^^^^^^^^^^^^^^^^^
  File "/home/ubuntu/lego/venv/lib/python3.12/site-packages/sqlalchemy/orm/session.py", line 1311, in commit
    self._prepare_impl()
  File "<string>", line 2, in _prepare_impl
  File "/home/ubuntu/lego/venv/lib/python3.12/site-packages/sqlalchemy/orm/state_changes.py", line 137, in _go
    ret_value = fn(self, *arg, **kw)
                ^^^^^^^^^^^^^^^^^^^^
  File "/home/ubuntu/lego/venv/lib/python3.12/site-packages/sqlalchemy/orm/session.py", line 1286, in _prepare_impl
    self.session.flush()
  File "/home/ubuntu/lego/venv/lib/python3.12/site-packages/sqlalchemy/orm/session.py", line 4331, in flush
    self._flush(objects)
  File "/home/ubuntu/lego/venv/lib/python3.12/site-packages/sqlalchemy/orm/session.py", line 4466, in _flush
    with util.safe_reraise():
  File "/home/ubuntu/lego/venv/lib/python3.12/site-packages/sqlalchemy/util/langhelpers.py", line 121, in __exit__
    raise exc_value.with_traceback(exc_tb)
  File "/home/ubuntu/lego/venv/lib/python3.12/site-packages/sqlalchemy/orm/session.py", line 4427, in _flush
    flush_context.execute()
  File "/home/ubuntu/lego/venv/lib/python3.12/site-packages/sqlalchemy/orm/unitofwork.py", line 466, in execute
    rec.execute(self)
  File "/home/ubuntu/lego/venv/lib/python3.12/site-packages/sqlalchemy/orm/unitofwork.py", line 642, in execute
    util.preloaded.orm_persistence.save_obj(
  File "/home/ubuntu/lego/venv/lib/python3.12/site-packages/sqlalchemy/orm/persistence.py", line 93, in save_obj
    _emit_insert_statements(
  File "/home/ubuntu/lego/venv/lib/python3.12/site-packages/sqlalchemy/orm/persistence.py", line 1143, in _emit_insert_statements
    result = connection.execute(
             ^^^^^^^^^^^^^^^^^^^
  File "/home/ubuntu/lego/venv/lib/python3.12/site-packages/sqlalchemy/engine/base.py", line 1419, in execute
    return meth(
           ^^^^^
  File "/home/ubuntu/lego/venv/lib/python3.12/site-packages/sqlalchemy/sql/elements.py", line 527, in _execute_on_connection
    return connection._execute_clauseelement(
           ^^^^^^^^^^^^^^^^^^^^^^^^^^^^^^^^^^
  File "/home/ubuntu/lego/venv/lib/python3.12/site-packages/sqlalchemy/engine/base.py", line 1641, in _execute_clauseelement
    ret = self._execute_context(
          ^^^^^^^^^^^^^^^^^^^^^^
  File "/home/ubuntu/lego/venv/lib/python3.12/site-packages/sqlalchemy/engine/base.py", line 1844, in _execute_context
    return self._exec_insertmany_context(dialect, context)
           ^^^^^^^^^^^^^^^^^^^^^^^^^^^^^^^^^^^^^^^^^^^^^^^
  File "/home/ubuntu/lego/venv/lib/python3.12/site-packages/sqlalchemy/engine/base.py", line 2133, in _exec_insertmany_context
    self._handle_dbapi_exception(
  File "/home/ubuntu/lego/venv/lib/python3.12/site-packages/sqlalchemy/engine/base.py", line 2363, in _handle_dbapi_exception
    raise sqlalchemy_exception.with_traceback(exc_info[2]) from e
  File "/home/ubuntu/lego/venv/lib/python3.12/site-packages/sqlalchemy/engine/base.py", line 2125, in _exec_insertmany_context
    dialect.do_execute(
  File "/home/ubuntu/lego/venv/lib/python3.12/site-packages/sqlalchemy/engine/default.py", line 952, in do_execute
    cursor.execute(statement, parameters)
sqlalchemy.exc.OperationalError: (psycopg2.errors.DiskFull) could not extend file "base/25710/36274": No space left on device
HINT:  Check free disk space.

[SQL: INSERT INTO temp_summaries (ebay_item_id, title, price, currency, condition, buying_options, image_urls, item_url, affiliate_url, seller_username, seller_feedback_score, seller_feedback_percent, categories, marketplace, item_country, item_city, posta ... 514030 characters truncated ...  p20, p21, sen_counter) ORDER BY sen_counter RETURNING temp_summaries.id, temp_summaries.id AS id__1]
[parameters: {'price__0': Decimal('16.15'), 'postal_code__0': 'PL20***', 'last_seen__0': datetime.datetime(2026, 8, 9, 0, 30, 43, 894739, tzinfo=datetime.timezone.utc), 'affiliate_url__0': 'https://www.ebay.co.uk/itm/377393087601?_skw=lego&hash=item57de618471%3Ag%3As6AAAOSw5HpmNM4%7E&mkevt=1&mkcid=1&mkrid=710-53481-19255-0&campid=5339151267&customid=&toolid=10049', 'currency__0': 'GBP', 'seller_feedback_score__0': 30, 'categories__0': '[{"categoryId": "19006", "categoryName": "LEGO (R) Complete Sets & Packs"}, {"categoryId": "220", "categoryName": "Toys & Games"}, {"categoryId": "183446", "categoryName": "Construction & Building Toys"}, {"categoryId": "183447", "categoryName": "LEGO (R) Building Toys"}]', 'condition__0': 'New', 'ebay_item_id__0': 'v1|377393087601|0', 'last_updated__0': datetime.datetime(2026, 8, 9, 0, 30, 43, 894739, tzinfo=datetime.timezone.utc), 'sold_at__0': None, 'item_country__0': 'GB', 'marketplace__0': 'EBAY_GB', 'seller_feedback_percent__0': 100.0, 'image_urls__0': '["https://i.ebayimg.com/images/g/s6AAAOSw5HpmNM4~/s-l225.jpg", "https://i.ebayimg.com/images/g/rR8AAOSweYVmNM45/s-l225.jpg", "https://i.ebayimg.com/images/g/s6AAAOSw5HpmNM4~/s-l1600.jpg"]', 'buying_options__0': '["FIXED_PRICE", "BEST_OFFER"]', 'item_created_at__0': datetime.datetime(2026, 8, 4, 7, 32, 16, tzinfo=datetime.timezone.utc), 'first_seen__0': datetime.datetime(2026, 8, 9, 0, 30, 43, 894738, tzinfo=datetime.timezone.utc), 'item_url__0': 'https://www.ebay.co.uk/itm/377393087601?_skw=lego&hash=item57de618471:g:s6AAAOSw5HpmNM4~', 'item_city__0': 'YELVERTON', 'seller_username__0': 'cambcan_0', 'title__0': 'LEGO Marvel Super Heroes: Electro (5002125) New', 'price__1': Decimal('6.00'), 'postal_code__1': 'RH12***', 'last_seen__1': datetime.datetime(2026, 8, 9, 0, 30, 43, 894740, tzinfo=datetime.timezone.utc), 'affiliate_url__1': 'https://www.ebay.co.uk/itm/265311647031?_skw=lego&hash=item3dc5ce7537%3Ag%3AZZQAAOSwclNgEbv7&mkevt=1&mkcid=1&mkrid=710-53481-19255-0&campid=5339151267&customid=&toolid=10049', 'currency__1': 'GBP', 'seller_feedback_score__1': 1155, 'categories__1': '[{"categoryId": "19006", "categoryName": "LEGO (R) Complete Sets & Packs"}, {"categoryId": "220", "categoryName": "Toys & Games"}, {"categoryId": "183446", "categoryName": "Construction & Building Toys"}, {"categoryId": "183447", "categoryName": "LEGO (R) Building Toys"}]', 'condition__1': 'Used', 'ebay_item_id__1': 'v1|265311647031|0', 'last_updated__1': datetime.datetime(2026, 8, 9, 0, 30, 43, 894741, tzinfo=datetime.timezone.utc), 'sold_at__1': None, 'item_country__1': 'GB', 'marketplace__1': 'EBAY_GB', 'seller_feedback_percent__1': 100.0, 'image_urls__1': '["https://i.ebayimg.com/images/g/ZZQAAOSwclNgEbv7/s-l225.jpg", "https://i.ebayimg.com/images/g/rM8AAOSwzx1gEbv9/s-l225.jpg", "https://i.ebayimg.com/images/g/ZZQAAOSwclNgEbv7/s-l1600.jpg"]', 'buying_options__1': '["FIXED_PRICE"]', 'item_created_at__1': datetime.datetime(2021, 9, 13, 15, 15, 39, tzinfo=datetime.timezone.utc), 'first_seen__1': datetime.datetime(2026, 8, 9, 0, 30, 43, 894740, tzinfo=datetime.timezone.utc), 'item_url__1': 'https://www.ebay.co.uk/itm/265311647031?_skw=lego&hash=item3dc5ce7537:g:ZZQAAOSwclNgEbv7', 'item_city__1': 'HORSHAM', 'seller_username__1': 'bricksofmidgard', 'title__1': "LEGO Wheels , 16 Tyres, 16 inner's (hub), 8 Axles = 4 sets car city vehicle", 'price__2': Decimal('41.50'), 'postal_code__2': 'BR7***', 'last_seen__2': datetime.datetime(2026, 8, 9, 0, 30, 43, 894742, tzinfo=datetime.timezone.utc), 'affiliate_url__2': 'https://www.ebay.co.uk/itm/377333923432?_skw=lego&hash=item57dadabe68%3Ag%3AIWEAAeSwLrlqUPVg&mkevt=1&mkcid=1&mkrid=710-53481-19255-0&campid=5339151267&customid=&toolid=10049', 'currency__2': 'GBP', 'seller_feedback_score__2': 4745 ... 21900 parameters truncated ... 'item_created_at__997': datetime.datetime(2026, 6, 2, 17, 44, 45, tzinfo=datetime.timezone.utc), 'first_seen__997': datetime.datetime(2026, 8, 9, 0, 30, 43, 896776, tzinfo=datetime.timezone.utc), 'item_url__997': 'https://www.ebay.de/itm/800112405158?_skw=lego&hash=itemba4a6a6aa6:g:T5EAAeSwRPNqHxZ6', 'item_city__997': "Br'haven-Weddewarden", 'seller_username__997': 'alexsuessershopmegaguenstig-69', 'title__997': 'LEGO® Speed Champions 77260 The Fast and The Furious Toyota Supra MK4  NEU+OVP', 'price__998': Decimal('128.33'), 'postal_code__998': '33***', 'last_seen__998': datetime.datetime(2026, 8, 9, 0, 30, 43, 896779, tzinfo=datetime.timezone.utc), 'affiliate_url__998': 'https://www.ebay.de/itm/117330502834?_skw=lego&hash=item1b517164b2%3Ag%3AdcIAAeSwtcBqazG1&mkevt=1&mkcid=1&mkrid=707-53477-19255-0&campid=5339151267&customid=&toolid=10049', 'currency__998': 'EUR', 'seller_feedback_score__998': 10527, 'categories__998': '[{"categoryId": "19006", "categoryName": "LEGO (R) Komplette Sets & Packs"}, {"categoryId": "220", "categoryName": "Spielzeug"}, {"categoryId": "183446", "categoryName": "Bausets & Konstruktion"}, {"categoryId": "183447", "categoryName": "LEGO (R) Konstruktionsspielzeuge"}]', 'condition__998': 'Neu: Sonstige (siehe Artikelbeschreibung)', 'ebay_item_id__998': 'v1|117330502834|0', 'last_updated__998': datetime.datetime(2026, 8, 9, 0, 30, 43, 896779, tzinfo=datetime.timezone.utc), 'sold_at__998': None, 'item_country__998': 'DE', 'marketplace__998': 'EBAY_DE', 'seller_feedback_percent__998': 99.8, 'image_urls__998': '["https://i.ebayimg.com/images/g/dcIAAeSwtcBqazG1/s-l225.jpg", "https://i.ebayimg.com/images/g/X2MAAeSwINxqazG1/s-l225.jpg", "https://i.ebayimg.com/images/g/xUMAAeSw6wpqazG1/s-l225.jpg", "https://i.ebayimg.com/images/g/dcIAAeSwtcBqazG1/s-l1200.jpg"]', 'buying_options__998': '["FIXED_PRICE"]', 'item_created_at__998': datetime.datetime(2026, 7, 30, 11, 8, 51, tzinfo=datetime.timezone.utc), 'first_seen__998': datetime.datetime(2026, 8, 9, 0, 30, 43, 896778, tzinfo=datetime.timezone.utc), 'item_url__998': 'https://www.ebay.de/itm/117330502834?_skw=lego&hash=item1b517164b2:g:dcIAAeSwtcBqazG1', 'item_city__998': 'Gütersloh', 'seller_username__998': 'mediamarkt-guetersloh', 'title__998': 'LEGO Editions Sports 43020 Offizieller Pokal der FIFA Fußball-Weltmeisterschaft', 'price__999': Decimal('109.00'), 'postal_code__999': '26***', 'last_seen__999': datetime.datetime(2026, 8, 9, 0, 30, 43, 896781, tzinfo=datetime.timezone.utc), 'affiliate_url__999': 'https://www.ebay.de/itm/158069463802?_skw=lego&hash=item24cdac9afa%3Ag%3AHxUAAeSwXghqT3Ni&mkevt=1&mkcid=1&mkrid=707-53477-19255-0&campid=5339151267&customid=&toolid=10049', 'currency__999': 'EUR', 'seller_feedback_score__999': 10268, 'categories__999': '[{"categoryId": "19006", "categoryName": "LEGO (R) Komplette Sets & Packs"}, {"categoryId": "220", "categoryName": "Spielzeug"}, {"categoryId": "183446", "categoryName": "Bausets & Konstruktion"}, {"categoryId": "183447", "categoryName": "LEGO (R) Konstruktionsspielzeuge"}]', 'condition__999': 'Neu', 'ebay_item_id__999': 'v1|158069463802|0', 'last_updated__999': datetime.datetime(2026, 8, 9, 0, 30, 43, 896781, tzinfo=datetime.timezone.utc), 'sold_at__999': None, 'item_country__999': 'DE', 'marketplace__999': 'EBAY_DE', 'seller_feedback_percent__999': 99.8, 'image_urls__999': '["https://i.ebayimg.com/images/g/HxUAAeSwXghqT3Ni/s-l225.jpg", "https://i.ebayimg.com/images/g/HxUAAeSwXghqT3Ni/s-l1600.jpg"]', 'buying_options__999': '["FIXED_PRICE"]', 'item_created_at__999': datetime.datetime(2026, 7, 9, 10, 8, 46, tzinfo=datetime.timezone.utc), 'first_seen__999': datetime.datetime(2026, 8, 9, 0, 30, 43, 896780, tzinfo=datetime.timezone.utc), 'item_url__999': 'https://www.ebay.de/itm/158069463802?_skw=lego&hash=item24cdac9afa:g:HxUAAeSwXghqT3Ni', 'item_city__999': 'Rastede', 'seller_username__999': 'www_karton_ag', 'title__999': 'LEGO City 60422 - Hafen mit Frachtschiff - NEU / OVP mit Sofortversand'}]
(Background on this error at: https://sqlalche.me/e/20/e3q8)
2026-08-09 00:30:03 - Starting main_fetch.py job
EBAY_US: page 1
EBAY_US: page 2
EBAY_US: page 3
EBAY_US: page 4
EBAY_US: page 5
EBAY_US: fetched 1000 items
EBAY_AU: page 1
EBAY_AU: page 2
EBAY_AU: page 3
EBAY_AU: page 4
EBAY_AU: page 5
EBAY_AU: fetched 1000 items
EBAY_GB: page 1
EBAY_GB: page 2
EBAY_GB: page 3
EBAY_GB: page 4
EBAY_GB: page 5
EBAY_GB: fetched 1000 items
EBAY_DE: page 1
EBAY_DE: page 2
EBAY_DE: page 3
EBAY_DE: page 4
EBAY_DE: page 5
EBAY_DE: fetched 1000 items
Error occurred in main_fetch.py:
Finished main_fetch.py job
Traceback (most recent call last):
  File "/home/ubuntu/lego/venv/lib/python3.12/site-packages/sqlalchemy/engine/base.py", line 2125, in _exec_insertmany_context
    dialect.do_execute(
  File "/home/ubuntu/lego/venv/lib/python3.12/site-packages/sqlalchemy/engine/default.py", line 952, in do_execute
    cursor.execute(statement, parameters)
psycopg2.errors.DiskFull: could not extend file "base/25710/36289": No space left on device
HINT:  Check free disk space.


The above exception was the direct cause of the following exception:

Traceback (most recent call last):
  File "/home/ubuntu/lego/app/services/main_fetch.py", line 51, in main
    save_temp_summaries(items)
  File "/home/ubuntu/lego/app/services/save_temp.py", line 108, in save_temp_summaries
    db.session.commit()
  File "/home/ubuntu/lego/venv/lib/python3.12/site-packages/sqlalchemy/orm/scoping.py", line 597, in commit
    return self._proxied.commit()
           ^^^^^^^^^^^^^^^^^^^^^^
  File "/home/ubuntu/lego/venv/lib/python3.12/site-packages/sqlalchemy/orm/session.py", line 2030, in commit
    trans.commit(_to_root=True)
  File "<string>", line 2, in commit
  File "/home/ubuntu/lego/venv/lib/python3.12/site-packages/sqlalchemy/orm/state_changes.py", line 137, in _go
    ret_value = fn(self, *arg, **kw)
                ^^^^^^^^^^^^^^^^^^^^
  File "/home/ubuntu/lego/venv/lib/python3.12/site-packages/sqlalchemy/orm/session.py", line 1311, in commit
    self._prepare_impl()
  File "<string>", line 2, in _prepare_impl
  File "/home/ubuntu/lego/venv/lib/python3.12/site-packages/sqlalchemy/orm/state_changes.py", line 137, in _go
    ret_value = fn(self, *arg, **kw)
                ^^^^^^^^^^^^^^^^^^^^
  File "/home/ubuntu/lego/venv/lib/python3.12/site-packages/sqlalchemy/orm/session.py", line 1286, in _prepare_impl
    self.session.flush()
  File "/home/ubuntu/lego/venv/lib/python3.12/site-packages/sqlalchemy/orm/session.py", line 4331, in flush
    self._flush(objects)
  File "/home/ubuntu/lego/venv/lib/python3.12/site-packages/sqlalchemy/orm/session.py", line 4466, in _flush
    with util.safe_reraise():
  File "/home/ubuntu/lego/venv/lib/python3.12/site-packages/sqlalchemy/util/langhelpers.py", line 121, in __exit__
    raise exc_value.with_traceback(exc_tb)
  File "/home/ubuntu/lego/venv/lib/python3.12/site-packages/sqlalchemy/orm/session.py", line 4427, in _flush
    flush_context.execute()
  File "/home/ubuntu/lego/venv/lib/python3.12/site-packages/sqlalchemy/orm/unitofwork.py", line 466, in execute
    rec.execute(self)
  File "/home/ubuntu/lego/venv/lib/python3.12/site-packages/sqlalchemy/orm/unitofwork.py", line 642, in execute
    util.preloaded.orm_persistence.save_obj(
  File "/home/ubuntu/lego/venv/lib/python3.12/site-packages/sqlalchemy/orm/persistence.py", line 93, in save_obj
    _emit_insert_statements(
  File "/home/ubuntu/lego/venv/lib/python3.12/site-packages/sqlalchemy/orm/persistence.py", line 1143, in _emit_insert_statements
    result = connection.execute(
             ^^^^^^^^^^^^^^^^^^^
  File "/home/ubuntu/lego/venv/lib/python3.12/site-packages/sqlalchemy/engine/base.py", line 1419, in execute
    return meth(
           ^^^^^
  File "/home/ubuntu/lego/venv/lib/python3.12/site-packages/sqlalchemy/sql/elements.py", line 527, in _execute_on_connection
    return connection._execute_clauseelement(
           ^^^^^^^^^^^^^^^^^^^^^^^^^^^^^^^^^^
  File "/home/ubuntu/lego/venv/lib/python3.12/site-packages/sqlalchemy/engine/base.py", line 1641, in _execute_clauseelement
    ret = self._execute_context(
          ^^^^^^^^^^^^^^^^^^^^^^
  File "/home/ubuntu/lego/venv/lib/python3.12/site-packages/sqlalchemy/engine/base.py", line 1844, in _execute_context
    return self._exec_insertmany_context(dialect, context)
           ^^^^^^^^^^^^^^^^^^^^^^^^^^^^^^^^^^^^^^^^^^^^^^^
  File "/home/ubuntu/lego/venv/lib/python3.12/site-packages/sqlalchemy/engine/base.py", line 2133, in _exec_insertmany_context
    self._handle_dbapi_exception(
  File "/home/ubuntu/lego/venv/lib/python3.12/site-packages/sqlalchemy/engine/base.py", line 2363, in _handle_dbapi_exception
    raise sqlalchemy_exception.with_traceback(exc_info[2]) from e
  File "/home/ubuntu/lego/venv/lib/python3.12/site-packages/sqlalchemy/engine/base.py", line 2125, in _exec_insertmany_context
    dialect.do_execute(
  File "/home/ubuntu/lego/venv/lib/python3.12/site-packages/sqlalchemy/engine/default.py", line 952, in do_execute
    cursor.execute(statement, parameters)
sqlalchemy.exc.OperationalError: (psycopg2.errors.DiskFull) could not extend file "base/25710/36289": No space left on device
HINT:  Check free disk space.

[SQL: INSERT INTO temp_summaries (ebay_item_id, title, price, currency, condition, buying_options, image_urls, item_url, affiliate_url, seller_username, seller_feedback_score, seller_feedback_percent, categories, marketplace, item_country, item_city, posta ... 499582 characters truncated ...  p20, p21, sen_counter) ORDER BY sen_counter RETURNING temp_summaries.id, temp_summaries.id AS id__1]
[parameters: {'first_seen__0': datetime.datetime(2026, 8, 9, 4, 30, 44, 215559, tzinfo=datetime.timezone.utc), 'sold_at__0': None, 'item_url__0': 'https://www.ebay.de/itm/267450523051?_skw=lego&hash=item3e454b1dab:g:0S4AAOSwTftnJVg3', 'affiliate_url__0': 'https://www.ebay.de/itm/267450523051?_skw=lego&hash=item3e454b1dab%3Ag%3A0S4AAOSwTftnJVg3&mkevt=1&mkcid=1&mkrid=707-53477-19255-0&campid=5339151267&customid=&toolid=10049', 'item_country__0': 'DE', 'last_updated__0': datetime.datetime(2026, 8, 9, 4, 30, 44, 215560, tzinfo=datetime.timezone.utc), 'image_urls__0': '["https://i.ebayimg.com/images/g/0S4AAOSwTftnJVg3/s-l225.jpg", "https://i.ebayimg.com/images/g/oPQAAOSw4KBnJVg2/s-l225.jpg", "https://i.ebayimg.com/i ... (199 characters truncated) ... OSwmhZnJVg2/s-l225.jpg", "https://i.ebayimg.com/images/g/zw4AAOSwiddnJVg2/s-l225.jpg", "https://i.ebayimg.com/images/g/0S4AAOSwTftnJVg3/s-l1600.jpg"]', 'marketplace__0': 'EBAY_DE', 'currency__0': 'EUR', 'ebay_item_id__0': 'v1|267450523051|0', 'condition__0': 'Neu', 'buying_options__0': '["FIXED_PRICE"]', 'seller_feedback_percent__0': 99.7, 'postal_code__0': '35***', 'categories__0': '[{"categoryId": "19006", "categoryName": "LEGO (R) Komplette Sets & Packs"}, {"categoryId": "220", "categoryName": "Spielzeug"}, {"categoryId": "183446", "categoryName": "Bausets & Konstruktion"}, {"categoryId": "183447", "categoryName": "LEGO (R) Konstruktionsspielzeuge"}]', 'title__0': 'LEGO 21350 Ideas Der weiße Hai, Konstruktionsspielzeug', 'price__0': Decimal('147.89'), 'seller_username__0': 'alternate.gmbh', 'last_seen__0': datetime.datetime(2026, 8, 9, 4, 30, 44, 215559, tzinfo=datetime.timezone.utc), 'seller_feedback_score__0': 584564, 'item_created_at__0': datetime.datetime(2025, 10, 28, 2, 53, 23, tzinfo=datetime.timezone.utc), 'item_city__0': 'Linden', 'first_seen__1': datetime.datetime(2026, 8, 9, 4, 30, 44, 215560, tzinfo=datetime.timezone.utc), 'sold_at__1': None, 'item_url__1': 'https://www.ebay.de/itm/398264770886?_skw=lego&hash=item5cba6e2146:g:I2UAAeSwMeVqd7jx&amdata=enc%3AAQALAAAA4ACCtXRWQnOEpyOqnQQ8KGaIcMcjgvm0JiioiRx7ib ... (123 characters truncated) ... LxrLZSUVay1fnvoSWM029Dr4Ng2v92G5H%2FTWKm2PkwQZ1lHNaF3Hhd5gEUcGHhIzorFDZwViZKHroPezaWkam7wPIQ3x%2BeCq3yXrua%2B2pdoLPokDX31USZD5sfxRfx%2Fa0kA3EgdJgeBrF', 'affiliate_url__1': 'https://www.ebay.de/itm/398264770886?_skw=lego&hash=item5cba6e2146%3Ag%3AI2UAAeSwMeVqd7jx&amdata=enc%3AAQALAAAA4ACCtXRWQnOEpyOqnQQ8KGaIcMcjgvm0JiioiR ... (208 characters truncated) ... zaWkam7wPIQ3x%2BeCq3yXrua%2B2pdoLPokDX31USZD5sfxRfx%2Fa0kA3EgdJgeBrF&mkevt=1&mkcid=1&mkrid=707-53477-19255-0&campid=5339151267&customid=&toolid=10049', 'item_country__1': 'DE', 'last_updated__1': datetime.datetime(2026, 8, 9, 4, 30, 44, 215562, tzinfo=datetime.timezone.utc), 'image_urls__1': '["https://i.ebayimg.com/images/g/I2UAAeSwMeVqd7jx/s-l225.jpg", "https://i.ebayimg.com/images/g/MZQAAeSwjSBqd7jy/s-l225.jpg", "https://i.ebayimg.com/i ... (13 characters truncated) ... eSwqvlqd7uS/s-l225.jpg", "https://i.ebayimg.com/images/g/Yl8AAeSwMjhqd7uS/s-l225.jpg", "https://i.ebayimg.com/images/g/I2UAAeSwMeVqd7jx/s-l1600.jpg"]', 'marketplace__1': 'EBAY_DE', 'currency__1': 'EUR', 'ebay_item_id__1': 'v1|398264770886|0', 'condition__1': 'Gebraucht', 'buying_options__1': '["FIXED_PRICE", "BEST_OFFER"]', 'seller_feedback_percent__1': 100.0, 'postal_code__1': '67***', 'categories__1': '[{"categoryId": "19006", "categoryName": "LEGO (R) Komplette Sets & Packs"}, {"categoryId": "220", "categoryName": "Spielzeug"}, {"categoryId": "183446", "categoryName": "Bausets & Konstruktion"}, {"categoryId": "183447", "categoryName": "LEGO (R) Konstruktionsspielzeuge"}]', 'title__1': 'LEGO® Technik: 42083 Bugatti Chiron Supercar, Sehr Guter Zustand Mit Anleitung', 'price__1': Decimal('195.00'), 'seller_username__1': 'joskne47', 'last_seen__1': datetime.datetime(2026, 8, 9, 4, 30, 44, 215561, tzinfo=datetime.timezone.utc), 'seller_feedback_score__1': 16, 'item_created_at__1': datetime.datetime(2026, 8, 8, 23, 18, 18, tzinfo=datetime.timezone.utc), 'item_city__1': 'Waldsee', 'first_seen__2': datetime.datetime(2026, 8, 9, 4, 30, 44, 215562, tzinfo=datetime.timezone.utc), 'sold_at__2': None, 'item_url__2': 'https://www.ebay.de/itm/388971288051?_skw=lego&hash=item5a907ed5f3:g:RVIAAOSwTDJoTuLF&amdata=enc%3AAQALAAAA4ACCtXRWQnOEpyOqnQQ8KGYkLwMdLmXM0HiubbUqzt ... (123 characters truncated) ... O1c%2FnLhJ8C258VPtTer2mvlzHOd7XlbjHdxHPdYR07%2FPqf6rNdTAgYpbg%2BwDK4L2J7dlCHgx%2BdG6Cc0h1wzvODmjy7HB7%2BHt8jvMN0T0Kthtu8jD--qfFyyU5bKiAKQ2xHqfbPO3Ufw', 'affiliate_url__2': 'https://www.ebay.de/itm/388971288051?_skw=lego&hash=item5a907ed5f3%3Ag%3ARVIAAOSwTDJoTuLF&amdata=enc%3AAQALAAAA4ACCtXRWQnOEpyOqnQQ8KGYkLwMdLmXM0Hiubb ... (208 characters truncated) ... dG6Cc0h1wzvODmjy7HB7%2BHt8jvMN0T0Kthtu8jD--qfFyyU5bKiAKQ2xHqfbPO3Ufw&mkevt=1&mkcid=1&mkrid=707-53477-19255-0&campid=5339151267&customid=&toolid=10049', 'item_country__2': 'DE', 'last_updated__2': datetime.datetime(2026, 8, 9, 4, 30, 44, 215563, tzinfo=datetime.timezone.utc) ... 21284 parameters truncated ... 'price__969': Decimal('24.00'), 'seller_username__969': 'mirubide', 'last_seen__969': datetime.datetime(2026, 8, 9, 4, 30, 44, 217482, tzinfo=datetime.timezone.utc), 'seller_feedback_score__969': 1243, 'item_created_at__969': datetime.datetime(2026, 4, 18, 9, 29, 22, tzinfo=datetime.timezone.utc), 'item_city__969': 'Bielefeld', 'first_seen__970': datetime.datetime(2026, 8, 9, 4, 30, 44, 217483, tzinfo=datetime.timezone.utc), 'sold_at__970': None, 'item_url__970': 'https://www.ebay.de/itm/188295083965?_skw=lego&hash=item2bd742f7bd:g:lBoAAeSwAaFp5S3z&amdata=enc%3AAQALAAAA4ACCtXRWQnOEpyOqnQQ8KGZ9UWR7aZ8xZYQa7vtzX4 ... (125 characters truncated) ... LQgFHBv7AgCFLRpx6%2B8kZrTGcy7vJGCAGzNsF3BK0bdFgZncoy%2F5z%2FNLMA9RpMPAspD6Esn%2BdSpbJ7PO9HMgdrPKLdLwl1fnCdZzpLCWuKFZRH1SyYrF0NgFvmWd80uIGEe3iu1AtoiBg', 'affiliate_url__970': 'https://www.ebay.de/itm/188295083965?_skw=lego&hash=item2bd742f7bd%3Ag%3AlBoAAeSwAaFp5S3z&amdata=enc%3AAQALAAAA4ACCtXRWQnOEpyOqnQQ8KGZ9UWR7aZ8xZYQa7v ... (210 characters truncated) ... SpbJ7PO9HMgdrPKLdLwl1fnCdZzpLCWuKFZRH1SyYrF0NgFvmWd80uIGEe3iu1AtoiBg&mkevt=1&mkcid=1&mkrid=707-53477-19255-0&campid=5339151267&customid=&toolid=10049', 'item_country__970': 'DE', 'last_updated__970': datetime.datetime(2026, 8, 9, 4, 30, 44, 217484, tzinfo=datetime.timezone.utc), 'image_urls__970': '["https://i.ebayimg.com/images/g/lBoAAeSwAaFp5S3z/s-l225.jpg", "https://i.ebayimg.com/images/g/6XAAAeSw7T5p5S3z/s-l225.jpg", "https://i.ebayimg.com/images/g/YfkAAeSwibJp5S3z/s-l225.jpg", "https://i.ebayimg.com/images/g/lBoAAeSwAaFp5S3z/s-l1600.jpg"]', 'marketplace__970': 'EBAY_DE', 'currency__970': 'EUR', 'ebay_item_id__970': 'v1|188295083965|0', 'condition__970': 'Neu', 'buying_options__970': '["FIXED_PRICE", "BEST_OFFER"]', 'seller_feedback_percent__970': 100.0, 'postal_code__970': '26***', 'categories__970': '[{"categoryId": "19006", "categoryName": "LEGO (R) Komplette Sets & Packs"}, {"categoryId": "220", "categoryName": "Spielzeug"}, {"categoryId": "183446", "categoryName": "Bausets & Konstruktion"}, {"categoryId": "183447", "categoryName": "LEGO (R) Konstruktionsspielzeuge"}]', 'title__970': 'LEGO Iconic: Vogelnest (40639)', 'price__970': Decimal('9.99'), 'seller_username__970': 'speedy46532', 'last_seen__970': datetime.datetime(2026, 8, 9, 4, 30, 44, 217484, tzinfo=datetime.timezone.utc), 'seller_feedback_score__970': 39, 'item_created_at__970': datetime.datetime(2026, 4, 19, 19, 31, 16, tzinfo=datetime.timezone.utc), 'item_city__970': 'Oldenburg (Oldenburg)', 'first_seen__971': datetime.datetime(2026, 8, 9, 4, 30, 44, 217485, tzinfo=datetime.timezone.utc), 'sold_at__971': None, 'item_url__971': 'https://www.ebay.de/itm/116815675247?_skw=lego&hash=item1b32c1bf6f:g:J-wAAeSwrNRo5OCo&amdata=enc%3AAQALAAAA4ACCtXRWQnOEpyOqnQQ8KGYSJB3EEVuZ4M4GxhENxN ... (113 characters truncated) ... w6UBC7vo1BhhMrN790UiMSWIKxWHslQFKwSAfL4pVxUkMr679Qcj3hD3lN8fcH2qVSdco9hkQl29v9JazzigAhjgxvSwxnwSbOgR9JXtRrY0bHYDMnyW6zcFFxfBG0naAwiykJpy0MNkbIu4X0ePk', 'affiliate_url__971': 'https://www.ebay.de/itm/116815675247?_skw=lego&hash=item1b32c1bf6f%3Ag%3AJ-wAAeSwrNRo5OCo&amdata=enc%3AAQALAAAA4ACCtXRWQnOEpyOqnQQ8KGYSJB3EEVuZ4M4Gxh ... (198 characters truncated) ... zigAhjgxvSwxnwSbOgR9JXtRrY0bHYDMnyW6zcFFxfBG0naAwiykJpy0MNkbIu4X0ePk&mkevt=1&mkcid=1&mkrid=707-53477-19255-0&campid=5339151267&customid=&toolid=10049', 'item_country__971': 'DE', 'last_updated__971': datetime.datetime(2026, 8, 9, 4, 30, 44, 217486, tzinfo=datetime.timezone.utc), 'image_urls__971': '["https://i.ebayimg.com/images/g/J-wAAeSwrNRo5OCo/s-l225.jpg", "https://i.ebayimg.com/images/g/CucAAeSwfJpo5OCo/s-l225.jpg", "https://i.ebayimg.com/i ... (261 characters truncated) ... eSwsnBo5OCo/s-l225.jpg", "https://i.ebayimg.com/images/g/pxwAAeSwhx1o5OCn/s-l225.jpg", "https://i.ebayimg.com/images/g/J-wAAeSwrNRo5OCo/s-l1200.jpg"]', 'marketplace__971': 'EBAY_DE', 'currency__971': 'EUR', 'ebay_item_id__971': 'v1|116815675247|0', 'condition__971': 'Neu', 'buying_options__971': '["FIXED_PRICE"]', 'seller_feedback_percent__971': 99.9, 'postal_code__971': '45***', 'categories__971': '[{"categoryId": "258040", "categoryName": "Konstruktionsspielzeug Komplette Sets & Packs"}, {"categoryId": "220", "categoryName": "Spielzeug"}, {"categoryId": "183446", "categoryName": "Bausets & Konstruktion"}, {"categoryId": "263016", "categoryName": "Konstruktionsspielzeuge"}]', 'title__971': 'Bole Brick YC-23043 Audi Sport Quattro S1 mit 3887 Teilen Technik RC-Control NEU', 'price__971': Decimal('189.90'), 'seller_username__971': 'mmo457', 'last_seen__971': datetime.datetime(2026, 8, 9, 4, 30, 44, 217486, tzinfo=datetime.timezone.utc), 'seller_feedback_score__971': 4516, 'item_created_at__971': datetime.datetime(2025, 10, 7, 9, 47, 16, tzinfo=datetime.timezone.utc), 'item_city__971': 'Haltern am See'}]
(Background on this error at: https://sqlalche.me/e/20/e3q8)
2026-08-09 04:30:03 - Starting main_fetch.py job
EBAY_US: page 1
EBAY_US: page 2
EBAY_US: page 3
EBAY_US: page 4
EBAY_US: page 5
EBAY_US: fetched 1000 items
EBAY_AU: page 1
EBAY_AU: page 2
EBAY_AU: page 3
EBAY_AU: page 4
EBAY_AU: page 5
EBAY_AU: fetched 1000 items
EBAY_GB: page 1
EBAY_GB: page 2
EBAY_GB: page 3
EBAY_GB: page 4
EBAY_GB: page 5
EBAY_GB: fetched 1000 items
EBAY_DE: page 1
EBAY_DE: page 2
EBAY_DE: page 3
EBAY_DE: page 4
EBAY_DE: page 5
EBAY_DE: fetched 1000 items
Error occurred in main_fetch.py:
Finished main_fetch.py job
Traceback (most recent call last):
  File "<frozen runpy>", line 198, in _run_module_as_main
  File "<frozen runpy>", line 88, in _run_code
  File "/home/ubuntu/lego/app/services/main_fetch.py", line 19, in <module>
    LOCK_FILE = os.path.join(tempfile.gettempdir(), "lego.lock")
                             ^^^^^^^^^^^^^^^^^^^^^
  File "/usr/lib/python3.12/tempfile.py", line 454, in gettempdir
    return _os.fsdecode(_gettempdir())
                        ^^^^^^^^^^^^^
  File "/usr/lib/python3.12/tempfile.py", line 447, in _gettempdir
    tempdir = _get_default_tempdir()
              ^^^^^^^^^^^^^^^^^^^^^^
  File "/usr/lib/python3.12/tempfile.py", line 362, in _get_default_tempdir
    raise FileNotFoundError(_errno.ENOENT,
FileNotFoundError: [Errno 2] No usable temporary directory found in ['/tmp', '/var/tmp', '/usr/tmp', '/home/ubuntu/lego']
Traceback (most recent call last):
  File "<frozen runpy>", line 198, in _run_module_as_main
  File "<frozen runpy>", line 88, in _run_code
  File "/home/ubuntu/lego/app/services/main_fetch.py", line 19, in <module>
    LOCK_FILE = os.path.join(tempfile.gettempdir(), "lego.lock")
                             ^^^^^^^^^^^^^^^^^^^^^
  File "/usr/lib/python3.12/tempfile.py", line 454, in gettempdir
    return _os.fsdecode(_gettempdir())
                        ^^^^^^^^^^^^^
  File "/usr/lib/python3.12/tempfile.py", line 447, in _gettempdir
    tempdir = _get_default_tempdir()
              ^^^^^^^^^^^^^^^^^^^^^^
  File "/usr/lib/python3.12/tempfile.py", line 362, in _get_default_tempdir
    raise FileNotFoundError(_errno.ENOENT,
FileNotFoundError: [Errno 2] No usable temporary directory found in ['/tmp', '/var/tmp', '/usr/tmp', '/home/ubuntu/lego']
Traceback (most recent call last):
  File "<frozen runpy>", line 198, in _run_module_as_main
  File "<frozen runpy>", line 88, in _run_code
  File "/home/ubuntu/lego/app/services/main_fetch.py", line 19, in <module>
    LOCK_FILE = os.path.join(tempfile.gettempdir(), "lego.lock")
                             ^^^^^^^^^^^^^^^^^^^^^
  File "/usr/lib/python3.12/tempfile.py", line 454, in gettempdir
    return _os.fsdecode(_gettempdir())
                        ^^^^^^^^^^^^^
  File "/usr/lib/python3.12/tempfile.py", line 447, in _gettempdir
    tempdir = _get_default_tempdir()
              ^^^^^^^^^^^^^^^^^^^^^^
  File "/usr/lib/python3.12/tempfile.py", line 362, in _get_default_tempdir
    raise FileNotFoundError(_errno.ENOENT,
FileNotFoundError: [Errno 2] No usable temporary directory found in ['/tmp', '/var/tmp', '/usr/tmp', '/home/ubuntu/lego']
Traceback (most recent call last):
  File "<frozen runpy>", line 198, in _run_module_as_main
  File "<frozen runpy>", line 88, in _run_code
  File "/home/ubuntu/lego/app/services/main_fetch.py", line 19, in <module>
    LOCK_FILE = os.path.join(tempfile.gettempdir(), "lego.lock")
                             ^^^^^^^^^^^^^^^^^^^^^
  File "/usr/lib/python3.12/tempfile.py", line 454, in gettempdir
    return _os.fsdecode(_gettempdir())
                        ^^^^^^^^^^^^^
  File "/usr/lib/python3.12/tempfile.py", line 447, in _gettempdir
    tempdir = _get_default_tempdir()
              ^^^^^^^^^^^^^^^^^^^^^^
  File "/usr/lib/python3.12/tempfile.py", line 362, in _get_default_tempdir
    raise FileNotFoundError(_errno.ENOENT,
FileNotFoundError: [Errno 2] No usable temporary directory found in ['/tmp', '/var/tmp', '/usr/tmp', '/home/ubuntu/lego']
Traceback (most recent call last):
  File "/home/ubuntu/lego/venv/lib/python3.12/site-packages/sqlalchemy/engine/base.py", line 2125, in _exec_insertmany_context
    dialect.do_execute(
  File "/home/ubuntu/lego/venv/lib/python3.12/site-packages/sqlalchemy/engine/default.py", line 952, in do_execute
    cursor.execute(statement, parameters)
psycopg2.errors.DiskFull: could not extend file "base/25710/36304": No space left on device
HINT:  Check free disk space.


The above exception was the direct cause of the following exception:

Traceback (most recent call last):
  File "/home/ubuntu/lego/app/services/main_fetch.py", line 51, in main
    save_temp_summaries(items)
  File "/home/ubuntu/lego/app/services/save_temp.py", line 108, in save_temp_summaries
    db.session.commit()
  File "/home/ubuntu/lego/venv/lib/python3.12/site-packages/sqlalchemy/orm/scoping.py", line 597, in commit
    return self._proxied.commit()
           ^^^^^^^^^^^^^^^^^^^^^^
  File "/home/ubuntu/lego/venv/lib/python3.12/site-packages/sqlalchemy/orm/session.py", line 2030, in commit
    trans.commit(_to_root=True)
  File "<string>", line 2, in commit
  File "/home/ubuntu/lego/venv/lib/python3.12/site-packages/sqlalchemy/orm/state_changes.py", line 137, in _go
    ret_value = fn(self, *arg, **kw)
                ^^^^^^^^^^^^^^^^^^^^
  File "/home/ubuntu/lego/venv/lib/python3.12/site-packages/sqlalchemy/orm/session.py", line 1311, in commit
    self._prepare_impl()
  File "<string>", line 2, in _prepare_impl
  File "/home/ubuntu/lego/venv/lib/python3.12/site-packages/sqlalchemy/orm/state_changes.py", line 137, in _go
    ret_value = fn(self, *arg, **kw)
                ^^^^^^^^^^^^^^^^^^^^
  File "/home/ubuntu/lego/venv/lib/python3.12/site-packages/sqlalchemy/orm/session.py", line 1286, in _prepare_impl
    self.session.flush()
  File "/home/ubuntu/lego/venv/lib/python3.12/site-packages/sqlalchemy/orm/session.py", line 4331, in flush
    self._flush(objects)
  File "/home/ubuntu/lego/venv/lib/python3.12/site-packages/sqlalchemy/orm/session.py", line 4466, in _flush
    with util.safe_reraise():
  File "/home/ubuntu/lego/venv/lib/python3.12/site-packages/sqlalchemy/util/langhelpers.py", line 121, in __exit__
    raise exc_value.with_traceback(exc_tb)
  File "/home/ubuntu/lego/venv/lib/python3.12/site-packages/sqlalchemy/orm/session.py", line 4427, in _flush
    flush_context.execute()
  File "/home/ubuntu/lego/venv/lib/python3.12/site-packages/sqlalchemy/orm/unitofwork.py", line 466, in execute
    rec.execute(self)
  File "/home/ubuntu/lego/venv/lib/python3.12/site-packages/sqlalchemy/orm/unitofwork.py", line 642, in execute
    util.preloaded.orm_persistence.save_obj(
  File "/home/ubuntu/lego/venv/lib/python3.12/site-packages/sqlalchemy/orm/persistence.py", line 93, in save_obj
    _emit_insert_statements(
  File "/home/ubuntu/lego/venv/lib/python3.12/site-packages/sqlalchemy/orm/persistence.py", line 1143, in _emit_insert_statements
    result = connection.execute(
             ^^^^^^^^^^^^^^^^^^^
  File "/home/ubuntu/lego/venv/lib/python3.12/site-packages/sqlalchemy/engine/base.py", line 1419, in execute
    return meth(
           ^^^^^
  File "/home/ubuntu/lego/venv/lib/python3.12/site-packages/sqlalchemy/sql/elements.py", line 527, in _execute_on_connection
    return connection._execute_clauseelement(
           ^^^^^^^^^^^^^^^^^^^^^^^^^^^^^^^^^^
  File "/home/ubuntu/lego/venv/lib/python3.12/site-packages/sqlalchemy/engine/base.py", line 1641, in _execute_clauseelement
    ret = self._execute_context(
          ^^^^^^^^^^^^^^^^^^^^^^
  File "/home/ubuntu/lego/venv/lib/python3.12/site-packages/sqlalchemy/engine/base.py", line 1844, in _execute_context
    return self._exec_insertmany_context(dialect, context)
           ^^^^^^^^^^^^^^^^^^^^^^^^^^^^^^^^^^^^^^^^^^^^^^^
  File "/home/ubuntu/lego/venv/lib/python3.12/site-packages/sqlalchemy/engine/base.py", line 2133, in _exec_insertmany_context
    self._handle_dbapi_exception(
  File "/home/ubuntu/lego/venv/lib/python3.12/site-packages/sqlalchemy/engine/base.py", line 2363, in _handle_dbapi_exception
    raise sqlalchemy_exception.with_traceback(exc_info[2]) from e
  File "/home/ubuntu/lego/venv/lib/python3.12/site-packages/sqlalchemy/engine/base.py", line 2125, in _exec_insertmany_context
    dialect.do_execute(
  File "/home/ubuntu/lego/venv/lib/python3.12/site-packages/sqlalchemy/engine/default.py", line 952, in do_execute
    cursor.execute(statement, parameters)
sqlalchemy.exc.OperationalError: (psycopg2.errors.DiskFull) could not extend file "base/25710/36304": No space left on device
HINT:  Check free disk space.

[SQL: INSERT INTO temp_summaries (ebay_item_id, title, price, currency, condition, buying_options, image_urls, item_url, affiliate_url, seller_username, seller_feedback_score, seller_feedback_percent, categories, marketplace, item_country, item_city, posta ... 514030 characters truncated ...  p20, p21, sen_counter) ORDER BY sen_counter RETURNING temp_summaries.id, temp_summaries.id AS id__1]
[parameters: {'marketplace__0': 'EBAY_US', 'ebay_item_id__0': 'v1|285090601008|0', 'last_updated__0': datetime.datetime(2026, 8, 10, 0, 30, 42, 831398, tzinfo=datetime.timezone.utc), 'seller_username__0': 'authentic*lego*shop', 'seller_feedback_score__0': 21119, 'buying_options__0': '["FIXED_PRICE"]', 'first_seen__0': datetime.datetime(2026, 8, 10, 0, 30, 42, 831391, tzinfo=datetime.timezone.utc), 'item_url__0': 'https://www.ebay.com/itm/285090601008?_skw=lego&hash=item4260b95830:g:10cAAOSwB6BjrIgl', 'title__0': 'Bulk LEGO LOT 5 pound box of Bricks, parts, Pieces, Tires accessories five pound', 'item_city__0': 'Rossville', 'affiliate_url__0': 'https://www.ebay.com/itm/285090601008?_skw=lego&hash=item4260b95830%3Ag%3A10cAAOSwB6BjrIgl&mkevt=1&mkcid=1&mkrid=711-53200-19255-0&campid=5339151267&customid=&toolid=10049', 'item_country__0': 'US', 'categories__0': '[{"categoryId": "183448", "categoryName": "LEGO (R) Bricks, Pieces & Parts"}, {"categoryId": "220", "categoryName": "Toys & Hobbies"}, {"categoryId": "183446", "categoryName": "Building Toys"}, {"categoryId": "183447", "categoryName": "LEGO (R) Building Toys"}]', 'last_seen__0': datetime.datetime(2026, 8, 10, 0, 30, 42, 831397, tzinfo=datetime.timezone.utc), 'item_created_at__0': datetime.datetime(2022, 12, 28, 18, 18, 39, tzinfo=datetime.timezone.utc), 'image_urls__0': '["https://i.ebayimg.com/images/g/10cAAOSwB6BjrIgl/s-l225.jpg", "https://i.ebayimg.com/images/g/9KwAAOSw1fdbs9yM/s-l225.jpg", "https://i.ebayimg.com/i ... (137 characters truncated) ... OSwR8pbs9yZ/s-l225.jpg", "https://i.ebayimg.com/images/g/h8wAAOSwv6Fbs9yc/s-l225.jpg", "https://i.ebayimg.com/images/g/10cAAOSwB6BjrIgl/s-l1600.jpg"]', 'condition__0': 'Used', 'sold_at__0': None, 'seller_feedback_percent__0': 99.9, 'currency__0': 'USD', 'price__0': Decimal('39.94'), 'postal_code__0': '307**', 'marketplace__1': 'EBAY_US', 'ebay_item_id__1': 'v1|117349101580|0', 'last_updated__1': datetime.datetime(2026, 8, 10, 0, 30, 42, 831402, tzinfo=datetime.timezone.utc), 'seller_username__1': 'bigcoold86', 'seller_feedback_score__1': 3750, 'buying_options__1': '["FIXED_PRICE"]', 'first_seen__1': datetime.datetime(2026, 8, 10, 0, 30, 42, 831400, tzinfo=datetime.timezone.utc), 'item_url__1': 'https://www.ebay.com/itm/117349101580?_skw=lego&hash=item1b528d300c:g:LtgAAeSwVnNqeMsB', 'title__1': "New LEGO Marvel  76278  Rocket's Warbird vs. Ronan  NEW RETIRED FS", 'item_city__1': 'Hazleton', 'affiliate_url__1': 'https://www.ebay.com/itm/117349101580?_skw=lego&hash=item1b528d300c%3Ag%3ALtgAAeSwVnNqeMsB&mkevt=1&mkcid=1&mkrid=711-53200-19255-0&campid=5339151267&customid=&toolid=10049', 'item_country__1': 'US', 'categories__1': '[{"categoryId": "19006", "categoryName": "LEGO (R) Complete Sets & Packs"}, {"categoryId": "220", "categoryName": "Toys & Hobbies"}, {"categoryId": "183446", "categoryName": "Building Toys"}, {"categoryId": "183447", "categoryName": "LEGO (R) Building Toys"}]', 'last_seen__1': datetime.datetime(2026, 8, 10, 0, 30, 42, 831401, tzinfo=datetime.timezone.utc), 'item_created_at__1': datetime.datetime(2026, 8, 9, 18, 46, 36, tzinfo=datetime.timezone.utc), 'image_urls__1': '["https://i.ebayimg.com/images/g/LtgAAeSwVnNqeMsB/s-l225.jpg", "https://i.ebayimg.com/images/g/NboAAeSwqgRqeMsB/s-l225.jpg", "https://i.ebayimg.com/images/g/MVwAAeSwU21qeMsC/s-l225.jpg", "https://i.ebayimg.com/images/g/LtgAAeSwVnNqeMsB/s-l1600.jpg"]', 'condition__1': 'New', 'sold_at__1': None, 'seller_feedback_percent__1': 99.9, 'currency__1': 'USD', 'price__1': Decimal('35.50'), 'postal_code__1': '182**', 'marketplace__2': 'EBAY_US', 'ebay_item_id__2': 'v1|286591817537|588641859274', 'last_updated__2': datetime.datetime(2026, 8, 10, 0, 30, 42, 831404, tzinfo=datetime.timezone.utc), 'seller_username__2': 'brick_world', 'seller_feedback_score__2': 18862, 'buying_options__2': '["FIXED_PRICE"]' ... 21900 parameters truncated ... 'condition__997': 'New', 'sold_at__997': None, 'seller_feedback_percent__997': 98.3, 'currency__997': 'AUD', 'price__997': Decimal('2109.00'), 'postal_code__997': '2***', 'marketplace__998': 'EBAY_AU', 'ebay_item_id__998': 'v1|257666697319|0', 'last_updated__998': datetime.datetime(2026, 8, 10, 0, 30, 42, 833423, tzinfo=datetime.timezone.utc), 'seller_username__998': 'ozonlinebuys', 'seller_feedback_score__998': 20472, 'buying_options__998': '["FIXED_PRICE"]', 'first_seen__998': datetime.datetime(2026, 8, 10, 0, 30, 42, 833422, tzinfo=datetime.timezone.utc), 'item_url__998': 'https://www.ebay.com.au/itm/257666697319?_skw=lego&hash=item3bfe21c867:g:FD0AAeSwMCBqdX7-', 'title__998': "LEGO 72163 Pokemon SMART Play: Mewtwo's Lab Break *AU STOCK*", 'item_city__998': None, 'affiliate_url__998': 'https://www.ebay.com.au/itm/257666697319?_skw=lego&hash=item3bfe21c867%3Ag%3AFD0AAeSwMCBqdX7-&mkevt=1&mkcid=1&mkrid=705-53470-19255-0&campid=5339151267&customid=&toolid=10049', 'item_country__998': 'AU', 'categories__998': '[{"categoryId": "19006", "categoryName": "LEGO (R) Complete Sets & Packs"}, {"categoryId": "220", "categoryName": "Toys & Hobbies"}, {"categoryId": "183446", "categoryName": "Building Toys"}, {"categoryId": "183447", "categoryName": "LEGO (R) Building Toys"}]', 'last_seen__998': datetime.datetime(2026, 8, 10, 0, 30, 42, 833423, tzinfo=datetime.timezone.utc), 'item_created_at__998': datetime.datetime(2026, 8, 7, 6, 45, 32, tzinfo=datetime.timezone.utc), 'image_urls__998': '["https://i.ebayimg.com/images/g/FD0AAeSwMCBqdX7-/s-l225.jpg", "https://i.ebayimg.com/images/g/FD0AAeSwMCBqdX7-/s-l960.jpg"]', 'condition__998': 'New', 'sold_at__998': None, 'seller_feedback_percent__998': 100.0, 'currency__998': 'AUD', 'price__998': Decimal('74.00'), 'postal_code__998': None, 'marketplace__999': 'EBAY_AU', 'ebay_item_id__999': 'v1|127724358616|0', 'last_updated__999': datetime.datetime(2026, 8, 10, 0, 30, 42, 833425, tzinfo=datetime.timezone.utc), 'seller_username__999': 'theplaceforlego1', 'seller_feedback_score__999': 105, 'buying_options__999': '["FIXED_PRICE"]', 'first_seen__999': datetime.datetime(2026, 8, 10, 0, 30, 42, 833424, tzinfo=datetime.timezone.utc), 'item_url__999': 'https://www.ebay.com.au/itm/127724358616?_skw=lego&hash=item1dbcf70bd8:g:XrIAAeSw2Ktpq6k2', 'title__999': '1KG x900pcs! LEGO BUILDING PACKS! GREAT MIX BULK LEGO', 'item_city__999': 'Harrison', 'affiliate_url__999': 'https://www.ebay.com.au/itm/127724358616?_skw=lego&hash=item1dbcf70bd8%3Ag%3AXrIAAeSw2Ktpq6k2&mkevt=1&mkcid=1&mkrid=705-53470-19255-0&campid=5339151267&customid=&toolid=10049', 'item_country__999': 'AU', 'categories__999': '[{"categoryId": "183448", "categoryName": "LEGO (R) Bricks, Pieces & Parts"}, {"categoryId": "220", "categoryName": "Toys & Hobbies"}, {"categoryId": "183446", "categoryName": "Building Toys"}, {"categoryId": "183447", "categoryName": "LEGO (R) Building Toys"}]', 'last_seen__999': datetime.datetime(2026, 8, 10, 0, 30, 42, 833425, tzinfo=datetime.timezone.utc), 'item_created_at__999': datetime.datetime(2026, 3, 7, 4, 30, 7, tzinfo=datetime.timezone.utc), 'image_urls__999': '["https://i.ebayimg.com/images/g/XrIAAeSw2Ktpq6k2/s-l225.jpg", "https://i.ebayimg.com/images/g/j0QAAeSwJe1pq6k4/s-l225.jpg", "https://i.ebayimg.com/images/g/ww0AAeSwpDhpq6k5/s-l225.jpg", "https://i.ebayimg.com/images/g/XrIAAeSw2Ktpq6k2/s-l1600.jpg"]', 'condition__999': 'Used', 'sold_at__999': None, 'seller_feedback_percent__999': 100.0, 'currency__999': 'AUD', 'price__999': Decimal('23.19'), 'postal_code__999': '2***'}]
(Background on this error at: https://sqlalche.me/e/20/e3q8)
2026-08-10 00:30:03 - Starting main_fetch.py job
EBAY_US: page 1
EBAY_US: page 2
EBAY_US: page 3
EBAY_US: page 4
EBAY_US: page 5
EBAY_US: fetched 1000 items
EBAY_AU: page 1
EBAY_AU: page 2
EBAY_AU: page 3
EBAY_AU: page 4
EBAY_AU: page 5
EBAY_AU: fetched 1000 items
EBAY_GB: page 1
EBAY_GB: page 2
EBAY_GB: page 3
EBAY_GB: page 4
EBAY_GB: page 5
EBAY_GB: fetched 1000 items
EBAY_DE: page 1
EBAY_DE: page 2
EBAY_DE: page 3
EBAY_DE: page 4
EBAY_DE: page 5
EBAY_DE: fetched 1000 items
Error occurred in main_fetch.py:
Finished main_fetch.py job
Traceback (most recent call last):
  File "<frozen runpy>", line 198, in _run_module_as_main
  File "<frozen runpy>", line 88, in _run_code
  File "/home/ubuntu/lego/app/services/main_fetch.py", line 19, in <module>
    LOCK_FILE = os.path.join(tempfile.gettempdir(), "lego.lock")
                             ^^^^^^^^^^^^^^^^^^^^^
  File "/usr/lib/python3.12/tempfile.py", line 454, in gettempdir
    return _os.fsdecode(_gettempdir())
                        ^^^^^^^^^^^^^
  File "/usr/lib/python3.12/tempfile.py", line 447, in _gettempdir
    tempdir = _get_default_tempdir()
              ^^^^^^^^^^^^^^^^^^^^^^
  File "/usr/lib/python3.12/tempfile.py", line 362, in _get_default_tempdir
    raise FileNotFoundError(_errno.ENOENT,
FileNotFoundError: [Errno 2] No usable temporary directory found in ['/tmp', '/var/tmp', '/usr/tmp', '/home/ubuntu/lego']
Traceback (most recent call last):
  File "<frozen runpy>", line 198, in _run_module_as_main
  File "<frozen runpy>", line 88, in _run_code
  File "/home/ubuntu/lego/app/services/main_fetch.py", line 19, in <module>
    LOCK_FILE = os.path.join(tempfile.gettempdir(), "lego.lock")
                             ^^^^^^^^^^^^^^^^^^^^^
  File "/usr/lib/python3.12/tempfile.py", line 454, in gettempdir
    return _os.fsdecode(_gettempdir())
                        ^^^^^^^^^^^^^
  File "/usr/lib/python3.12/tempfile.py", line 447, in _gettempdir
    tempdir = _get_default_tempdir()
              ^^^^^^^^^^^^^^^^^^^^^^
  File "/usr/lib/python3.12/tempfile.py", line 362, in _get_default_tempdir
    raise FileNotFoundError(_errno.ENOENT,
FileNotFoundError: [Errno 2] No usable temporary directory found in ['/tmp', '/var/tmp', '/usr/tmp', '/home/ubuntu/lego']
Traceback (most recent call last):
  File "<frozen runpy>", line 198, in _run_module_as_main
  File "<frozen runpy>", line 88, in _run_code
  File "/home/ubuntu/lego/app/services/main_fetch.py", line 19, in <module>
    LOCK_FILE = os.path.join(tempfile.gettempdir(), "lego.lock")
                             ^^^^^^^^^^^^^^^^^^^^^
  File "/usr/lib/python3.12/tempfile.py", line 454, in gettempdir
    return _os.fsdecode(_gettempdir())
                        ^^^^^^^^^^^^^
  File "/usr/lib/python3.12/tempfile.py", line 447, in _gettempdir
    tempdir = _get_default_tempdir()
              ^^^^^^^^^^^^^^^^^^^^^^
  File "/usr/lib/python3.12/tempfile.py", line 362, in _get_default_tempdir
    raise FileNotFoundError(_errno.ENOENT,
FileNotFoundError: [Errno 2] No usable temporary directory found in ['/tmp', '/var/tmp', '/usr/tmp', '/home/ubuntu/lego']
Traceback (most recent call last):
  File "<frozen runpy>", line 198, in _run_module_as_main
  File "<frozen runpy>", line 88, in _run_code
  File "/home/ubuntu/lego/app/services/main_fetch.py", line 19, in <module>
    LOCK_FILE = os.path.join(tempfile.gettempdir(), "lego.lock")
                             ^^^^^^^^^^^^^^^^^^^^^
  File "/usr/lib/python3.12/tempfile.py", line 454, in gettempdir
    return _os.fsdecode(_gettempdir())
                        ^^^^^^^^^^^^^
  File "/usr/lib/python3.12/tempfile.py", line 447, in _gettempdir
    tempdir = _get_default_tempdir()
              ^^^^^^^^^^^^^^^^^^^^^^
  File "/usr/lib/python3.12/tempfile.py", line 362, in _get_default_tempdir
    raise FileNotFoundError(_errno.ENOENT,
FileNotFoundError: [Errno 2] No usable temporary directory found in ['/tmp', '/var/tmp', '/usr/tmp', '/home/ubuntu/lego']
Traceback (most recent call last):
  File "<frozen runpy>", line 198, in _run_module_as_main
  File "<frozen runpy>", line 88, in _run_code
  File "/home/ubuntu/lego/app/services/main_fetch.py", line 19, in <module>
    LOCK_FILE = os.path.join(tempfile.gettempdir(), "lego.lock")
                             ^^^^^^^^^^^^^^^^^^^^^
  File "/usr/lib/python3.12/Traceback (most recent call last):
  File "/home/ubuntu/lego/venv/lib/python3.12/site-packages/sqlalchemy/engine/base.py", line 1967, in _exec_single_context
    self.dialect.do_execute(
  File "/home/ubuntu/lego/venv/lib/python3.12/site-packages/sqlalchemy/engine/default.py", line 952, in do_execute
    cursor.execute(statement, parameters)
psycopg2.errors.DiskFull: could not extend file "base/25710/36311": No space left on device
HINT:  Check free disk space.


The above exception was the direct cause of the following exception:

Traceback (most recent call last):
  File "/home/ubuntu/lego/app/services/main_fetch.py", line 47, in main
    truncate_temp_tables()
  File "/home/ubuntu/lego/app/services/pipeline.py", line 221, in truncate_temp_tables
    db.session.execute(text(r"""
  File "/home/ubuntu/lego/venv/lib/python3.12/site-packages/sqlalchemy/orm/scoping.py", line 765, in execute
    return self._proxied.execute(
           ^^^^^^^^^^^^^^^^^^^^^^
  File "/home/ubuntu/lego/venv/lib/python3.12/site-packages/sqlalchemy/orm/session.py", line 2351, in execute
    return self._execute_internal(
           ^^^^^^^^^^^^^^^^^^^^^^^
  File "/home/ubuntu/lego/venv/lib/python3.12/site-packages/sqlalchemy/orm/session.py", line 2258, in _execute_internal
    result = conn.execute(
             ^^^^^^^^^^^^^
  File "/home/ubuntu/lego/venv/lib/python3.12/site-packages/sqlalchemy/engine/base.py", line 1419, in execute
    return meth(
           ^^^^^
  File "/home/ubuntu/lego/venv/lib/python3.12/site-packages/sqlalchemy/sql/elements.py", line 527, in _execute_on_connection
    return connection._execute_clauseelement(
           ^^^^^^^^^^^^^^^^^^^^^^^^^^^^^^^^^^
  File "/home/ubuntu/lego/venv/lib/python3.12/site-packages/sqlalchemy/engine/base.py", line 1641, in _execute_clauseelement
    ret = self._execute_context(
          ^^^^^^^^^^^^^^^^^^^^^^
  File "/home/ubuntu/lego/venv/lib/python3.12/site-packages/sqlalchemy/engine/base.py", line 1846, in _execute_context
    return self._exec_single_context(
           ^^^^^^^^^^^^^^^^^^^^^^^^^^
  File "/home/ubuntu/lego/venv/lib/python3.12/site-packages/sqlalchemy/engine/base.py", line 1986, in _exec_single_context
    self._handle_dbapi_exception(
  File "/home/ubuntu/lego/venv/lib/python3.12/site-packages/sqlalchemy/engine/base.py", line 2363, in _handle_dbapi_exception
    raise sqlalchemy_exception.with_traceback(exc_info[2]) from e
  File "/home/ubuntu/lego/venv/lib/python3.12/site-packages/sqlalchemy/engine/base.py", line 1967, in _exec_single_context
    self.dialect.do_execute(
  File "/home/ubuntu/lego/venv/lib/python3.12/site-packages/sqlalchemy/engine/default.py", line 952, in do_execute
    cursor.execute(statement, parameters)
sqlalchemy.exc.OperationalError: (psycopg2.errors.DiskFull) could not extend file "base/25710/36311": No space left on device
HINT:  Check free disk space.

[SQL: 
        TRUNCATE temp_summaries;
    ]
(Background on this error at: https://sqlalche.me/e/20/e3q8)
2026-08-11 00:30:03 - Starting main_fetch.py job
Error occurred in main_fetch.py:
Finished main_fetch.py job
Traceback (most recent call last):
  File "<frozen runpy>", line 198, in _run_module_as_main
  File "<frozen runpy>", line 88, in _run_code
  File "/home/ubuntu/lego/app/services/main_fetch.py", line 19, in <module>
    LOCK_FILE = os.path.join(tempfile.gettempdir(), "lego.lock")
                             ^^^^^^^^^^^^^^^^^^^^^
  File "/usr/lib/python3.12/tempfile.py", line 454, in gettempdir
    return _os.fsdecode(_gettempdir())
                        ^^^^^^^^^^^^^
  File "/usr/lib/python3.12/tempfile.py", line 447, in _gettempdir
    tempdir = _get_default_tempdir()
              ^^^^^^^^^^^^^^^^^^^^^^
  File "/usr/lib/python3.12/tempfile.py", line 362, in _get_default_tempdir
    raise FileNotFoundError(_errno.ENOENT,
FileNotFoundError: [Errno 2] No usable temporary directory found in ['/tmp', '/var/tmp', '/usr/tmp', '/home/ubuntu/lego']
Traceback (most recent call last):
  File "<frozen runpy>", line 198, in _run_module_as_main
  File "<frozen runpy>", line 88, in _run_codTraceback (most recent call last):
  File "/home/ubuntu/lego/venv/lib/python3.12/site-packages/sqlalchemy/engine/base.py", line 2125, in _exec_insertmany_context
    dialect.do_execute(
  File "/home/ubuntu/lego/venv/lib/python3.12/site-packages/sqlalchemy/engine/default.py", line 952, in do_execute
    cursor.execute(statement, parameters)
psycopg2.errors.DiskFull: could not extend file "base/25710/43319": No space left on device
HINT:  Check free disk space.


The above exception was the direct cause of the following exception:

Traceback (most recent call last):
  File "/home/ubuntu/lego/app/services/main_fetch.py", line 51, in main
    save_temp_summaries(items)
  File "/home/ubuntu/lego/app/services/save_temp.py", line 108, in save_temp_summaries
    db.session.commit()
  File "/home/ubuntu/lego/venv/lib/python3.12/site-packages/sqlalchemy/orm/scoping.py", line 597, in commit
    return self._proxied.commit()
           ^^^^^^^^^^^^^^^^^^^^^^
  File "/home/ubuntu/lego/venv/lib/python3.12/site-packages/sqlalchemy/orm/session.py", line 2030, in commit
    trans.commit(_to_root=True)
  File "<string>", line 2, in commit
  File "/home/ubuntu/lego/venv/lib/python3.12/site-packages/sqlalchemy/orm/state_changes.py", line 137, in _go
    ret_value = fn(self, *arg, **kw)
                ^^^^^^^^^^^^^^^^^^^^
  File "/home/ubuntu/lego/venv/lib/python3.12/site-packages/sqlalchemy/orm/session.py", line 1311, in commit
    self._prepare_impl()
  File "<string>", line 2, in _prepare_impl
  File "/home/ubuntu/lego/venv/lib/python3.12/site-packages/sqlalchemy/orm/state_changes.py", line 137, in _go
    ret_value = fn(self, *arg, **kw)
                ^^^^^^^^^^^^^^^^^^^^
  File "/home/ubuntu/lego/venv/lib/python3.12/site-packages/sqlalchemy/orm/session.py", line 1286, in _prepare_impl
    self.session.flush()
  File "/home/ubuntu/lego/venv/lib/python3.12/site-packages/sqlalchemy/orm/session.py", line 4331, in flush
    self._flush(objects)
  File "/home/ubuntu/lego/venv/lib/python3.12/site-packages/sqlalchemy/orm/session.py", line 4466, in _flush
    with util.safe_reraise():
  File "/home/ubuntu/lego/venv/lib/python3.12/site-packages/sqlalchemy/util/langhelpers.py", line 121, in __exit__
    raise exc_value.with_traceback(exc_tb)
  File "/home/ubuntu/lego/venv/lib/python3.12/site-packages/sqlalchemy/orm/session.py", line 4427, in _flush
    flush_context.execute()
  File "/home/ubuntu/lego/venv/lib/python3.12/site-packages/sqlalchemy/orm/unitofwork.py", line 466, in execute
    rec.execute(self)
  File "/home/ubuntu/lego/venv/lib/python3.12/site-packages/sqlalchemy/orm/unitofwork.py", line 642, in execute
    util.preloaded.orm_persistence.save_obj(
  File "/home/ubuntu/lego/venv/lib/python3.12/site-packages/sqlalchemy/orm/persistence.py", line 93, in save_obj
    _emit_insert_statements(
  File "/home/ubuntu/lego/venv/lib/python3.12/site-packages/sqlalchemy/orm/persistence.py", line 1143, in _emit_insert_statements
    result = connection.execute(
             ^^^^^^^^^^^^^^^^^^^
  File "/home/ubuntu/lego/venv/lib/python3.12/site-packages/sqlalchemy/engine/base.py", line 1419, in execute
    return meth(
           ^^^^^
  File "/home/ubuntu/lego/venv/lib/python3.12/site-packages/sqlalchemy/sql/elements.py", line 527, in _execute_on_connection
    return connection._execute_clauseelement(
           ^^^^^^^^^^^^^^^^^^^^^^^^^^^^^^^^^^
  File "/home/ubuntu/lego/venv/lib/python3.12/site-packages/sqlalchemy/engine/base.py", line 1641, in _execute_clauseelement
    ret = self._execute_context(
          ^^^^^^^^^^^^^^^^^^^^^^
  File "/home/ubuntu/lego/venv/lib/python3.12/site-packages/sqlalchemy/engine/base.py", line 1844, in _execute_context
    return self._exec_insertmany_context(dialect, context)
           ^^^^^^^^^^^^^^^^^^^^^^^^^^^^^^^^^^^^^^^^^^^^^^^
  File "/home/ubuntu/lego/venv/lib/python3.12/site-packages/sqlalchemy/engine/base.py", line 2133, in _exec_insertmany_context
    self._handle_dbapi_exception(
  File "/home/ubuntu/lego/venv/lib/python3.12/site-packages/sqlalchemy/engine/base.py", line 2363, in _handle_dbapi_exception
    raise sqlalchemy_exception.with_traceback(exc_info[2]) from e
  File "/home/ubuntu/lego/venv/lib/python3.12/site-packages/sqlalchemy/engine/base.py", line 2125, in _exec_insertmany_context
    dialect.do_execute(
  File "/home/ubuntu/lego/venv/lib/python3.12/site-packages/sqlalchemy/engine/default.py", line 952, in do_execute
    cursor.execute(statement, parameters)
sqlalchemy.exc.OperationalError: (psycopg2.errors.DiskFull) could not extend file "base/25710/43319": No space left on device
HINT:  Check free disk space.

[SQL: INSERT INTO temp_summaries (ebay_item_id, title, price, currency, condition, buying_options, image_urls, item_url, affiliate_url, seller_username, seller_feedback_score, seller_feedback_percent, categories, marketplace, item_country, item_city, posta ... 514030 characters truncated ...  p20, p21, sen_counter) ORDER BY sen_counter RETURNING temp_summaries.id, temp_summaries.id AS id__1]
[parameters: {'last_updated__0': datetime.datetime(2026, 8, 12, 0, 30, 45, 476185, tzinfo=datetime.timezone.utc), 'first_seen__0': datetime.datetime(2026, 8, 12, 0, 30, 45, 476178, tzinfo=datetime.timezone.utc), 'item_city__0': 'Rossville', 'price__0': Decimal('39.94'), 'title__0': 'Bulk LEGO LOT 5 pound box of Bricks, parts, Pieces, Tires accessories five pound', 'ebay_item_id__0': 'v1|285090601008|0', 'item_created_at__0': datetime.datetime(2022, 12, 28, 18, 18, 39, tzinfo=datetime.timezone.utc), 'categories__0': '[{"categoryId": "183448", "categoryName": "LEGO (R) Bricks, Pieces & Parts"}, {"categoryId": "220", "categoryName": "Toys & Hobbies"}, {"categoryId": "183446", "categoryName": "Building Toys"}, {"categoryId": "183447", "categoryName": "LEGO (R) Building Toys"}]', 'seller_feedback_percent__0': 99.9, 'condition__0': 'Used', 'item_country__0': 'US', 'affiliate_url__0': 'https://www.ebay.com/itm/285090601008?_skw=lego&hash=item4260b95830%3Ag%3A10cAAOSwB6BjrIgl&mkevt=1&mkcid=1&mkrid=711-53200-19255-0&campid=5339151267&customid=&toolid=10049', 'postal_code__0': '307**', 'currency__0': 'USD', 'image_urls__0': '["https://i.ebayimg.com/images/g/10cAAOSwB6BjrIgl/s-l225.jpg", "https://i.ebayimg.com/images/g/9KwAAOSw1fdbs9yM/s-l225.jpg", "https://i.ebayimg.com/i ... (137 characters truncated) ... OSwR8pbs9yZ/s-l225.jpg", "https://i.ebayimg.com/images/g/h8wAAOSwv6Fbs9yc/s-l225.jpg", "https://i.ebayimg.com/images/g/10cAAOSwB6BjrIgl/s-l1600.jpg"]', 'seller_username__0': 'authentic*lego*shop', 'buying_options__0': '["FIXED_PRICE"]', 'seller_feedback_score__0': 21145, 'sold_at__0': None, 'item_url__0': 'https://www.ebay.com/itm/285090601008?_skw=lego&hash=item4260b95830:g:10cAAOSwB6BjrIgl', 'marketplace__0': 'EBAY_US', 'last_seen__0': datetime.datetime(2026, 8, 12, 0, 30, 45, 476184, tzinfo=datetime.timezone.utc), 'last_updated__1': datetime.datetime(2026, 8, 12, 0, 30, 45, 476189, tzinfo=datetime.timezone.utc), 'first_seen__1': datetime.datetime(2026, 8, 12, 0, 30, 45, 476187, tzinfo=datetime.timezone.utc), 'item_city__1': 'Austin', 'price__1': Decimal('1000.00'), 'title__1': 'LEGO Lot Of Random Pieces Incomplete Sets and Minifigs. Read ⬇to purchase chunks', 'ebay_item_id__1': 'v1|147498582558|0', 'item_created_at__1': datetime.datetime(2026, 8, 11, 22, 30, 53, tzinfo=datetime.timezone.utc), 'categories__1': '[{"categoryId": "183448", "categoryName": "LEGO (R) Bricks, Pieces & Parts"}, {"categoryId": "220", "categoryName": "Toys & Hobbies"}, {"categoryId": "183446", "categoryName": "Building Toys"}, {"categoryId": "183447", "categoryName": "LEGO (R) Building Toys"}]', 'seller_feedback_percent__1': 100.0, 'condition__1': 'Used', 'item_country__1': 'US', 'affiliate_url__1': 'https://www.ebay.com/itm/147498582558?_skw=lego&hash=item225799c21e%3Ag%3AAfcAAeSwxghqe1ET&mkevt=1&mkcid=1&mkrid=711-53200-19255-0&campid=5339151267&customid=&toolid=10049', 'postal_code__1': '787**', 'currency__1': 'USD', 'image_urls__1': '["https://i.ebayimg.com/images/g/AfcAAeSwxghqe1ET/s-l225.jpg", "https://i.ebayimg.com/images/g/-kMAAeSwcflqe1EG/s-l225.jpg", "https://i.ebayimg.com/i ... (13 characters truncated) ... eSwXudqe1Ed/s-l225.jpg", "https://i.ebayimg.com/images/g/VgUAAeSwFz1qe1DZ/s-l225.jpg", "https://i.ebayimg.com/images/g/AfcAAeSwxghqe1ET/s-l1600.jpg"]', 'seller_username__1': 'lwh4q', 'buying_options__1': '["FIXED_PRICE", "BEST_OFFER"]', 'seller_feedback_score__1': 77, 'sold_at__1': None, 'item_url__1': 'https://www.ebay.com/itm/147498582558?_skw=lego&hash=item225799c21e:g:AfcAAeSwxghqe1ET', 'marketplace__1': 'EBAY_US', 'last_seen__1': datetime.datetime(2026, 8, 12, 0, 30, 45, 476188, tzinfo=datetime.timezone.utc), 'last_updated__2': datetime.datetime(2026, 8, 12, 0, 30, 45, 476192, tzinfo=datetime.timezone.utc), 'first_seen__2': datetime.datetime(2026, 8, 12, 0, 30, 45, 476190, tzinfo=datetime.timezone.utc), 'item_city__2': 'Boca Raton', 'price__2': Decimal('63.95'), 'title__2': 'LEGO 40908 Restaurants of the World: Greece New ship worldwide in extra box', 'ebay_item_id__2': 'v1|158171315414|0' ... 21900 parameters truncated ... 'buying_options__997': '["FIXED_PRICE"]', 'seller_feedback_score__997': 4418, 'sold_at__997': None, 'item_url__997': 'https://www.ebay.com.au/itm/227375157603?_skw=lego&hash=item34f09d9163:g:~UgAAeSwzcxqI6Rj&amdata=enc%3AAQALAAAA4ACCtXRWQnOEpyOqnQQ8KGYU5VZLiOY7lR5wWR ... (123 characters truncated) ... dHto65DsT%2BAMphumcaUR13X3zV8SSL8tklOUaFFsp4RYCSZHtL2voEnJgFVxfBmYy9tTcD65xTMJPEzM9jnCEdC4p66aQ1gRAqZAzdpGdILBhIIUt60ukjJRO3tEmnVGqllIg15BaxgBr7tPAhH', 'marketplace__997': 'EBAY_AU', 'last_seen__997': datetime.datetime(2026, 8, 12, 0, 30, 45, 478290, tzinfo=datetime.timezone.utc), 'last_updated__998': datetime.datetime(2026, 8, 12, 0, 30, 45, 478292, tzinfo=datetime.timezone.utc), 'first_seen__998': datetime.datetime(2026, 8, 12, 0, 30, 45, 478291, tzinfo=datetime.timezone.utc), 'item_city__998': 'Melbourne', 'price__998': Decimal('85.00'), 'title__998': '[Use code ADDMORE] LEGO 21028 ARCHITECTURE New York City BRAND NEW', 'ebay_item_id__998': 'v1|327304537052|0', 'item_created_at__998': datetime.datetime(2026, 8, 11, 3, 55, 19, tzinfo=datetime.timezone.utc), 'categories__998': '[{"categoryId": "19006", "categoryName": "LEGO (R) Complete Sets & Packs"}, {"categoryId": "220", "categoryName": "Toys & Hobbies"}, {"categoryId": "183446", "categoryName": "Building Toys"}, {"categoryId": "183447", "categoryName": "LEGO (R) Building Toys"}]', 'seller_feedback_percent__998': 100.0, 'condition__998': 'New', 'item_country__998': 'AU', 'affiliate_url__998': 'https://www.ebay.com.au/itm/327304537052?_skw=lego&hash=item4c34dee3dc%3Ag%3AS4kAAeSwI-tpXfPi&mkevt=1&mkcid=1&mkrid=705-53470-19255-0&campid=5339151267&customid=&toolid=10049', 'postal_code__998': '3***', 'currency__998': 'AUD', 'image_urls__998': '["https://i.ebayimg.com/images/g/S4kAAeSwI-tpXfPi/s-l225.jpg", "https://i.ebayimg.com/images/g/S4kAAeSwI-tpXfPi/s-l1600.jpg"]', 'seller_username__998': 'legodirect', 'buying_options__998': '["FIXED_PRICE"]', 'seller_feedback_score__998': 5961, 'sold_at__998': None, 'item_url__998': 'https://www.ebay.com.au/itm/327304537052?_skw=lego&hash=item4c34dee3dc:g:S4kAAeSwI-tpXfPi', 'marketplace__998': 'EBAY_AU', 'last_seen__998': datetime.datetime(2026, 8, 12, 0, 30, 45, 478292, tzinfo=datetime.timezone.utc), 'last_updated__999': datetime.datetime(2026, 8, 12, 0, 30, 45, 478294, tzinfo=datetime.timezone.utc), 'first_seen__999': datetime.datetime(2026, 8, 12, 0, 30, 45, 478293, tzinfo=datetime.timezone.utc), 'item_city__999': None, 'price__999': Decimal('64.00'), 'title__999': 'LEGO 75642 ONE PIECE Showdown with Captain Smoker *AU STOCK*', 'ebay_item_id__999': 'v1|257671941278|0', 'item_created_at__999': datetime.datetime(2026, 8, 10, 2, 33, 45, tzinfo=datetime.timezone.utc), 'categories__999': '[{"categoryId": "19006", "categoryName": "LEGO (R) Complete Sets & Packs"}, {"categoryId": "220", "categoryName": "Toys & Hobbies"}, {"categoryId": "183446", "categoryName": "Building Toys"}, {"categoryId": "183447", "categoryName": "LEGO (R) Building Toys"}]', 'seller_feedback_percent__999': 100.0, 'condition__999': 'New', 'item_country__999': 'AU', 'affiliate_url__999': 'https://www.ebay.com.au/itm/257671941278?_skw=lego&hash=item3bfe71cc9e%3Ag%3A1r0AAeSwWQxqeTiA&mkevt=1&mkcid=1&mkrid=705-53470-19255-0&campid=5339151267&customid=&toolid=10049', 'postal_code__999': None, 'currency__999': 'AUD', 'image_urls__999': '["https://i.ebayimg.com/images/g/1r0AAeSwWQxqeTiA/s-l225.jpg", "https://i.ebayimg.com/images/g/1r0AAeSwWQxqeTiA/s-l960.jpg"]', 'seller_username__999': 'ozonlinebuys', 'buying_options__999': '["FIXED_PRICE"]', 'seller_feedback_score__999': 20522, 'sold_at__999': None, 'item_url__999': 'https://www.ebay.com.au/itm/257671941278?_skw=lego&hash=item3bfe71cc9e:g:1r0AAeSwWQxqeTiA', 'marketplace__999': 'EBAY_AU', 'last_seen__999': datetime.datetime(2026, 8, 12, 0, 30, 45, 478294, tzinfo=datetime.timezone.utc)}]
(Background on this error at: https://sqlalche.me/e/20/e3q8)
2026-08-12 00:30:03 - Starting main_fetch.py job
EBAY_US: page 1
EBAY_US: page 2
EBAY_US: page 3
EBAY_US: page 4
EBAY_US: page 5
EBAY_US: fetched 1000 items
EBAY_AU: page 1
EBAY_AU: page 2
EBAY_AU: page 3
EBAY_AU: page 4
EBAY_AU: page 5
EBAY_AU: fetched 1000 items
EBAY_GB: page 1
EBAY_GB: page 2
EBAY_GB: page 3
EBAY_GB: page 4
EBAY_GB: page 5
EBAY_GB: fetched 1000 items
EBAY_DE: page 1
EBAY_DE: page 2
EBAY_DE: page 3
EBAY_DE: page 4
EBAY_DE: page 5
EBAY_DE: fetched 1000 items
Error occurred in main_fetch.py:
Finished main_fetch.py job
2026-08-12 04:30:04 - Starting main_fetch.py job
EBAY_US: page 1
EBAY_US: page 2
EBAY_US: page 3
EBAY_US: page 4
EBAY_US: page 5
EBAY_US: fetched 1000 items
EBAY_AU: page 1
EBAY_AU: page 2
EBAY_AU: page 3
EBAY_AU: page 4
EBAY_AU: page 5
EBAY_AU: fetched 1000 items
EBAY_GB: page 1
EBAY_GB: page 2
EBAY_GB: page 3
EBAY_GB: page 4
EBAY_GB: page 5
EBAY_GB: fetched 1000 items
EBAY_DE: page 1
EBAY_DE: page 2
EBAY_DE: page 3
EBAY_DE: page 4
EBAY_DE: page 5
EBAY_DE: fetched 1000 items
Inserted 3936 into temp db.
Fetched and saved 3936 summaries
History rows inserted: 1591
Marked 0 listings as sold.
Marked 285 listings as ended.
Finished main_fetch.py job
2026-08-12 08:30:04 - Starting main_fetch.py job
EBAY_US: page 1
EBAY_US: page 2
EBAY_US: page 3
EBAY_US: page 4
EBAY_US: page 5
EBAY_US: fetched 1000 items
EBAY_AU: page 1
EBAY_AU: page 2
EBAY_AU: page 3
EBAY_AU: page 4
EBAY_AU: page 5
EBAY_AU: fetched 1000 items
EBAY_GB: page 1
EBAY_GB: page 2
EBAY_GB: page 3
EBAY_GB: page 4
EBAY_GB: page 5
EBAY_GB: fetched 1000 items
EBAY_DE: page 1
EBAY_DE: page 2
EBAY_DE: page 3
EBAY_DE: page 4
EBAY_DE: page 5
EBAY_DE: fetched 1000 items
Inserted 3978 into temp db.
Fetched and saved 3978 summaries
History rows inserted: 265
Marked 0 listings as sold.
Marked 437 listings as ended.
Finished main_fetch.py job
2026-08-12 12:30:04 - Starting main_fetch.py job
EBAY_US: page 1
EBAY_US: page 2
EBAY_US: page 3
EBAY_US: page 4
EBAY_US: page 5
EBAY_US: fetched 1000 items
EBAY_AU: page 1
EBAY_AU: page 2
EBAY_AU: page 3
EBAY_AU: page 4
EBAY_AU: page 5
EBAY_AU: fetched 1000 items
EBAY_GB: page 1
EBAY_GB: page 2
EBAY_GB: page 3
EBAY_GB: page 4
EBAY_GB: page 5
EBAY_GB: fetched 1000 items
EBAY_DE: page 1
EBAY_DE: page 2
EBAY_DE: page 3
EBAY_DE: page 4
EBAY_DE: page 5
EBAY_DE: fetched 1000 items
Inserted 3927 into temp db.
Fetched and saved 3927 summaries
History rows inserted: 327
Marked 0 listings as sold.
Marked 279 listings as ended.
Finished main_fetch.py job
2026-08-12 16:30:04 - Starting main_fetch.py job
EBAY_US: page 1
EBAY_US: page 2
EBAY_US: page 3
EBAY_US: page 4
EBAY_US: page 5
EBAY_US: fetched 1000 items
EBAY_AU: page 1
EBAY_AU: page 2
EBAY_AU: page 3
EBAY_AU: page 4
EBAY_AU: page 5
EBAY_AU: fetched 1000 items
EBAY_GB: page 1
EBAY_GB: page 2
EBAY_GB: page 3
EBAY_GB: page 4
EBAY_GB: page 5
EBAY_GB: fetched 1000 items
EBAY_DE: page 1
EBAY_DE: page 2
EBAY_DE: page 3
EBAY_DE: page 4
EBAY_DE: page 5
EBAY_DE: fetched 1000 items
Inserted 3984 into temp db.
Fetched and saved 3984 summaries
History rows inserted: 229
Marked 0 listings as sold.
Marked 378 listings as ended.
Finished main_fetch.py job
2026-08-12 20:30:04 - Starting main_fetch.py job
EBAY_US: page 1
EBAY_US: page 2
EBAY_US: page 3
EBAY_US: page 4
EBAY_US: page 5
EBAY_US: fetched 1000 items
EBAY_AU: page 1
EBAY_AU: page 2
EBAY_AU: page 3
EBAY_AU: page 4
EBAY_AU: page 5
EBAY_AU: fetched 1000 items
EBAY_GB: page 1
EBAY_GB: page 2
EBAY_GB: page 3
EBAY_GB: page 4
EBAY_GB: page 5
EBAY_GB: fetched 1000 items
EBAY_DE: page 1
EBAY_DE: page 2
EBAY_DE: page 3
EBAY_DE: page 4
EBAY_DE: page 5
EBAY_DE: fetched 1000 items
Inserted 3901 into temp db.
Fetched and saved 3901 summaries
History rows inserted: 323
Marked 0 listings as sold.
Marked 224 listings as ended.
Finished main_fetch.py job
2026-08-13 00:30:03 - Starting main_fetch.py job
EBAY_US: page 1
EBAY_US: page 2
EBAY_US: page 3
EBAY_US: page 4
EBAY_US: page 5
EBAY_US: fetched 1000 items
EBAY_AU: page 1
EBAY_AU: page 2
EBAY_AU: page 3
EBAY_AU: page 4
EBAY_AU: page 5
EBAY_AU: fetched 1000 items
EBAY_GB: page 1
EBAY_GB: page 2
EBAY_GB: page 3
EBAY_GB: page 4
EBAY_GB: page 5
EBAY_GB: fetched 1000 items
EBAY_DE: page 1
EBAY_DE: page 2
EBAY_DE: page 3
EBAY_DE: page 4
EBAY_DE: page 5
EBAY_DE: fetched 1000 items
Inserted 3981 into temp db.
Fetched and saved 3981 summaries
History rows inserted: 166
Marked 0 listings as sold.
Marked 371 listings as ended.
Finished main_fetch.py job
2026-08-13 04:30:04 - Starting main_fetch.py job
EBAY_US: page 1
EBAY_US: page 2
EBAY_US: page 3
EBAY_US: page 4
EBAY_US: page 5
EBAY_US: fetched 1000 items
EBAY_AU: page 1
EBAY_AU: page 2
EBAY_AU: page 3
EBAY_AU: page 4
EBAY_AU: page 5
EBAY_AU: fetched 1000 items
EBAY_GB: page 1
EBAY_GB: page 2
EBAY_GB: page 3
EBAY_GB: page 4
EBAY_GB: page 5
EBAY_GB: fetched 1000 items
EBAY_DE: page 1
EBAY_DE: page 2
EBAY_DE: page 3
EBAY_DE: page 4
EBAY_DE: page 5
EBAY_DE: fetched 1000 items
Inserted 3809 into temp db.
Fetched and saved 3809 summaries
History rows inserted: 214
Marked 0 listings as sold.
Marked 220 listings as ended.
Finished main_fetch.py job
2026-08-13 08:30:04 - Starting main_fetch.py job
EBAY_US: page 1
EBAY_US: page 2
EBAY_US: page 3
EBAY_US: page 4
EBAY_US: page 5
EBAY_US: fetched 1000 items
EBAY_AU: page 1
EBAY_AU: page 2
EBAY_AU: page 3
EBAY_AU: page 4
EBAY_AU: page 5
EBAY_AU: fetched 1000 items
EBAY_GB: page 1
EBAY_GB: page 2
EBAY_GB: page 3
EBAY_GB: page 4
EBAY_GB: page 5
EBAY_GB: fetched 1000 items
EBAY_DE: page 1
EBAY_DE: page 2
EBAY_DE: page 3
EBAY_DE: page 4
EBAY_DE: page 5
EBAY_DE: fetched 1000 items
Inserted 3779 into temp db.
Fetched and saved 3779 summaries
History rows inserted: 179
Marked 0 listings as sold.
Marked 409 listings as ended.
Finished main_fetch.py job
2026-08-13 12:30:04 - Starting main_fetch.py job
EBAY_US: page 1
EBAY_US: page 2
EBAY_US: page 3
EBAY_US: page 4
EBAY_US: page 5
EBAY_US: fetched 1000 items
EBAY_AU: page 1
EBAY_AU: page 2
EBAY_AU: page 3
EBAY_AU: page 4
EBAY_AU: page 5
EBAY_AU: fetched 1000 items
EBAY_GB: page 1
EBAY_GB: page 2
EBAY_GB: page 3
EBAY_GB: page 4
EBAY_GB: page 5
EBAY_GB: fetched 1000 items
EBAY_DE: page 1
EBAY_DE: page 2
EBAY_DE: page 3
EBAY_DE: page 4
EBAY_DE: page 5
EBAY_DE: fetched 1000 items
Inserted 3844 into temp db.
Fetched and saved 3844 summaries
History rows inserted: 337
Marked 0 listings as sold.
Marked 187 listings as ended.
Finished main_fetch.py job
2026-08-13 16:30:04 - Starting main_fetch.py job
EBAY_US: page 1
EBAY_US: page 2
EBAY_US: page 3
EBAY_US: page 4
EBAY_US: page 5
EBAY_US: fetched 1000 items
EBAY_AU: page 1
EBAY_AU: page 2
EBAY_AU: page 3
EBAY_AU: page 4
EBAY_AU: page 5
EBAY_AU: fetched 1000 items
EBAY_GB: page 1
EBAY_GB: page 2
EBAY_GB: page 3
EBAY_GB: page 4
EBAY_GB: page 5
EBAY_GB: fetched 1000 items
EBAY_DE: page 1
EBAY_DE: page 2
EBAY_DE: page 3
EBAY_DE: page 4
EBAY_DE: page 5
EBAY_DE: fetched 1000 items
Inserted 3980 into temp db.
Fetched and saved 3980 summaries
History rows inserted: 225
Marked 0 listings as sold.
Marked 632 listings as ended.
Finished main_fetch.py job
2026-08-13 20:30:04 - Starting main_fetch.py job
EBAY_US: page 1
EBAY_US: page 2
EBAY_US: page 3
EBAY_US: page 4
EBAY_US: page 5
EBAY_US: fetched 1000 items
EBAY_AU: page 1
EBAY_AU: page 2
EBAY_AU: page 3
EBAY_AU: page 4
EBAY_AU: page 5
EBAY_AU: fetched 1000 items
EBAY_GB: page 1
EBAY_GB: page 2
EBAY_GB: page 3
EBAY_GB: page 4
EBAY_GB: page 5
EBAY_GB: fetched 1000 items
EBAY_DE: page 1
EBAY_DE: page 2
EBAY_DE: page 3
EBAY_DE: page 4
EBAY_DE: page 5
EBAY_DE: fetched 1000 items
Inserted 3938 into temp db.
Fetched and saved 3938 summaries
History rows inserted: 318
Marked 0 listings as sold.
Marked 323 listings as ended.
Finished main_fetch.py job
2026-08-14 00:30:04 - Starting main_fetch.py job
EBAY_US: page 1
EBAY_US: page 2
EBAY_US: page 3
EBAY_US: page 4
EBAY_US: page 5
EBAY_US: fetched 1000 items
EBAY_AU: page 1
EBAY_AU: page 2
EBAY_AU: page 3
EBAY_AU: page 4
EBAY_AU: page 5
EBAY_AU: fetched 1000 items
EBAY_GB: page 1
EBAY_GB: page 2
EBAY_GB: page 3
EBAY_GB: page 4
EBAY_GB: page 5
EBAY_GB: fetched 1000 items
EBAY_DE: page 1
EBAY_DE: page 2
EBAY_DE: page 3
EBAY_DE: page 4
EBAY_DE: page 5
EBAY_DE: fetched 1000 items
Inserted 3976 into temp db.
Fetched and saved 3976 summaries
History rows inserted: 160
Marked 0 listings as sold.
Marked 1993 listings as ended.
Finished main_fetch.py job
2026-08-14 04:30:04 - Starting main_fetch.py job
EBAY_US: page 1
EBAY_US: page 2
EBAY_US: page 3
EBAY_US: page 4
EBAY_US: page 5
EBAY_US: fetched 1000 items
EBAY_AU: page 1
EBAY_AU: page 2
EBAY_AU: page 3
EBAY_AU: page 4
EBAY_AU: page 5
EBAY_AU: fetched 1000 items
EBAY_GB: page 1
EBAY_GB: page 2
EBAY_GB: page 3
EBAY_GB: page 4
EBAY_GB: page 5
EBAY_GB: fetched 1000 items
EBAY_DE: page 1
EBAY_DE: page 2
EBAY_DE: page 3
EBAY_DE: page 4
EBAY_DE: page 5
EBAY_DE: fetched 1000 items
Inserted 3909 into temp db.
Fetched and saved 3909 summaries
History rows inserted: 357
Marked 0 listings as sold.
Marked 194 listings as ended.
Finished main_fetch.py job
2026-08-14 08:30:04 - Starting main_fetch.py job
EBAY_US: page 1
EBAY_US: page 2
EBAY_US: page 3
EBAY_US: page 4
EBAY_US: page 5
EBAY_US: fetched 1000 items
EBAY_AU: page 1
EBAY_AU: page 2
EBAY_AU: page 3
EBAY_AU: page 4
EBAY_AU: page 5
EBAY_AU: fetched 1000 items
EBAY_GB: page 1
EBAY_GB: page 2
EBAY_GB: page 3
EBAY_GB: page 4
EBAY_GB: page 5
EBAY_GB: fetched 1000 items
EBAY_DE: page 1
EBAY_DE: page 2
EBAY_DE: page 3
EBAY_DE: page 4
EBAY_DE: page 5
EBAY_DE: fetched 1000 items
Inserted 3969 into temp db.
Fetched and saved 3969 summaries
History rows inserted: 201
Marked 0 listings as sold.
Marked 331 listings as ended.
Finished main_fetch.py job
2026-08-14 12:30:04 - Starting main_fetch.py job
EBAY_US: page 1
EBAY_US: page 2
EBAY_US: page 3
EBAY_US: page 4
EBAY_US: page 5
EBAY_US: fetched 1000 items
EBAY_AU: page 1
EBAY_AU: page 2
EBAY_AU: page 3
EBAY_AU: page 4
EBAY_AU: page 5
EBAY_AU: fetched 1000 items
EBAY_GB: page 1
EBAY_GB: page 2
EBAY_GB: page 3
EBAY_GB: page 4
EBAY_GB: page 5
EBAY_GB: fetched 1000 items
EBAY_DE: page 1
EBAY_DE: page 2
EBAY_DE: page 3
EBAY_DE: page 4
EBAY_DE: page 5
EBAY_DE: fetched 1000 items
Inserted 3888 into temp db.
Fetched and saved 3888 summaries
History rows inserted: 260
Marked 0 listings as sold.
Marked 199 listings as ended.
Finished main_fetch.py job
2026-08-14 16:30:03 - Starting main_fetch.py job
EBAY_US: page 1
EBAY_US: page 2
EBAY_US: page 3
EBAY_US: page 4
EBAY_US: page 5
EBAY_US: fetched 1000 items
EBAY_AU: page 1
EBAY_AU: page 2
EBAY_AU: page 3
EBAY_AU: page 4
EBAY_AU: page 5
EBAY_AU: fetched 1000 items
EBAY_GB: page 1
EBAY_GB: page 2
EBAY_GB: page 3
EBAY_GB: page 4
EBAY_GB: page 5
EBAY_GB: fetched 1000 items
EBAY_DE: page 1
EBAY_DE: page 2
EBAY_DE: page 3
EBAY_DE: page 4
EBAY_DE: page 5
EBAY_DE: fetched 1000 items
Inserted 3966 into temp db.
Fetched and saved 3966 summaries
History rows inserted: 174
Marked 0 listings as sold.
Marked 388 listings as ended.
Finished main_fetch.py job
2026-08-14 20:30:03 - Starting main_fetch.py job
EBAY_US: page 1
EBAY_US: page 2
EBAY_US: page 3
EBAY_US: page 4
EBAY_US: page 5
EBAY_US: fetched 1000 items
EBAY_AU: page 1
EBAY_AU: page 2
EBAY_AU: page 3
EBAY_AU: page 4
EBAY_AU: page 5
EBAY_AU: fetched 1000 items
EBAY_GB: page 1
EBAY_GB: page 2
EBAY_GB: page 3
EBAY_GB: page 4
EBAY_GB: page 5
EBAY_GB: fetched 1000 items
EBAY_DE: page 1
EBAY_DE: page 2
EBAY_DE: page 3
EBAY_DE: page 4
EBAY_DE: page 5
EBAY_DE: fetched 1000 items
Inserted 3922 into temp db.
Fetched and saved 3922 summaries
History rows inserted: 282
Marked 0 listings as sold.
Marked 196 listings as ended.
Finished main_fetch.py job
2026-08-15 00:30:04 - Starting main_fetch.py job
EBAY_US: page 1
EBAY_US: page 2
EBAY_US: page 3
EBAY_US: page 4
EBAY_US: page 5
EBAY_US: fetched 1000 items
EBAY_AU: page 1
EBAY_AU: page 2
EBAY_AU: page 3
EBAY_AU: page 4
EBAY_AU: page 5
EBAY_AU: fetched 1000 items
EBAY_GB: page 1
EBAY_GB: page 2
EBAY_GB: page 3
EBAY_GB: page 4
EBAY_GB: page 5
EBAY_GB: fetched 1000 items
EBAY_DE: page 1
EBAY_DE: page 2
EBAY_DE: page 3
EBAY_DE: page 4
EBAY_DE: page 5
EBAY_DE: fetched 1000 items
Inserted 3971 into temp db.
Fetched and saved 3971 summaries
History rows inserted: 162
Marked 0 listings as sold.
Marked 222 listings as ended.
Finished main_fetch.py job
2026-08-15 04:30:04 - Starting main_fetch.py job
EBAY_US: page 1
EBAY_US: page 2
EBAY_US: page 3
EBAY_US: page 4
EBAY_US: page 5
EBAY_US: fetched 1000 items
EBAY_AU: page 1
EBAY_AU: page 2
EBAY_AU: page 3
EBAY_AU: page 4
EBAY_AU: page 5
EBAY_AU: fetched 1000 items
EBAY_GB: page 1
EBAY_GB: page 2
EBAY_GB: page 3
EBAY_GB: page 4
EBAY_GB: page 5
EBAY_GB: fetched 1000 items
EBAY_DE: page 1
EBAY_DE: page 2
EBAY_DE: page 3
EBAY_DE: page 4
EBAY_DE: page 5
EBAY_DE: fetched 1000 items
Inserted 3975 into temp db.
Fetched and saved 3975 summaries
History rows inserted: 354
Marked 0 listings as sold.
Marked 193 listings as ended.
Finished main_fetch.py job
2026-08-15 08:30:03 - Starting main_fetch.py job
EBAY_US: page 1
EBAY_US: page 2
EBAY_US: page 3
EBAY_US: page 4
EBAY_US: page 5
EBAY_US: fetched 1000 items
EBAY_AU: page 1
EBAY_AU: page 2
EBAY_AU: page 3
EBAY_AU: page 4
EBAY_AU: page 5
EBAY_AU: fetched 1000 items
EBAY_GB: page 1
EBAY_GB: page 2
EBAY_GB: page 3
EBAY_GB: page 4
EBAY_GB: page 5
EBAY_GB: fetched 1000 items
EBAY_DE: page 1
EBAY_DE: page 2
EBAY_DE: page 3
EBAY_DE: page 4
EBAY_DE: page 5
EBAY_DE: fetched 1000 items
Inserted 3967 into temp db.
Fetched and saved 3967 summaries
History rows inserted: 163
Marked 0 listings as sold.
Marked 348 listings as ended.
Finished main_fetch.py job
2026-08-15 12:30:04 - Starting main_fetch.py job
EBAY_US: page 1
EBAY_US: page 2
EBAY_US: page 3
EBAY_US: page 4
EBAY_US: page 5
EBAY_US: fetched 1000 items
EBAY_AU: page 1
EBAY_AU: page 2
EBAY_AU: page 3
EBAY_AU: page 4
EBAY_AU: page 5
EBAY_AU: fetched 1000 items
EBAY_GB: page 1
EBAY_GB: page 2
EBAY_GB: page 3
EBAY_GB: page 4
EBAY_GB: page 5
EBAY_GB: fetched 1000 items
EBAY_DE: page 1
EBAY_DE: page 2
EBAY_DE: page 3
EBAY_DE: page 4
EBAY_DE: page 5
EBAY_DE: fetched 1000 items
Inserted 3966 into temp db.
Fetched and saved 3966 summaries
History rows inserted: 261
Marked 0 listings as sold.
Marked 248 listings as ended.
Finished main_fetch.py job
2026-08-15 16:30:04 - Starting main_fetch.py job
EBAY_US: page 1
EBAY_US: page 2
EBAY_US: page 3
EBAY_US: page 4
EBAY_US: page 5
EBAY_US: fetched 1000 items
EBAY_AU: page 1
EBAY_AU: page 2
EBAY_AU: page 3
EBAY_AU: page 4
EBAY_AU: page 5
EBAY_AU: fetched 1000 items
EBAY_GB: page 1
EBAY_GB: page 2
EBAY_GB: page 3
EBAY_GB: page 4
EBAY_GB: page 5
EBAY_GB: fetched 1000 items
EBAY_DE: page 1
EBAY_DE: page 2
EBAY_DE: page 3
EBAY_DE: page 4
EBAY_DE: page 5
EBAY_DE: fetched 1000 items
Inserted 3975 into temp db.
Fetched and saved 3975 summaries
History rows inserted: 195
Marked 0 listings as sold.
Marked 401 listings as ended.
Finished main_fetch.py job
2026-08-15 20:30:04 - Starting main_fetch.py job
EBAY_US: page 1
EBAY_US: page 2
EBAY_US: page 3
EBAY_US: page 4
EBAY_US: page 5
EBAY_US: fetched 1000 items
EBAY_AU: page 1
EBAY_AU: page 2
EBAY_AU: page 3
EBAY_AU: page 4
EBAY_AU: page 5
EBAY_AU: fetched 1000 items
EBAY_GB: page 1
EBAY_GB: page 2
EBAY_GB: page 3
EBAY_GB: page 4
EBAY_GB: page 5
EBAY_GB: fetched 1000 items
EBAY_DE: page 1
EBAY_DE: page 2
EBAY_DE: page 3
EBAY_DE: page 4
EBAY_DE: page 5
EBAY_DE: fetched 1000 items
Inserted 3885 into temp db.
Fetched and saved 3885 summaries
History rows inserted: 358
Marked 0 listings as sold.
Marked 202 listings as ended.
Finished main_fetch.py job
2026-08-16 00:30:03 - Starting main_fetch.py job
EBAY_US: page 1
EBAY_US: page 2
EBAY_US: page 3
EBAY_US: page 4
EBAY_US: page 5
EBAY_US: fetched 1000 items
EBAY_AU: page 1
EBAY_AU: page 2
EBAY_AU: page 3
EBAY_AU: page 4
EBAY_AU: page 5
EBAY_AU: fetched 1000 items
EBAY_GB: page 1
EBAY_GB: page 2
EBAY_GB: page 3
EBAY_GB: page 4
EBAY_GB: page 5
EBAY_GB: fetched 1000 items
EBAY_DE: page 1
EBAY_DE: page 2
EBAY_DE: page 3
EBAY_DE: page 4
EBAY_DE: page 5
EBAY_DE: fetched 1000 items
Inserted 3956 into temp db.
Fetched and saved 3956 summaries
History rows inserted: 159
Marked 0 listings as sold.
Marked 483 listings as ended.
Finished main_fetch.py job
2026-08-16 04:30:04 - Starting main_fetch.py job
EBAY_US: page 1
EBAY_US: page 2
EBAY_US: page 3
EBAY_US: page 4
EBAY_US: page 5
EBAY_US: fetched 1000 items
EBAY_AU: page 1
EBAY_AU: page 2
EBAY_AU: page 3
EBAY_AU: page 4
EBAY_AU: page 5
EBAY_AU: fetched 1000 items
EBAY_GB: page 1
EBAY_GB: page 2
EBAY_GB: page 3
EBAY_GB: page 4
EBAY_GB: page 5
EBAY_GB: fetched 1000 items
EBAY_DE: page 1
EBAY_DE: page 2
EBAY_DE: page 3
EBAY_DE: page 4
EBAY_DE: page 5
EBAY_DE: fetched 1000 items
Inserted 3761 into temp db.
Fetched and saved 3761 summaries
History rows inserted: 348
Marked 0 listings as sold.
Marked 198 listings as ended.
Finished main_fetch.py job
2026-08-16 08:30:04 - Starting main_fetch.py job
EBAY_US: page 1
EBAY_US: page 2
EBAY_US: page 3
EBAY_US: page 4
EBAY_US: page 5
EBAY_US: fetched 1000 items
EBAY_AU: page 1
EBAY_AU: page 2
EBAY_AU: page 3
EBAY_AU: page 4
EBAY_AU: page 5
EBAY_AU: fetched 1000 items
EBAY_GB: page 1
EBAY_GB: page 2
EBAY_GB: page 3
EBAY_GB: page 4
EBAY_GB: page 5
EBAY_GB: fetched 1000 items
EBAY_DE: page 1
EBAY_DE: page 2
EBAY_DE: page 3
EBAY_DE: page 4
EBAY_DE: page 5
EBAY_DE: fetched 1000 items
Inserted 3974 into temp db.
Fetched and saved 3974 summaries
History rows inserted: 193
Marked 0 listings as sold.
Marked 293 listings as ended.
Finished main_fetch.py job
2026-08-16 12:30:04 - Starting main_fetch.py job
EBAY_US: page 1
EBAY_US: page 2
EBAY_US: page 3
EBAY_US: page 4
EBAY_US: page 5
EBAY_US: fetched 1000 items
EBAY_AU: page 1
EBAY_AU: page 2
EBAY_AU: page 3
EBAY_AU: page 4
EBAY_AU: page 5
EBAY_AU: fetched 1000 items
EBAY_GB: page 1
EBAY_GB: page 2
EBAY_GB: page 3
EBAY_GB: page 4
EBAY_GB: page 5
EBAY_GB: fetched 1000 items
EBAY_DE: page 1
EBAY_DE: page 2
EBAY_DE: page 3
EBAY_DE: page 4
EBAY_DE: page 5
EBAY_DE: fetched 1000 items
Inserted 3849 into temp db.
Fetched and saved 3849 summaries
History rows inserted: 252
Marked 0 listings as sold.
Marked 191 listings as ended.
Finished main_fetch.py job
2026-08-16 16:30:04 - Starting main_fetch.py job
EBAY_US: page 1
EBAY_US: page 2
EBAY_US: page 3
EBAY_US: page 4
EBAY_US: page 5
EBAY_US: fetched 1000 items
EBAY_AU: page 1
EBAY_AU: page 2
EBAY_AU: page 3
EBAY_AU: page 4
EBAY_AU: page 5
EBAY_AU: fetched 1000 items
EBAY_GB: page 1
EBAY_GB: page 2
EBAY_GB: page 3
EBAY_GB: page 4
EBAY_GB: page 5
EBAY_GB: fetched 1000 items
EBAY_DE: page 1
EBAY_DE: page 2
EBAY_DE: page 3
EBAY_DE: page 4
EBAY_DE: page 5
EBAY_DE: fetched 1000 items
Inserted 3893 into temp db.
Fetched and saved 3893 summaries
History rows inserted: 255
Marked 0 listings as sold.
Marked 416 listings as ended.
Finished main_fetch.py job
2026-08-16 20:30:04 - Starting main_fetch.py job
EBAY_US: page 1
EBAY_US: page 2
EBAY_US: page 3
EBAY_US: page 4
EBAY_US: page 5
EBAY_US: fetched 1000 items
EBAY_AU: page 1
EBAY_AU: page 2
EBAY_AU: page 3
EBAY_AU: page 4
EBAY_AU: page 5
EBAY_AU: fetched 1000 items
EBAY_GB: page 1
EBAY_GB: page 2
EBAY_GB: page 3
EBAY_GB: page 4
EBAY_GB: page 5
EBAY_GB: fetched 1000 items
EBAY_DE: page 1
EBAY_DE: page 2
EBAY_DE: page 3
EBAY_DE: page 4
EBAY_DE: page 5
EBAY_DE: fetched 1000 items
Inserted 3974 into temp db.
Fetched and saved 3974 summaries
History rows inserted: 348
Marked 0 listings as sold.
Marked 163 listings as ended.
Finished main_fetch.py job
2026-08-17 00:30:04 - Starting main_fetch.py job
EBAY_US: page 1
EBAY_US: page 2
EBAY_US: page 3
EBAY_US: page 4
EBAY_US: page 5
EBAY_US: fetched 1000 items
EBAY_AU: page 1
EBAY_AU: page 2
EBAY_AU: page 3
EBAY_AU: page 4
EBAY_AU: page 5
EBAY_AU: fetched 1000 items
EBAY_GB: page 1
EBAY_GB: page 2
EBAY_GB: page 3
EBAY_GB: page 4
EBAY_GB: page 5
EBAY_GB: fetched 1000 items
EBAY_DE: page 1
EBAY_DE: page 2
EBAY_DE: page 3
EBAY_DE: page 4
EBAY_DE: page 5
EBAY_DE: fetched 1000 items
Inserted 3968 into temp db.
Fetched and saved 3968 summaries
History rows inserted: 151
Marked 0 listings as sold.
Marked 431 listings as ended.
Finished main_fetch.py job
2026-08-17 04:30:04 - Starting main_fetch.py job
EBAY_US: page 1
EBAY_US: page 2
EBAY_US: page 3
EBAY_US: page 4
EBAY_US: page 5
EBAY_US: fetched 1000 items
EBAY_AU: page 1
EBAY_AU: page 2
EBAY_AU: page 3
EBAY_AU: page 4
EBAY_AU: page 5
EBAY_AU: fetched 1000 items
EBAY_GB: page 1
EBAY_GB: page 2
EBAY_GB: page 3
EBAY_GB: page 4
EBAY_GB: page 5
EBAY_GB: fetched 1000 items
EBAY_DE: page 1
EBAY_DE: page 2
EBAY_DE: page 3
EBAY_DE: page 4
EBAY_DE: page 5
EBAY_DE: fetched 1000 items
Inserted 3785 into temp db.
Fetched and saved 3785 summaries
History rows inserted: 329
Marked 0 listings as sold.
Marked 168 listings as ended.
Finished main_fetch.py job
2026-08-17 08:30:04 - Starting main_fetch.py job
EBAY_US: page 1
EBAY_US: page 2
EBAY_US: page 3
EBAY_US: page 4
EBAY_US: page 5
EBAY_US: fetched 1000 items
EBAY_AU: page 1
EBAY_AU: page 2
EBAY_AU: page 3
EBAY_AU: page 4
EBAY_AU: page 5
EBAY_AU: fetched 1000 items
EBAY_GB: page 1
EBAY_GB: page 2
EBAY_GB: page 3
EBAY_GB: page 4
EBAY_GB: page 5
EBAY_GB: fetched 1000 items
EBAY_DE: page 1
EBAY_DE: page 2
EBAY_DE: page 3
EBAY_DE: page 4
EBAY_DE: page 5
EBAY_DE: fetched 1000 items
Inserted 3800 into temp db.
Fetched and saved 3800 summaries
History rows inserted: 153
Marked 0 listings as sold.
Marked 342 listings as ended.
Finished main_fetch.py job
2026-08-17 12:30:04 - Starting main_fetch.py job
EBAY_US: page 1
EBAY_US: page 2
EBAY_US: page 3
EBAY_US: page 4
EBAY_US: page 5
EBAY_US: fetched 1000 items
EBAY_AU: page 1
EBAY_AU: page 2
EBAY_AU: page 3
EBAY_AU: page 4
EBAY_AU: page 5
EBAY_AU: fetched 1000 items
EBAY_GB: page 1
EBAY_GB: page 2
EBAY_GB: page 3
EBAY_GB: page 4
EBAY_GB: page 5
EBAY_GB: fetched 1000 items
EBAY_DE: page 1
EBAY_DE: page 2
EBAY_DE: page 3
EBAY_DE: page 4
EBAY_DE: page 5
EBAY_DE: fetched 1000 items
Inserted 3925 into temp db.
Fetched and saved 3925 summaries
History rows inserted: 326
Marked 0 listings as sold.
Marked 194 listings as ended.
Finished main_fetch.py job
2026-08-17 16:30:03 - Starting main_fetch.py job
EBAY_US: page 1
EBAY_US: page 2
EBAY_US: page 3
EBAY_US: page 4
EBAY_US: page 5
EBAY_US: fetched 1000 items
EBAY_AU: page 1
EBAY_AU: page 2
EBAY_AU: page 3
EBAY_AU: page 4
EBAY_AU: page 5
EBAY_AU: fetched 1000 items
EBAY_GB: page 1
EBAY_GB: page 2
EBAY_GB: page 3
EBAY_GB: page 4
EBAY_GB: page 5
EBAY_GB: fetched 1000 items
EBAY_DE: page 1
EBAY_DE: page 2
EBAY_DE: page 3
EBAY_DE: page 4
EBAY_DE: page 5
EBAY_DE: fetched 1000 items
Inserted 3980 into temp db.
Fetched and saved 3980 summaries
History rows inserted: 154
Marked 0 listings as sold.
Marked 458 listings as ended.
Finished main_fetch.py job
2026-08-17 20:30:04 - Starting main_fetch.py job
EBAY_US: page 1
EBAY_US: page 2
EBAY_US: page 3
EBAY_US: page 4
EBAY_US: page 5
EBAY_US: fetched 1000 items
EBAY_AU: page 1
EBAY_AU: page 2
EBAY_AU: page 3
EBAY_AU: page 4
EBAY_AU: page 5
EBAY_AU: fetched 1000 items
EBAY_GB: page 1
EBAY_GB: page 2
EBAY_GB: page 3
EBAY_GB: page 4
EBAY_GB: page 5
EBAY_GB: fetched 1000 items
EBAY_DE: page 1
EBAY_DE: page 2
EBAY_DE: page 3
EBAY_DE: page 4
EBAY_DE: page 5
EBAY_DE: fetched 1000 items
Inserted 3967 into temp db.
Fetched and saved 3967 summaries
History rows inserted: 318
Marked 0 listings as sold.
Marked 235 listings as ended.
Finished main_fetch.py job
2026-08-18 00:30:04 - Starting main_fetch.py job
EBAY_US: page 1
EBAY_US: page 2
EBAY_US: page 3
EBAY_US: page 4
EBAY_US: page 5
EBAY_US: fetched 1000 items
EBAY_AU: page 1
EBAY_AU: page 2
EBAY_AU: page 3
EBAY_AU: page 4
EBAY_AU: page 5
EBAY_AU: fetched 1000 items
EBAY_GB: page 1
EBAY_GB: page 2
EBAY_GB: page 3
EBAY_GB: page 4
EBAY_GB: page 5
EBAY_GB: fetched 1000 items
EBAY_DE: page 1
EBAY_DE: page 2
EBAY_DE: page 3
EBAY_DE: page 4
EBAY_DE: page 5
EBAY_DE: fetched 1000 items
Inserted 3961 into temp db.
Fetched and saved 3961 summaries
History rows inserted: 144
Marked 0 listings as sold.
Marked 350 listings as ended.
Finished main_fetch.py job
2026-08-18 04:30:04 - Starting main_fetch.py job
EBAY_US: page 1
EBAY_US: page 2
EBAY_US: page 3
EBAY_US: page 4
EBAY_US: page 5
EBAY_US: fetched 1000 items
EBAY_AU: page 1
EBAY_AU: page 2
EBAY_AU: page 3
EBAY_AU: page 4
EBAY_AU: page 5
EBAY_AU: fetched 1000 items
EBAY_GB: page 1
EBAY_GB: page 2
EBAY_GB: page 3
EBAY_GB: page 4
EBAY_GB: page 5
EBAY_GB: fetched 1000 items
EBAY_DE: page 1
EBAY_DE: page 2
EBAY_DE: page 3
EBAY_DE: page 4
EBAY_DE: page 5
EBAY_DE: fetched 1000 items
Inserted 3859 into temp db.
Fetched and saved 3859 summaries
History rows inserted: 350
Marked 0 listings as sold.
Marked 306 listings as ended.
Finished main_fetch.py job
2026-08-18 08:30:04 - Starting main_fetch.py job
EBAY_US: page 1
EBAY_US: page 2
EBAY_US: page 3
EBAY_US: page 4
EBAY_US: page 5
EBAY_US: fetched 1000 items
EBAY_AU: page 1
EBAY_AU: page 2
EBAY_AU: page 3
EBAY_AU: page 4
EBAY_AU: page 5
EBAY_AU: fetched 1000 items
EBAY_GB: page 1
EBAY_GB: page 2
EBAY_GB: page 3
EBAY_GB: page 4
EBAY_GB: page 5
EBAY_GB: fetched 1000 items
EBAY_DE: page 1
EBAY_DE: page 2
EBAY_DE: page 3
EBAY_DE: page 4
EBAY_DE: page 5
EBAY_DE: fetched 1000 items
Inserted 3953 into temp db.
Fetched and saved 3953 summaries
History rows inserted: 209
Marked 0 listings as sold.
Marked 222 listings as ended.
Finished main_fetch.py job
2026-08-18 12:30:04 - Starting main_fetch.py job
EBAY_US: page 1
EBAY_US: page 2
EBAY_US: page 3
EBAY_US: page 4
EBAY_US: page 5
EBAY_US: fetched 1000 items
EBAY_AU: page 1
EBAY_AU: page 2
EBAY_AU: page 3
EBAY_AU: page 4
EBAY_AU: page 5
EBAY_AU: fetched 1000 items
EBAY_GB: page 1
EBAY_GB: page 2
EBAY_GB: page 3
EBAY_GB: page 4
EBAY_GB: page 5
EBAY_GB: fetched 1000 items
EBAY_DE: page 1
EBAY_DE: page 2
EBAY_DE: page 3
EBAY_DE: page 4
EBAY_DE: page 5
EBAY_DE: fetched 1000 items
Inserted 3889 into temp db.
Fetched and saved 3889 summaries
History rows inserted: 283
Marked 0 listings as sold.
Marked 297 listings as ended.
Finished main_fetch.py job
2026-08-18 16:30:03 - Starting main_fetch.py job
EBAY_US: page 1
EBAY_US: page 2
EBAY_US: page 3
EBAY_US: page 4
EBAY_US: page 5
EBAY_US: fetched 1000 items
EBAY_AU: page 1
EBAY_AU: page 2
EBAY_AU: page 3
EBAY_AU: page 4
EBAY_AU: page 5
EBAY_AU: fetched 1000 items
EBAY_GB: page 1
EBAY_GB: page 2
EBAY_GB: page 3
EBAY_GB: page 4
EBAY_GB: page 5
EBAY_GB: fetched 1000 items
EBAY_DE: page 1
EBAY_DE: page 2
EBAY_DE: page 3
EBAY_DE: page 4
EBAY_DE: page 5
EBAY_DE: fetched 1000 items
Inserted 3969 into temp db.
Fetched and saved 3969 summaries
History rows inserted: 182
Marked 0 listings as sold.
Marked 516 listings as ended.
Finished main_fetch.py job
2026-08-18 20:30:04 - Starting main_fetch.py job
EBAY_US: page 1
EBAY_US: page 2
EBAY_US: page 3
EBAY_US: page 4
EBAY_US: page 5
EBAY_US: fetched 1000 items
EBAY_AU: page 1
EBAY_AU: page 2
EBAY_AU: page 3
EBAY_AU: page 4
EBAY_AU: page 5
EBAY_AU: fetched 1000 items
EBAY_GB: page 1
EBAY_GB: page 2
EBAY_GB: page 3
EBAY_GB: page 4
EBAY_GB: page 5
EBAY_GB: fetched 1000 items
EBAY_DE: page 1
EBAY_DE: page 2
EBAY_DE: page 3
EBAY_DE: page 4
EBAY_DE: page 5
EBAY_DE: fetched 1000 items
Inserted 3838 into temp db.
Fetched and saved 3838 summaries
History rows inserted: 315
Marked 0 listings as sold.
Marked 153 listings as ended.
Finished main_fetch.py job
2026-08-19 00:30:03 - Starting main_fetch.py job
EBAY_US: page 1
EBAY_US: page 2
EBAY_US: page 3
EBAY_US: page 4
EBAY_US: page 5
EBAY_US: fetched 1000 items
EBAY_AU: page 1
EBAY_AU: page 2
EBAY_AU: page 3
EBAY_AU: page 4
EBAY_AU: page 5
EBAY_AU: fetched 1000 items
EBAY_GB: page 1
EBAY_GB: page 2
EBAY_GB: page 3
EBAY_GB: page 4
EBAY_GB: page 5
EBAY_GB: fetched 1000 items
EBAY_DE: page 1
EBAY_DE: page 2
EBAY_DE: page 3
EBAY_DE: page 4
EBAY_DE: page 5
EBAY_DE: fetched 1000 items
Inserted 3962 into temp db.
Fetched and saved 3962 summaries
History rows inserted: 199
Marked 0 listings as sold.
Marked 314 listings as ended.
Finished main_fetch.py job
2026-08-19 04:30:04 - Starting main_fetch.py job
EBAY_US: page 1
EBAY_US: page 2
EBAY_US: page 3
EBAY_US: page 4
EBAY_US: page 5
EBAY_US: fetched 1000 items
EBAY_AU: page 1
EBAY_AU: page 2
EBAY_AU: page 3
EBAY_AU: page 4
EBAY_AU: page 5
EBAY_AU: fetched 1000 items
EBAY_GB: page 1
EBAY_GB: page 2
EBAY_GB: page 3
EBAY_GB: page 4
EBAY_GB: page 5
EBAY_GB: fetched 1000 items
EBAY_DE: page 1
EBAY_DE: page 2
EBAY_DE: page 3
EBAY_DE: page 4
EBAY_DE: page 5
EBAY_DE: fetched 1000 items
Inserted 3943 into temp db.
Fetched and saved 3943 summaries
History rows inserted: 378
Marked 0 listings as sold.
Marked 191 listings as ended.
Finished main_fetch.py job
2026-08-19 08:30:03 - Starting main_fetch.py job
EBAY_US: page 1
EBAY_US: page 2
EBAY_US: page 3
EBAY_US: page 4
EBAY_US: page 5
EBAY_US: fetched 1000 items
EBAY_AU: page 1
EBAY_AU: page 2
EBAY_AU: page 3
EBAY_AU: page 4
EBAY_AU: page 5
EBAY_AU: fetched 1000 items
EBAY_GB: page 1
EBAY_GB: page 2
EBAY_GB: page 3
EBAY_GB: page 4
EBAY_GB: page 5
EBAY_GB: fetched 1000 items
EBAY_DE: page 1
EBAY_DE: page 2
EBAY_DE: page 3
EBAY_DE: page 4
EBAY_DE: page 5
EBAY_DE: fetched 1000 items
Inserted 3956 into temp db.
Fetched and saved 3956 summaries
History rows inserted: 145
Marked 0 listings as sold.
Marked 397 listings as ended.
Finished main_fetch.py job
2026-08-19 12:30:03 - Starting main_fetch.py job
EBAY_US: page 1
EBAY_US: page 2
EBAY_US: page 3
EBAY_US: page 4
EBAY_US: page 5
EBAY_US: fetched 1000 items
EBAY_AU: page 1
EBAY_AU: page 2
EBAY_AU: page 3
EBAY_AU: page 4
EBAY_AU: page 5
EBAY_AU: fetched 1000 items
EBAY_GB: page 1
EBAY_GB: page 2
EBAY_GB: page 3
EBAY_GB: page 4
EBAY_GB: page 5
EBAY_GB: fetched 1000 items
EBAY_DE: page 1
EBAY_DE: page 2
EBAY_DE: page 3
EBAY_DE: page 4
EBAY_DE: page 5
EBAY_DE: fetched 1000 items
Inserted 3931 into temp db.
Fetched and saved 3931 summaries
History rows inserted: 308
Marked 0 listings as sold.
Marked 204 listings as ended.
Finished main_fetch.py job
2026-08-19 16:30:04 - Starting main_fetch.py job
EBAY_US: page 1
EBAY_US: page 2
EBAY_US: page 3
EBAY_US: page 4
EBAY_US: page 5
EBAY_US: fetched 1000 items
EBAY_AU: page 1
EBAY_AU: page 2
EBAY_AU: page 3
EBAY_AU: page 4
EBAY_AU: page 5
EBAY_AU: fetched 1000 items
EBAY_GB: page 1
EBAY_GB: page 2
EBAY_GB: page 3
EBAY_GB: page 4
EBAY_GB: page 5
EBAY_GB: fetched 1000 items
EBAY_DE: page 1
EBAY_DE: page 2
EBAY_DE: page 3
EBAY_DE: page 4
EBAY_DE: page 5
EBAY_DE: fetched 1000 items
Inserted 3975 into temp db.
Fetched and saved 3975 summaries
History rows inserted: 229
Marked 0 listings as sold.
Marked 424 listings as ended.
Finished main_fetch.py job
2026-08-19 20:30:04 - Starting main_fetch.py job
EBAY_US: page 1
EBAY_US: page 2
EBAY_US: page 3
EBAY_US: page 4
EBAY_US: page 5
EBAY_US: fetched 1000 items
EBAY_AU: page 1
EBAY_AU: page 2
EBAY_AU: page 3
EBAY_AU: page 4
EBAY_AU: page 5
EBAY_AU: fetched 1000 items
EBAY_GB: page 1
EBAY_GB: page 2
EBAY_GB: page 3
EBAY_GB: page 4
EBAY_GB: page 5
EBAY_GB: fetched 1000 items
EBAY_DE: page 1
EBAY_DE: page 2
EBAY_DE: page 3
EBAY_DE: page 4
EBAY_DE: page 5
EBAY_DE: fetched 1000 items
Inserted 3839 into temp db.
Fetched and saved 3839 summaries
History rows inserted: 322
Marked 0 listings as sold.
Marked 138 listings as ended.
Finished main_fetch.py job
2026-08-20 00:30:04 - Starting main_fetch.py job
EBAY_US: page 1
EBAY_US: page 2
EBAY_US: page 3
EBAY_US: page 4
EBAY_US: page 5
EBAY_US: fetched 1000 items
EBAY_AU: page 1
EBAY_AU: page 2
EBAY_AU: page 3
EBAY_AU: page 4
EBAY_AU: page 5
EBAY_AU: fetched 1000 items
EBAY_GB: page 1
EBAY_GB: page 2
EBAY_GB: page 3
EBAY_GB: page 4
EBAY_GB: page 5
EBAY_GB: fetched 1000 items
EBAY_DE: page 1
EBAY_DE: page 2
EBAY_DE: page 3
EBAY_DE: page 4
EBAY_DE: page 5
EBAY_DE: fetched 1000 items
Inserted 3982 into temp db.
Fetched and saved 3982 summaries
History rows inserted: 174
Marked 0 listings as sold.
Marked 391 listings as ended.
Finished main_fetch.py job
2026-08-20 04:30:04 - Starting main_fetch.py job
EBAY_US: page 1
EBAY_US: page 2
EBAY_US: page 3
EBAY_US: page 4
EBAY_US: page 5
EBAY_US: fetched 1000 items
EBAY_AU: page 1
EBAY_AU: page 2
EBAY_AU: page 3
EBAY_AU: page 4
EBAY_AU: page 5
EBAY_AU: fetched 1000 items
EBAY_GB: page 1
EBAY_GB: page 2
EBAY_GB: page 3
EBAY_GB: page 4
EBAY_GB: page 5
EBAY_GB: fetched 1000 items
EBAY_DE: page 1
EBAY_DE: page 2
EBAY_DE: page 3
EBAY_DE: page 4
EBAY_DE: page 5
EBAY_DE: fetched 1000 items
Inserted 3922 into temp db.
Fetched and saved 3922 summaries
History rows inserted: 314
Marked 0 listings as sold.
Marked 331 listings as ended.
Finished main_fetch.py job
2026-08-20 08:30:04 - Starting main_fetch.py job
EBAY_US: page 1
EBAY_US: page 2
EBAY_US: page 3
EBAY_US: page 4
EBAY_US: page 5
EBAY_US: fetched 1000 items
EBAY_AU: page 1
EBAY_AU: page 2
EBAY_AU: page 3
EBAY_AU: page 4
EBAY_AU: page 5
EBAY_AU: fetched 1000 items
EBAY_GB: page 1
EBAY_GB: page 2
EBAY_GB: page 3
EBAY_GB: page 4
EBAY_GB: page 5
EBAY_GB: fetched 1000 items
EBAY_DE: page 1
EBAY_DE: page 2
EBAY_DE: page 3
EBAY_DE: page 4
EBAY_DE: page 5
EBAY_DE: fetched 1000 items
Inserted 3982 into temp db.
Fetched and saved 3982 summaries
History rows inserted: 164
Marked 0 listings as sold.
Marked 338 listings as ended.
Finished main_fetch.py job
2026-08-20 12:30:04 - Starting main_fetch.py job
EBAY_US: page 1
EBAY_US: page 2
EBAY_US: page 3
EBAY_US: page 4
EBAY_US: page 5
EBAY_US: fetched 1000 items
EBAY_AU: page 1
EBAY_AU: page 2
EBAY_AU: page 3
EBAY_AU: page 4
EBAY_AU: page 5
EBAY_AU: fetched 1000 items
EBAY_GB: page 1
EBAY_GB: page 2
EBAY_GB: page 3
EBAY_GB: page 4
EBAY_GB: page 5
EBAY_GB: fetched 1000 items
EBAY_DE: page 1
EBAY_DE: page 2
EBAY_DE: page 3
EBAY_DE: page 4
EBAY_DE: page 5
EBAY_DE: fetched 1000 items
Inserted 3977 into temp db.
Fetched and saved 3977 summaries
History rows inserted: 298
Marked 0 listings as sold.
Marked 200 listings as ended.
Finished main_fetch.py job
2026-08-20 16:30:04 - Starting main_fetch.py job
EBAY_US: page 1
EBAY_US: page 2
EBAY_US: page 3
EBAY_US: page 4
EBAY_US: page 5
EBAY_US: fetched 1000 items
EBAY_AU: page 1
EBAY_AU: page 2
EBAY_AU: page 3
EBAY_AU: page 4
EBAY_AU: page 5
EBAY_AU: fetched 1000 items
EBAY_GB: page 1
EBAY_GB: page 2
EBAY_GB: page 3
EBAY_GB: page 4
EBAY_GB: page 5
EBAY_GB: fetched 1000 items
EBAY_DE: page 1
EBAY_DE: page 2
EBAY_DE: page 3
EBAY_DE: page 4
EBAY_DE: page 5
EBAY_DE: fetched 1000 items
Inserted 3984 into temp db.
Fetched and saved 3984 summaries
History rows inserted: 154
Marked 0 listings as sold.
Marked 394 listings as ended.
Finished main_fetch.py job
2026-08-20 20:30:04 - Starting main_fetch.py job
EBAY_US: page 1
EBAY_US: page 2
EBAY_US: page 3
EBAY_US: page 4
EBAY_US: page 5
EBAY_US: fetched 1000 items
EBAY_AU: page 1
EBAY_AU: page 2
EBAY_AU: page 3
EBAY_AU: page 4
EBAY_AU: page 5
EBAY_AU: fetched 1000 items
EBAY_GB: page 1
EBAY_GB: page 2
EBAY_GB: page 3
EBAY_GB: page 4
EBAY_GB: page 5
EBAY_GB: fetched 1000 items
EBAY_DE: page 1
EBAY_DE: page 2
EBAY_DE: page 3
EBAY_DE: page 4
EBAY_DE: page 5
EBAY_DE: fetched 1000 items
Inserted 3901 into temp db.
Fetched and saved 3901 summaries
History rows inserted: 232
Marked 0 listings as sold.
Marked 235 listings as ended.
Finished main_fetch.py job
2026-08-21 00:30:03 - Starting main_fetch.py job
EBAY_US: page 1
EBAY_US: page 2
EBAY_US: page 3
EBAY_US: page 4
EBAY_US: page 5
EBAY_US: fetched 1000 items
EBAY_AU: page 1
EBAY_AU: page 2
EBAY_AU: page 3
EBAY_AU: page 4
EBAY_AU: page 5
EBAY_AU: fetched 1000 items
EBAY_GB: page 1
EBAY_GB: page 2
EBAY_GB: page 3
EBAY_GB: page 4
EBAY_GB: page 5
EBAY_GB: fetched 1000 items
EBAY_DE: page 1
EBAY_DE: page 2
EBAY_DE: page 3
EBAY_DE: page 4
EBAY_DE: page 5
EBAY_DE: fetched 1000 items
Inserted 3961 into temp db.
Fetched and saved 3961 summaries
History rows inserted: 135
Marked 0 listings as sold.
Marked 479 listings as ended.
Finished main_fetch.py job
2026-08-21 04:30:04 - Starting main_fetch.py job
EBAY_US: page 1
EBAY_US: page 2
EBAY_US: page 3
EBAY_US: page 4
EBAY_US: page 5
EBAY_US: fetched 1000 items
EBAY_AU: page 1
EBAY_AU: page 2
EBAY_AU: page 3
EBAY_AU: page 4
EBAY_AU: page 5
EBAY_AU: fetched 1000 items
EBAY_GB: page 1
EBAY_GB: page 2
EBAY_GB: page 3
EBAY_GB: page 4
EBAY_GB: page 5
EBAY_GB: fetched 1000 items
EBAY_DE: page 1
EBAY_DE: page 2
EBAY_DE: page 3
EBAY_DE: page 4
EBAY_DE: page 5
EBAY_DE: fetched 1000 items
Inserted 3893 into temp db.
Fetched and saved 3893 summaries
History rows inserted: 288
Marked 0 listings as sold.
Marked 191 listings as ended.
Finished main_fetch.py job
2026-08-21 08:30:04 - Starting main_fetch.py job
EBAY_US: page 1
EBAY_US: page 2
EBAY_US: page 3
EBAY_US: page 4
EBAY_US: page 5
EBAY_US: fetched 1000 items
EBAY_AU: page 1
EBAY_AU: page 2
EBAY_AU: page 3
EBAY_AU: page 4
EBAY_AU: page 5
EBAY_AU: fetched 1000 items
EBAY_GB: page 1
EBAY_GB: page 2
EBAY_GB: page 3
EBAY_GB: page 4
EBAY_GB: page 5
EBAY_GB: fetched 1000 items
EBAY_DE: page 1
EBAY_DE: page 2
EBAY_DE: page 3
EBAY_DE: page 4
EBAY_DE: page 5
EBAY_DE: fetched 1000 items
Inserted 3879 into temp db.
Fetched and saved 3879 summaries
History rows inserted: 173
Marked 0 listings as sold.
Marked 357 listings as ended.
Finished main_fetch.py job
2026-08-21 12:30:04 - Starting main_fetch.py job
EBAY_US: page 1
EBAY_US: page 2
EBAY_US: page 3
EBAY_US: page 4
EBAY_US: page 5
EBAY_US: fetched 1000 items
EBAY_AU: page 1
EBAY_AU: page 2
EBAY_AU: page 3
EBAY_AU: page 4
EBAY_AU: page 5
EBAY_AU: fetched 1000 items
EBAY_GB: page 1
EBAY_GB: page 2
EBAY_GB: page 3
EBAY_GB: page 4
EBAY_GB: page 5
EBAY_GB: fetched 1000 items
EBAY_DE: page 1
EBAY_DE: page 2
EBAY_DE: page 3
EBAY_DE: page 4
EBAY_DE: page 5
EBAY_DE: fetched 1000 items
Inserted 3863 into temp db.
Fetched and saved 3863 summaries
History rows inserted: 290
Marked 0 listings as sold.
Marked 212 listings as ended.
Finished main_fetch.py job
2026-08-21 16:30:04 - Starting main_fetch.py job
EBAY_US: page 1
EBAY_US: page 2
EBAY_US: page 3
EBAY_US: page 4
EBAY_US: page 5
EBAY_US: fetched 1000 items
EBAY_AU: page 1
EBAY_AU: page 2
EBAY_AU: page 3
EBAY_AU: page 4
EBAY_AU: page 5
EBAY_AU: fetched 1000 items
EBAY_GB: page 1
EBAY_GB: page 2
EBAY_GB: page 3
EBAY_GB: page 4
EBAY_GB: page 5
EBAY_GB: fetched 1000 items
EBAY_DE: page 1
EBAY_DE: page 2
EBAY_DE: page 3
EBAY_DE: page 4
EBAY_DE: page 5
EBAY_DE: fetched 1000 items
Inserted 3958 into temp db.
Fetched and saved 3958 summaries
History rows inserted: 176
Marked 0 listings as sold.
Marked 420 listings as ended.
Finished main_fetch.py job
2026-08-21 20:30:03 - Starting main_fetch.py job
EBAY_US: page 1
EBAY_US: page 2
EBAY_US: page 3
EBAY_US: page 4
EBAY_US: page 5
EBAY_US: fetched 1000 items
EBAY_AU: page 1
EBAY_AU: page 2
EBAY_AU: page 3
EBAY_AU: page 4
EBAY_AU: page 5
EBAY_AU: fetched 1000 items
EBAY_GB: page 1
EBAY_GB: page 2
EBAY_GB: page 3
EBAY_GB: page 4
EBAY_GB: page 5
EBAY_GB: fetched 1000 items
EBAY_DE: page 1
EBAY_DE: page 2
EBAY_DE: page 3
EBAY_DE: page 4
EBAY_DE: page 5
EBAY_DE: fetched 1000 items
Inserted 3854 into temp db.
Fetched and saved 3854 summaries
History rows inserted: 275
Marked 0 listings as sold.
Marked 265 listings as ended.
Finished main_fetch.py job
2026-08-22 00:30:04 - Starting main_fetch.py job
EBAY_US: page 1
EBAY_US: page 2
EBAY_US: page 3
EBAY_US: page 4
EBAY_US: page 5
EBAY_US: fetched 1000 items
EBAY_AU: page 1
EBAY_AU: page 2
EBAY_AU: page 3
EBAY_AU: page 4
EBAY_AU: page 5
EBAY_AU: fetched 1000 items
EBAY_GB: page 1
EBAY_GB: page 2
EBAY_GB: page 3
EBAY_GB: page 4
EBAY_GB: page 5
EBAY_GB: fetched 1000 items
EBAY_DE: page 1
EBAY_DE: page 2
EBAY_DE: page 3
EBAY_DE: page 4
EBAY_DE: page 5
EBAY_DE: fetched 1000 items
Inserted 3917 into temp db.
Fetched and saved 3917 summaries
History rows inserted: 169
Marked 0 listings as sold.
Marked 418 listings as ended.
Finished main_fetch.py job
2026-08-22 04:30:04 - Starting main_fetch.py job
EBAY_US: page 1
EBAY_US: page 2
EBAY_US: page 3
EBAY_US: page 4
EBAY_US: page 5
EBAY_US: fetched 1000 items
EBAY_AU: page 1
EBAY_AU: page 2
EBAY_AU: page 3
EBAY_AU: page 4
EBAY_AU: page 5
EBAY_AU: fetched 1000 items
EBAY_GB: page 1
EBAY_GB: page 2
EBAY_GB: page 3
EBAY_GB: page 4
EBAY_GB: page 5
EBAY_GB: fetched 1000 items
EBAY_DE: page 1
EBAY_DE: page 2
EBAY_DE: page 3
EBAY_DE: page 4
EBAY_DE: page 5
EBAY_DE: fetched 1000 items
Inserted 3899 into temp db.
Fetched and saved 3899 summaries
History rows inserted: 383
Marked 0 listings as sold.
Marked 216 listings as ended.
Finished main_fetch.py job
2026-08-22 08:30:04 - Starting main_fetch.py job
EBAY_US: page 1
EBAY_US: page 2
EBAY_US: page 3
EBAY_US: page 4
EBAY_US: page 5
EBAY_US: fetched 1000 items
EBAY_AU: page 1
EBAY_AU: page 2
EBAY_AU: page 3
EBAY_AU: page 4
EBAY_AU: page 5
EBAY_AU: fetched 1000 items
EBAY_GB: page 1
EBAY_GB: page 2
EBAY_GB: page 3
EBAY_GB: page 4
EBAY_GB: page 5
EBAY_GB: fetched 1000 items
EBAY_DE: page 1
EBAY_DE: page 2
EBAY_DE: page 3
EBAY_DE: page 4
EBAY_DE: page 5
EBAY_DE: fetched 1000 items
Inserted 3964 into temp db.
Fetched and saved 3964 summaries
History rows inserted: 230
Marked 0 listings as sold.
Marked 318 listings as ended.
Finished main_fetch.py job
2026-08-22 12:30:04 - Starting main_fetch.py job
EBAY_US: page 1
EBAY_US: page 2
EBAY_US: page 3
EBAY_US: page 4
EBAY_US: page 5
EBAY_US: fetched 1000 items
EBAY_AU: page 1
EBAY_AU: page 2
EBAY_AU: page 3
EBAY_AU: page 4
EBAY_AU: page 5
EBAY_AU: fetched 1000 items
EBAY_GB: page 1
EBAY_GB: page 2
EBAY_GB: page 3
EBAY_GB: page 4
EBAY_GB: page 5
EBAY_GB: fetched 1000 items
EBAY_DE: page 1
EBAY_DE: page 2
EBAY_DE: page 3
EBAY_DE: page 4
EBAY_DE: page 5
EBAY_DE: fetched 1000 items
Inserted 3902 into temp db.
Fetched and saved 3902 summaries
History rows inserted: 269
Marked 0 listings as sold.
Marked 164 listings as ended.
Finished main_fetch.py job
2026-08-22 16:30:03 - Starting main_fetch.py job
EBAY_US: page 1
EBAY_US: page 2
EBAY_US: page 3
EBAY_US: page 4
EBAY_US: page 5
EBAY_US: fetched 1000 items
EBAY_AU: page 1
EBAY_AU: page 2
EBAY_AU: page 3
EBAY_AU: page 4
EBAY_AU: page 5
EBAY_AU: fetched 1000 items
EBAY_GB: page 1
EBAY_GB: page 2
EBAY_GB: page 3
EBAY_GB: page 4
EBAY_GB: page 5
EBAY_GB: fetched 1000 items
EBAY_DE: page 1
EBAY_DE: page 2
EBAY_DE: page 3
EBAY_DE: page 4
EBAY_DE: page 5
EBAY_DE: fetched 1000 items
Inserted 3983 into temp db.
Fetched and saved 3983 summaries
History rows inserted: 170
Marked 0 listings as sold.
Marked 318 listings as ended.
Finished main_fetch.py job
2026-08-22 20:30:04 - Starting main_fetch.py job
EBAY_US: page 1
EBAY_US: page 2
EBAY_US: page 3
EBAY_US: page 4
EBAY_US: page 5
EBAY_US: fetched 1000 items
EBAY_AU: page 1
EBAY_AU: page 2
EBAY_AU: page 3
EBAY_AU: page 4
EBAY_AU: page 5
EBAY_AU: fetched 1000 items
EBAY_GB: page 1
EBAY_GB: page 2
EBAY_GB: page 3
EBAY_GB: page 4
EBAY_GB: page 5
EBAY_GB: fetched 1000 items
EBAY_DE: page 1
EBAY_DE: page 2
EBAY_DE: page 3
EBAY_DE: page 4
EBAY_DE: page 5
EBAY_DE: fetched 1000 items
Inserted 3770 into temp db.
Fetched and saved 3770 summaries
History rows inserted: 222
Marked 0 listings as sold.
Marked 149 listings as ended.
Finished main_fetch.py job
2026-08-23 00:30:04 - Starting main_fetch.py job
EBAY_US: page 1
EBAY_US: page 2
EBAY_US: page 3
EBAY_US: page 4
EBAY_US: fetched 799 items
EBAY_AU: page 1
EBAY_AU: page 2
EBAY_AU: page 3
EBAY_AU: page 4
EBAY_AU: page 5
EBAY_AU: fetched 1000 items
EBAY_GB: page 1
EBAY_GB: page 2
EBAY_GB: page 3
EBAY_GB: page 4
EBAY_GB: page 5
EBAY_GB: fetched 1000 items
EBAY_DE: page 1
EBAY_DE: page 2
EBAY_DE: page 3
EBAY_DE: page 4
EBAY_DE: page 5
EBAY_DE: fetched 1000 items
Inserted 3582 into temp db.
Fetched and saved 3582 summaries
History rows inserted: 179
Marked 0 listings as sold.
Marked 444 listings as ended.
Finished main_fetch.py job
2026-08-23 04:30:03 - Starting main_fetch.py job
EBAY_US: page 1
EBAY_US: page 2
EBAY_US: page 3
EBAY_US: page 4
EBAY_US: page 5
EBAY_US: fetched 1000 items
EBAY_AU: page 1
EBAY_AU: page 2
EBAY_AU: page 3
EBAY_AU: page 4
EBAY_AU: page 5
EBAY_AU: fetched 1000 items
EBAY_GB: page 1
EBAY_GB: page 2
EBAY_GB: page 3
EBAY_GB: page 4
EBAY_GB: page 5
EBAY_GB: fetched 1000 items
EBAY_DE: page 1
EBAY_DE: page 2
EBAY_DE: page 3
EBAY_DE: page 4
EBAY_DE: page 5
EBAY_DE: fetched 1000 items
Inserted 3845 into temp db.
Fetched and saved 3845 summaries
History rows inserted: 343
Marked 0 listings as sold.
Marked 219 listings as ended.
Finished main_fetch.py job
2026-08-23 08:30:04 - Starting main_fetch.py job
EBAY_US: page 1
EBAY_US: page 2
EBAY_US: page 3
EBAY_US: page 4
EBAY_US: page 5
EBAY_US: fetched 1000 items
EBAY_AU: page 1
EBAY_AU: page 2
EBAY_AU: page 3
EBAY_AU: page 4
EBAY_AU: page 5
EBAY_AU: fetched 1000 items
EBAY_GB: page 1
EBAY_GB: page 2
EBAY_GB: page 3
EBAY_GB: page 4
EBAY_GB: page 5
EBAY_GB: fetched 1000 items
EBAY_DE: page 1
EBAY_DE: page 2
EBAY_DE: page 3
EBAY_DE: page 4
EBAY_DE: page 5
EBAY_DE: fetched 1000 items
Inserted 3979 into temp db.
Fetched and saved 3979 summaries
History rows inserted: 165
Marked 0 listings as sold.
Marked 346 listings as ended.
Finished main_fetch.py job
2026-08-23 12:30:04 - Starting main_fetch.py job
EBAY_US: page 1
EBAY_US: page 2
EBAY_US: page 3
EBAY_US: page 4
EBAY_US: page 5
EBAY_US: fetched 1000 items
EBAY_AU: page 1
EBAY_AU: page 2
EBAY_AU: page 3
EBAY_AU: page 4
EBAY_AU: page 5
EBAY_AU: fetched 1000 items
EBAY_GB: page 1
EBAY_GB: page 2
EBAY_GB: page 3
EBAY_GB: page 4
EBAY_GB: page 5
EBAY_GB: fetched 1000 items
EBAY_DE: page 1
EBAY_DE: page 2
EBAY_DE: page 3
EBAY_DE: page 4
EBAY_DE: page 5
EBAY_DE: fetched 1000 items
Inserted 3942 into temp db.
Fetched and saved 3942 summaries
History rows inserted: 274
Marked 0 listings as sold.
Marked 231 listings as ended.
Finished main_fetch.py job
